2025-12-21 09:21:51: Server: SSH-2.0-OpenSSH_9.6p1 Ubuntu-3ubuntu13.14
2025-12-21 09:21:51: Server KEXes: sntrup761x25519-sha512@openssh.com,curve25519-sha256,curve25519-sha256@libssh.org,ecdh-sha2-nistp256,ecdh-sha2-nistp384,ecdh-sha2-nistp521,diffie-hellman-group-exchange-sha256,diffie-hellman-group16-sha512,diffie-hellman-group18-sha512,diffie-hellman-group14-sha256,ext-info-s,kex-strict-s-v00@openssh.com
2025-12-21 09:21:51: Server Host Keys: rsa-sha2-512,rsa-sha2-256,ecdsa-sha2-nistp256,ssh-ed25519
2025-12-21 09:21:51: Chosen Host Key: ssh-ed25519
2025-12-21 09:21:51: Ciphers: chacha20-poly1305@openssh.com,aes128-ctr,aes192-ctr,aes256-ctr,aes128-gcm@openssh.com,aes256-gcm@openssh.com
2025-12-21 09:21:51: MACs: umac-64-etm@openssh.com,umac-128-etm@openssh.com,hmac-sha2-256-etm@openssh.com,hmac-sha2-512-etm@openssh.com,hmac-sha1-etm@openssh.com,umac-64@openssh.com,umac-128@openssh.com,hmac-sha2-256,hmac-sha2-512,hmac-sha1
2025-12-21 09:21:51: Auth: start: publickey
2025-12-21 09:21:51: Auth: publickey: no keys available
2025-12-21 09:21:51: Auth: start: password
2025-12-21 09:21:52: -- Analysis Started by On File Change, After Delay
2025-12-21 09:21:52: /.git: Conflict: File Modified on Both Sides
2025-12-21 09:21:52: /.git/logs: Conflict: File Modified on Both Sides
2025-12-21 09:21:52: /.git/logs/refs: Conflict: File Modified on Both Sides
2025-12-21 09:21:52: /.git/logs/refs/heads: Conflict: File Modified on Both Sides
2025-12-21 09:21:52: /.git/logs/refs/remotes: Conflict: File Modified on Both Sides
2025-12-21 09:21:52: /.git/logs/refs/remotes/PropulsionSystem: Conflict: File Modified on Both Sides
2025-12-21 09:21:52: /.git/objects: Conflict: File Modified on Both Sides
2025-12-21 09:21:52: /.git/objects/00: Conflict: File Modified on Both Sides
2025-12-21 09:21:52: /.git/objects/01: Conflict: File Modified on Both Sides
2025-12-21 09:21:52: /.git/objects/02: Conflict: File Modified on Both Sides
2025-12-21 09:21:52: /.git/objects/03: Conflict: File Modified on Both Sides
2025-12-21 09:21:52: /.git/objects/04: Conflict: File Modified on Both Sides
2025-12-21 09:21:52: /.git/objects/05: Conflict: File Modified on Both Sides
2025-12-21 09:21:52: /.git/objects/06: Conflict: File Modified on Both Sides
2025-12-21 09:21:52: /.git/objects/07: Conflict: File Modified on Both Sides
2025-12-21 09:21:52: /.git/objects/08: Conflict: File Modified on Both Sides
2025-12-21 09:21:52: /.git/objects/09: Conflict: File Modified on Both Sides
2025-12-21 09:21:52: /.git/objects/0b: Conflict: File Modified on Both Sides
2025-12-21 09:21:52: /.git/objects/0c: Conflict: File Modified on Both Sides
2025-12-21 09:21:52: /.git/objects/0d: Conflict: File Modified on Both Sides
2025-12-21 09:21:52: /.git/objects/0e: Conflict: File Modified on Both Sides
2025-12-21 09:21:52: /.git/objects/0f: Conflict: File Modified on Both Sides
2025-12-21 09:21:52: /.git/objects/11: Conflict: File Modified on Both Sides
2025-12-21 09:21:52: /.git/objects/12: Conflict: File Modified on Both Sides
2025-12-21 09:21:52: /.git/objects/13: Conflict: File Modified on Both Sides
2025-12-21 09:21:52: /.git/objects/14: Conflict: File Modified on Both Sides
2025-12-21 09:21:52: /.git/objects/15: Conflict: File Modified on Both Sides
2025-12-21 09:21:52: /.git/objects/16: Conflict: File Modified on Both Sides
2025-12-21 09:21:52: /.git/objects/17: Conflict: File Modified on Both Sides
2025-12-21 09:21:52: /.git/objects/18: Conflict: File Modified on Both Sides
2025-12-21 09:21:52: /.git/objects/19: Conflict: File Modified on Both Sides
2025-12-21 09:21:52: /.git/objects/1a: Conflict: File Modified on Both Sides
2025-12-21 09:21:52: /.git/objects/1b: Conflict: File Modified on Both Sides
2025-12-21 09:21:52: /.git/objects/1c: Conflict: File Modified on Both Sides
2025-12-21 09:21:52: /.git/objects/1d: Conflict: File Modified on Both Sides
2025-12-21 09:21:52: /.git/objects/1f: Conflict: File Modified on Both Sides
2025-12-21 09:21:52: /.git/objects/21: Conflict: File Modified on Both Sides
2025-12-21 09:21:52: /.git/objects/22: Conflict: File Modified on Both Sides
2025-12-21 09:21:52: /.git/objects/23: Conflict: File Modified on Both Sides
2025-12-21 09:21:52: /.git/objects/24: Conflict: File Modified on Both Sides
2025-12-21 09:21:52: /.git/objects/25: Conflict: File Modified on Both Sides
2025-12-21 09:21:52: /.git/objects/26: Conflict: File Modified on Both Sides
2025-12-21 09:21:52: /.git/objects/27: Conflict: File Modified on Both Sides
2025-12-21 09:21:52: /.git/objects/28: Conflict: File Modified on Both Sides
2025-12-21 09:21:52: /.git/objects/2a: Conflict: File Modified on Both Sides
2025-12-21 09:21:52: /.git/objects/2b: Conflict: File Modified on Both Sides
2025-12-21 09:21:52: /.git/objects/2c: Conflict: File Modified on Both Sides
2025-12-21 09:21:52: /.git/objects/2e: Conflict: File Modified on Both Sides
2025-12-21 09:21:52: /.git/objects/2f: Conflict: File Modified on Both Sides
2025-12-21 09:21:52: /.git/objects/30: Conflict: File Modified on Both Sides
2025-12-21 09:21:52: /.git/objects/31: Conflict: File Modified on Both Sides
2025-12-21 09:21:52: /.git/objects/32: Conflict: File Modified on Both Sides
2025-12-21 09:21:52: /.git/objects/34: Conflict: File Modified on Both Sides
2025-12-21 09:21:52: /.git/objects/35: Conflict: File Modified on Both Sides
2025-12-21 09:21:52: /.git/objects/37: Conflict: File Modified on Both Sides
2025-12-21 09:21:52: /.git/objects/38: Conflict: File Modified on Both Sides
2025-12-21 09:21:52: /.git/objects/39: Conflict: File Modified on Both Sides
2025-12-21 09:21:52: /.git/objects/3a: Conflict: File Modified on Both Sides
2025-12-21 09:21:52: /.git/objects/3b: Conflict: File Modified on Both Sides
2025-12-21 09:21:52: /.git/objects/3c: Conflict: File Modified on Both Sides
2025-12-21 09:21:52: /.git/objects/3d: Conflict: File Modified on Both Sides
2025-12-21 09:21:52: /.git/objects/3f: Conflict: File Modified on Both Sides
2025-12-21 09:21:52: /.git/objects/40: Conflict: File Modified on Both Sides
2025-12-21 09:21:52: /.git/objects/41: Conflict: File Modified on Both Sides
2025-12-21 09:21:52: /.git/objects/42: Conflict: File Modified on Both Sides
2025-12-21 09:21:52: /.git/objects/45: Conflict: File Modified on Both Sides
2025-12-21 09:21:52: /.git/objects/46: Conflict: File Modified on Both Sides
2025-12-21 09:21:52: /.git/objects/47: Conflict: File Modified on Both Sides
2025-12-21 09:21:52: /.git/objects/48: Conflict: File Modified on Both Sides
2025-12-21 09:21:52: /.git/objects/49: Conflict: File Modified on Both Sides
2025-12-21 09:21:52: /.git/objects/4a: Conflict: File Modified on Both Sides
2025-12-21 09:21:52: /.git/objects/4b: Conflict: File Modified on Both Sides
2025-12-21 09:21:52: /.git/objects/4c: Conflict: File Modified on Both Sides
2025-12-21 09:21:52: /.git/objects/4d: Conflict: File Modified on Both Sides
2025-12-21 09:21:52: /.git/objects/4e: Conflict: File Modified on Both Sides
2025-12-21 09:21:52: /.git/objects/4f: Conflict: File Modified on Both Sides
2025-12-21 09:21:52: /.git/objects/50: Conflict: File Modified on Both Sides
2025-12-21 09:21:52: /.git/objects/51: Conflict: File Modified on Both Sides
2025-12-21 09:21:52: /.git/objects/52: Conflict: File Modified on Both Sides
2025-12-21 09:21:52: /.git/objects/53: Conflict: File Modified on Both Sides
2025-12-21 09:21:52: /.git/objects/54: Conflict: File Modified on Both Sides
2025-12-21 09:21:52: /.git/objects/55: Conflict: File Modified on Both Sides
2025-12-21 09:21:52: /.git/objects/56: Conflict: File Modified on Both Sides
2025-12-21 09:21:52: /.git/objects/57: Conflict: File Modified on Both Sides
2025-12-21 09:21:52: /.git/objects/58: Conflict: File Modified on Both Sides
2025-12-21 09:21:52: /.git/objects/5a: Conflict: File Modified on Both Sides
2025-12-21 09:21:52: /.git/objects/5c: Conflict: File Modified on Both Sides
2025-12-21 09:21:52: /.git/objects/5e: Conflict: File Modified on Both Sides
2025-12-21 09:21:52: /.git/objects/5f: Conflict: File Modified on Both Sides
2025-12-21 09:21:52: /.git/objects/60: Conflict: File Modified on Both Sides
2025-12-21 09:21:52: /.git/objects/61: Conflict: File Modified on Both Sides
2025-12-21 09:21:52: /.git/objects/64: Conflict: File Modified on Both Sides
2025-12-21 09:21:52: /.git/objects/65: Conflict: File Modified on Both Sides
2025-12-21 09:21:52: /.git/objects/66: Conflict: File Modified on Both Sides
2025-12-21 09:21:52: /.git/objects/67: Conflict: File Modified on Both Sides
2025-12-21 09:21:52: /.git/objects/68: Conflict: File Modified on Both Sides
2025-12-21 09:21:52: /.git/objects/69: Conflict: File Modified on Both Sides
2025-12-21 09:21:52: /.git/objects/6a: Conflict: File Modified on Both Sides
2025-12-21 09:21:52: /.git/objects/6c: Conflict: File Modified on Both Sides
2025-12-21 09:21:52: /.git/objects/6d: Conflict: File Modified on Both Sides
2025-12-21 09:21:52: /.git/objects/6e: Conflict: File Modified on Both Sides
2025-12-21 09:21:52: /.git/objects/6f: Conflict: File Modified on Both Sides
2025-12-21 09:21:52: /.git/objects/71: Conflict: File Modified on Both Sides
2025-12-21 09:21:52: /.git/objects/72: Conflict: File Modified on Both Sides
2025-12-21 09:21:52: /.git/objects/73: Conflict: File Modified on Both Sides
2025-12-21 09:21:52: /.git/objects/74: Conflict: File Modified on Both Sides
2025-12-21 09:21:52: /.git/objects/75: Conflict: File Modified on Both Sides
2025-12-21 09:21:52: /.git/objects/76: Conflict: File Modified on Both Sides
2025-12-21 09:21:52: /.git/objects/77: Conflict: File Modified on Both Sides
2025-12-21 09:21:52: /.git/objects/78: Conflict: File Modified on Both Sides
2025-12-21 09:21:52: /.git/objects/79: Conflict: File Modified on Both Sides
2025-12-21 09:21:52: /.git/objects/7a: Conflict: File Modified on Both Sides
2025-12-21 09:21:52: /.git/objects/7c: Conflict: File Modified on Both Sides
2025-12-21 09:21:52: /.git/objects/7d: Conflict: File Modified on Both Sides
2025-12-21 09:21:52: /.git/objects/7e: Conflict: File Modified on Both Sides
2025-12-21 09:21:52: /.git/objects/7f: Conflict: File Modified on Both Sides
2025-12-21 09:21:52: /.git/objects/80: Conflict: File Modified on Both Sides
2025-12-21 09:21:52: /.git/objects/81: Conflict: File Modified on Both Sides
2025-12-21 09:21:52: /.git/objects/82: Conflict: File Modified on Both Sides
2025-12-21 09:21:52: /.git/objects/83: Conflict: File Modified on Both Sides
2025-12-21 09:21:52: /.git/objects/84: Conflict: File Modified on Both Sides
2025-12-21 09:21:52: /.git/objects/85: Conflict: File Modified on Both Sides
2025-12-21 09:21:52: /.git/objects/86: Conflict: File Modified on Both Sides
2025-12-21 09:21:52: /.git/objects/87: Conflict: File Modified on Both Sides
2025-12-21 09:21:52: /.git/objects/88: Conflict: File Modified on Both Sides
2025-12-21 09:21:52: /.git/objects/89: Conflict: File Modified on Both Sides
2025-12-21 09:21:52: /.git/objects/8a: Conflict: File Modified on Both Sides
2025-12-21 09:21:52: /.git/objects/8b: Conflict: File Modified on Both Sides
2025-12-21 09:21:52: /.git/objects/8c: Conflict: File Modified on Both Sides
2025-12-21 09:21:52: /.git/objects/8d: Conflict: File Modified on Both Sides
2025-12-21 09:21:52: /.git/objects/8f: Conflict: File Modified on Both Sides
2025-12-21 09:21:52: /.git/objects/90: Conflict: File Modified on Both Sides
2025-12-21 09:21:52: /.git/objects/91: Conflict: File Modified on Both Sides
2025-12-21 09:21:52: /.git/objects/92: Conflict: File Modified on Both Sides
2025-12-21 09:21:52: /.git/objects/93: Conflict: File Modified on Both Sides
2025-12-21 09:21:52: /.git/objects/94: Conflict: File Modified on Both Sides
2025-12-21 09:21:52: /.git/objects/95: Conflict: File Modified on Both Sides
2025-12-21 09:21:52: /.git/objects/96: Conflict: File Modified on Both Sides
2025-12-21 09:21:52: /.git/objects/97: Conflict: File Modified on Both Sides
2025-12-21 09:21:52: /.git/objects/98: Conflict: File Modified on Both Sides
2025-12-21 09:21:52: /.git/objects/9a: Conflict: File Modified on Both Sides
2025-12-21 09:21:52: /.git/objects/9b: Conflict: File Modified on Both Sides
2025-12-21 09:21:52: /.git/objects/9c: Conflict: File Modified on Both Sides
2025-12-21 09:21:52: /.git/objects/9d: Conflict: File Modified on Both Sides
2025-12-21 09:21:52: /.git/objects/9e: Conflict: File Modified on Both Sides
2025-12-21 09:21:52: /.git/objects/9f: Conflict: File Modified on Both Sides
2025-12-21 09:21:52: /.git/objects/a0: Conflict: File Modified on Both Sides
2025-12-21 09:21:52: /.git/objects/a1: Conflict: File Modified on Both Sides
2025-12-21 09:21:52: /.git/objects/a2: Conflict: File Modified on Both Sides
2025-12-21 09:21:52: /.git/objects/a3: Conflict: File Modified on Both Sides
2025-12-21 09:21:52: /.git/objects/a4: Conflict: File Modified on Both Sides
2025-12-21 09:21:52: /.git/objects/a5: Conflict: File Modified on Both Sides
2025-12-21 09:21:52: /.git/objects/a6: Conflict: File Modified on Both Sides
2025-12-21 09:21:52: /.git/objects/a7: Conflict: File Modified on Both Sides
2025-12-21 09:21:52: /.git/objects/a8: Conflict: File Modified on Both Sides
2025-12-21 09:21:52: /.git/objects/a9: Conflict: File Modified on Both Sides
2025-12-21 09:21:52: /.git/objects/aa: Conflict: File Modified on Both Sides
2025-12-21 09:21:52: /.git/objects/ab: Conflict: File Modified on Both Sides
2025-12-21 09:21:52: /.git/objects/ad: Conflict: File Modified on Both Sides
2025-12-21 09:21:52: /.git/objects/af: Conflict: File Modified on Both Sides
2025-12-21 09:21:52: /.git/objects/b0: Conflict: File Modified on Both Sides
2025-12-21 09:21:52: /.git/objects/b2: Conflict: File Modified on Both Sides
2025-12-21 09:21:52: /.git/objects/b3: Conflict: File Modified on Both Sides
2025-12-21 09:21:52: /.git/objects/b4: Conflict: File Modified on Both Sides
2025-12-21 09:21:52: /.git/objects/b5: Conflict: File Modified on Both Sides
2025-12-21 09:21:52: /.git/objects/b6: Conflict: File Modified on Both Sides
2025-12-21 09:21:52: /.git/objects/b7: Conflict: File Modified on Both Sides
2025-12-21 09:21:52: /.git/objects/b8: Conflict: File Modified on Both Sides
2025-12-21 09:21:52: /.git/objects/b9: Conflict: File Modified on Both Sides
2025-12-21 09:21:52: /.git/objects/ba: Conflict: File Modified on Both Sides
2025-12-21 09:21:52: /.git/objects/bb: Conflict: File Modified on Both Sides
2025-12-21 09:21:52: /.git/objects/bd: Conflict: File Modified on Both Sides
2025-12-21 09:21:52: /.git/objects/be: Conflict: File Modified on Both Sides
2025-12-21 09:21:52: /.git/objects/bf: Conflict: File Modified on Both Sides
2025-12-21 09:21:52: /.git/objects/c0: Conflict: File Modified on Both Sides
2025-12-21 09:21:52: /.git/objects/c1: Conflict: File Modified on Both Sides
2025-12-21 09:21:52: /.git/objects/c2: Conflict: File Modified on Both Sides
2025-12-21 09:21:52: /.git/objects/c3: Conflict: File Modified on Both Sides
2025-12-21 09:21:52: /.git/objects/c4: Conflict: File Modified on Both Sides
2025-12-21 09:21:52: /.git/objects/c5: Conflict: File Modified on Both Sides
2025-12-21 09:21:52: /.git/objects/c6: Conflict: File Modified on Both Sides
2025-12-21 09:21:52: /.git/objects/c7: Conflict: File Modified on Both Sides
2025-12-21 09:21:52: /.git/objects/ca: Conflict: File Modified on Both Sides
2025-12-21 09:21:52: /.git/objects/cb: Conflict: File Modified on Both Sides
2025-12-21 09:21:52: /.git/objects/cc: Conflict: File Modified on Both Sides
2025-12-21 09:21:52: /.git/objects/ce: Conflict: File Modified on Both Sides
2025-12-21 09:21:52: /.git/objects/cf: Conflict: File Modified on Both Sides
2025-12-21 09:21:52: /.git/objects/d0: Conflict: File Modified on Both Sides
2025-12-21 09:21:52: /.git/objects/d1: Conflict: File Modified on Both Sides
2025-12-21 09:21:52: /.git/objects/d2: Conflict: File Modified on Both Sides
2025-12-21 09:21:52: /.git/objects/d3: Conflict: File Modified on Both Sides
2025-12-21 09:21:52: /.git/objects/d4: Conflict: File Modified on Both Sides
2025-12-21 09:21:52: /.git/objects/d5: Conflict: File Modified on Both Sides
2025-12-21 09:21:52: /.git/objects/d6: Conflict: File Modified on Both Sides
2025-12-21 09:21:52: /.git/objects/d8: Conflict: File Modified on Both Sides
2025-12-21 09:21:52: /.git/objects/d9: Conflict: File Modified on Both Sides
2025-12-21 09:21:52: /.git/objects/da: Conflict: File Modified on Both Sides
2025-12-21 09:21:52: /.git/objects/db: Conflict: File Modified on Both Sides
2025-12-21 09:21:52: /.git/objects/dc: Conflict: File Modified on Both Sides
2025-12-21 09:21:52: /.git/objects/dd: Conflict: File Modified on Both Sides
2025-12-21 09:21:52: /.git/objects/de: Conflict: File Modified on Both Sides
2025-12-21 09:21:52: /.git/objects/e0: Conflict: File Modified on Both Sides
2025-12-21 09:21:52: /.git/objects/e1: Conflict: File Modified on Both Sides
2025-12-21 09:21:52: /.git/objects/e2: Conflict: File Modified on Both Sides
2025-12-21 09:21:52: /.git/objects/e3: Conflict: File Modified on Both Sides
2025-12-21 09:21:52: /.git/objects/e4: Conflict: File Modified on Both Sides
2025-12-21 09:21:52: /.git/objects/e5: Conflict: File Modified on Both Sides
2025-12-21 09:21:52: /.git/objects/e6: Conflict: File Modified on Both Sides
2025-12-21 09:21:52: /.git/objects/e7: Conflict: File Modified on Both Sides
2025-12-21 09:21:52: /.git/objects/e8: Conflict: File Modified on Both Sides
2025-12-21 09:21:52: /.git/objects/e9: Conflict: File Modified on Both Sides
2025-12-21 09:21:52: /.git/objects/ea: Conflict: File Modified on Both Sides
2025-12-21 09:21:52: /.git/objects/eb: Conflict: File Modified on Both Sides
2025-12-21 09:21:52: /.git/objects/ec: Conflict: File Modified on Both Sides
2025-12-21 09:21:52: /.git/objects/ed: Conflict: File Modified on Both Sides
2025-12-21 09:21:52: /.git/objects/ef: Conflict: File Modified on Both Sides
2025-12-21 09:21:52: /.git/objects/f0: Conflict: File Modified on Both Sides
2025-12-21 09:21:52: /.git/objects/f1: Conflict: File Modified on Both Sides
2025-12-21 09:21:52: /.git/objects/f2: Conflict: File Modified on Both Sides
2025-12-21 09:21:52: /.git/objects/f3: Conflict: File Modified on Both Sides
2025-12-21 09:21:52: /.git/objects/f5: Conflict: File Modified on Both Sides
2025-12-21 09:21:52: /.git/objects/f6: Conflict: File Modified on Both Sides
2025-12-21 09:21:52: /.git/objects/f7: Conflict: File Modified on Both Sides
2025-12-21 09:21:52: /.git/objects/f8: Conflict: File Modified on Both Sides
2025-12-21 09:21:52: /.git/objects/f9: Conflict: File Modified on Both Sides
2025-12-21 09:21:52: /.git/objects/fa: Conflict: File Modified on Both Sides
2025-12-21 09:21:52: /.git/objects/fb: Conflict: File Modified on Both Sides
2025-12-21 09:21:52: /.git/objects/fc: Conflict: File Modified on Both Sides
2025-12-21 09:21:52: /.git/objects/fd: Conflict: File Modified on Both Sides
2025-12-21 09:21:52: /.git/objects/fe: Conflict: File Modified on Both Sides
2025-12-21 09:21:52: /.git/objects/ff: Conflict: File Modified on Both Sides
2025-12-21 09:21:52: /.git/objects/pack: Conflict: File Modified on Both Sides
2025-12-21 09:21:52: /.git/refs: Conflict: File Modified on Both Sides
2025-12-21 09:21:52: /.git/refs/heads: Conflict: File Modified on Both Sides
2025-12-21 09:21:52: /.git/refs/remotes: Conflict: File Modified on Both Sides
2025-12-21 09:21:52: /.git/refs/remotes/PropulsionSystem: Conflict: File Modified on Both Sides
2025-12-21 09:21:52: /.git/COMMIT_EDITMSG: Parent folder conflict propagated down to children
2025-12-21 09:21:52: /.git/FETCH_HEAD: L:TimeSize<>; Parent folder conflict propagated down to children
2025-12-21 09:21:52: /.git/index: Parent folder conflict propagated down to children
2025-12-21 09:21:52: /.git/logs/HEAD: Parent folder conflict propagated down to children
2025-12-21 09:21:52: /.git/logs/refs/heads/master: Parent folder conflict propagated down to children
2025-12-21 09:21:52: /.git/logs/refs/remotes/PropulsionSystem/master: Parent folder conflict propagated down to children
2025-12-21 09:21:52: /.git/objects/00/17fc2a34f74193b8ed2cbaaa4209eb1b3f6a90: Parent folder conflict propagated down to children
2025-12-21 09:21:52: /.git/objects/00/1ad2f6a9e30b055c0d9a3a8c989f37edd673de: Parent folder conflict propagated down to children
2025-12-21 09:21:52: /.git/objects/00/605045097a9085ca25ed7911dba67f75d794da: Parent folder conflict propagated down to children
2025-12-21 09:21:52: /.git/objects/01/2ddcdef88795e420169fd17d6447ca3f2a77a9: Parent folder conflict propagated down to children
2025-12-21 09:21:52: /.git/objects/01/704306fc5934bd96af32cb5354735cfe2b3fb0: Parent folder conflict propagated down to children
2025-12-21 09:21:52: /.git/objects/01/7485ab45e9c0e670976937fc09d3d17d5599d7: Parent folder conflict propagated down to children
2025-12-21 09:21:52: /.git/objects/01/9b150708deb1da36fc27c47530074b75b103ea: Parent folder conflict propagated down to children
2025-12-21 09:21:52: /.git/objects/01/d3704e06175dd2f07b83067157153c63ff0487: Parent folder conflict propagated down to children
2025-12-21 09:21:52: /.git/objects/02/2621ed50637daa9b7364790b77eaac96bf0135: Parent folder conflict propagated down to children
2025-12-21 09:21:52: /.git/objects/02/3e757699e915412158c3d809f07c64cc150b9d: Parent folder conflict propagated down to children
2025-12-21 09:21:52: /.git/objects/02/cc682d8ca124901bcec0f746b1efe037917716: Parent folder conflict propagated down to children
2025-12-21 09:21:52: /.git/objects/02/d962895d38be5bc1b0e874f2d0ad0745b0a5e9: Parent folder conflict propagated down to children
2025-12-21 09:21:52: /.git/objects/02/f9be9437db90fd5a7dd2fc6d2f650a05b04ef6: Parent folder conflict propagated down to children
2025-12-21 09:21:52: /.git/objects/03/47899d56f4a80a418300699684a7a1865432d5: Parent folder conflict propagated down to children
2025-12-21 09:21:52: /.git/objects/04/7319d004b2065bd395ad9db2cf6414a38d7567: Parent folder conflict propagated down to children
2025-12-21 09:21:52: /.git/objects/04/d501600bac0cacb19d5394a73412614248baaf: Parent folder conflict propagated down to children
2025-12-21 09:21:52: /.git/objects/04/dcd5691a1156e3f76ba28c23568693a2cd3397: Parent folder conflict propagated down to children
2025-12-21 09:21:52: /.git/objects/05/1363d35728a298c20757e498c4c6a0666d6015: Parent folder conflict propagated down to children
2025-12-21 09:21:52: /.git/objects/05/cdd8008443bbb55da46a385ae5d8c250a518b2: Parent folder conflict propagated down to children
2025-12-21 09:21:52: /.git/objects/06/92e1fdbec77f90b9f13ddf28146a9c48a61dff: Parent folder conflict propagated down to children
2025-12-21 09:21:52: /.git/objects/06/cc20ff880ec7fda33d1387f53d8375f6d9a21b: Parent folder conflict propagated down to children
2025-12-21 09:21:52: /.git/objects/07/1c8761c49d503a28a27498e93591452d979c24: Parent folder conflict propagated down to children
2025-12-21 09:21:52: /.git/objects/07/baf50f2ddd8f66b89ee6bc33aca6b18463fe10: Parent folder conflict propagated down to children
2025-12-21 09:21:52: /.git/objects/08/201ea9e857248aff2bda3c1d79d0fc11e95929: Parent folder conflict propagated down to children
2025-12-21 09:21:52: /.git/objects/08/401e975592f16f9fd5d83d01639f99b47bf9d5: Parent folder conflict propagated down to children
2025-12-21 09:21:52: /.git/objects/08/cfc7679935349ac8085bfd394519d340e3579b: Parent folder conflict propagated down to children
2025-12-21 09:21:52: /.git/objects/09/629fff1f21a245b60fca61f0c3867b66003ab3: Parent folder conflict propagated down to children
2025-12-21 09:21:52: /.git/objects/09/b4c5dbb917479042f26da59bbb6b43688c5d79: Parent folder conflict propagated down to children
2025-12-21 09:21:52: /.git/objects/0b/0db2043dd0cd6ff756c2c747ddd198209738c5: Parent folder conflict propagated down to children
2025-12-21 09:21:52: /.git/objects/0b/2fe39143ae418b4af2154237138c7dcf775fa9: Parent folder conflict propagated down to children
2025-12-21 09:21:52: /.git/objects/0b/303406dcdf2f45c0662ad81b9823e0093e84aa: Parent folder conflict propagated down to children
2025-12-21 09:21:52: /.git/objects/0b/52ea22943d6f122622e44e043e07b00fe94ef6: Parent folder conflict propagated down to children
2025-12-21 09:21:52: /.git/objects/0b/e4dc41d6e22cab274859bd461d16e3c639be2f: Parent folder conflict propagated down to children
2025-12-21 09:21:52: /.git/objects/0c/51b2e13fd22b972219056532a4afc3e2d1d22a: Parent folder conflict propagated down to children
2025-12-21 09:21:52: /.git/objects/0c/5beff6f31127ea2c5b2fb0af0149c49b489dcd: Parent folder conflict propagated down to children
2025-12-21 09:21:52: /.git/objects/0c/9286d574684dd361b908096ede9669de17eb53: Parent folder conflict propagated down to children
2025-12-21 09:21:52: /.git/objects/0c/dba0199ff19b7f4ccdd764c6e63c046ec6ddc4: Parent folder conflict propagated down to children
2025-12-21 09:21:52: /.git/objects/0c/f70aaa5f3e46f87a7ed463ee7b291b8ba6adcc: Parent folder conflict propagated down to children
2025-12-21 09:21:52: /.git/objects/0d/4b574c12053ea8922083bd89c30b895bf5cc93: Parent folder conflict propagated down to children
2025-12-21 09:21:52: /.git/objects/0e/725c889c1f6edf936df12bea15c4ab756f41be: Parent folder conflict propagated down to children
2025-12-21 09:21:52: /.git/objects/0e/e064f484b78f6bc9b8ccee97ad01eee995267c: Parent folder conflict propagated down to children
2025-12-21 09:21:52: /.git/objects/0f/0971397ea42cfcf89d01b41ace4567f7736733: Parent folder conflict propagated down to children
2025-12-21 09:21:52: /.git/objects/0f/62a811a80e6b24c7d7c042856bbcd65df4d6b2: Parent folder conflict propagated down to children
2025-12-21 09:21:52: /.git/objects/0f/826076918f7eae37797009513ebe923c631df6: Parent folder conflict propagated down to children
2025-12-21 09:21:52: /.git/objects/11/20837763855179c190d937456bd9dc78f6b2e4: Parent folder conflict propagated down to children
2025-12-21 09:21:52: /.git/objects/11/52b5ba0116b6a2de65c3aa853d88014a1f1dcb: Parent folder conflict propagated down to children
2025-12-21 09:21:52: /.git/objects/11/e6ead554791bc07eb8590882a5a20fc587ba24: Parent folder conflict propagated down to children
2025-12-21 09:21:52: /.git/objects/12/362087f88b0cd847efb5f3985de5c0db00d0ab: Parent folder conflict propagated down to children
2025-12-21 09:21:52: /.git/objects/12/53d1daa761b2e347a62da5f3f73997283966df: Parent folder conflict propagated down to children
2025-12-21 09:21:52: /.git/objects/13/75cc32886e577f3ad6113a4f538e3281ecdec0: Parent folder conflict propagated down to children
2025-12-21 09:21:52: /.git/objects/14/709704c04224e299d288a76d80355e4af9a65d: Parent folder conflict propagated down to children
2025-12-21 09:21:52: /.git/objects/14/7687b617310236401eb81d20dcc9436a3eb1a4: Parent folder conflict propagated down to children
2025-12-21 09:21:52: /.git/objects/14/84b95b55a0e10b909c4d332695e4501ae418da: Parent folder conflict propagated down to children
2025-12-21 09:21:52: /.git/objects/15/3cf30f9ce625c5b91fddbc65e7a90e505e5355: Parent folder conflict propagated down to children
2025-12-21 09:21:52: /.git/objects/16/5211fa9332166f2329fed40991c57059f33f8a: Parent folder conflict propagated down to children
2025-12-21 09:21:52: /.git/objects/16/b7a47d07e5bd16a73c6d7df19ae952129e22b4: Parent folder conflict propagated down to children
2025-12-21 09:21:52: /.git/objects/17/6a9880a30bcc467527b36d127ed0abae27a124: Parent folder conflict propagated down to children
2025-12-21 09:21:52: /.git/objects/17/87ff097cd119cf5fcae1aff6eb49308cedd707: Parent folder conflict propagated down to children
2025-12-21 09:21:52: /.git/objects/17/e60941baf52fe5f5ad85e20daefc5f841d6b52: Parent folder conflict propagated down to children
2025-12-21 09:21:52: /.git/objects/18/036de4062a07059242169728a1c64ca60e1ca9: Parent folder conflict propagated down to children
2025-12-21 09:21:52: /.git/objects/18/1e441e4343b7d76e9a58a2e8ec767b0afe8344: Parent folder conflict propagated down to children
2025-12-21 09:21:52: /.git/objects/19/a5e5e5ce6b92364ba7b6c434ab1c490ca10ed7: Parent folder conflict propagated down to children
2025-12-21 09:21:52: /.git/objects/1a/6226c47f9e80bee70d12801cfdd747d53b21f9: Parent folder conflict propagated down to children
2025-12-21 09:21:52: /.git/objects/1a/79bbdad2f5d962dfb23955ef7d0b52f722fc99: Parent folder conflict propagated down to children
2025-12-21 09:21:52: /.git/objects/1a/9bcc0998effff02da8900fb177bf2d7f043bf5: Parent folder conflict propagated down to children
2025-12-21 09:21:52: /.git/objects/1b/17cfcbaa07948a89c3913e846cc922d515b725: Parent folder conflict propagated down to children
2025-12-21 09:21:52: /.git/objects/1b/43eb593c45f8223a0a9923a92522de3ab97c85: Parent folder conflict propagated down to children
2025-12-21 09:21:52: /.git/objects/1b/49b6282e27ffab0ab276c750ddd741085504df: Parent folder conflict propagated down to children
2025-12-21 09:21:52: /.git/objects/1b/7b70a9952e3263636c6bab0cfb403dcaef5dee: Parent folder conflict propagated down to children
2025-12-21 09:21:52: /.git/objects/1b/d13193e5e2172c6b9ace41c7ff6ede7ace733a: Parent folder conflict propagated down to children
2025-12-21 09:21:52: /.git/objects/1c/4bf12f80958ab7253157b010fd52220041e452: Parent folder conflict propagated down to children
2025-12-21 09:21:52: /.git/objects/1c/9a18de626a8dd9176c73d8926116fe501379c4: Parent folder conflict propagated down to children
2025-12-21 09:21:52: /.git/objects/1c/ed3df87702060d4258cb8f2af2f52c8bf3f231: Parent folder conflict propagated down to children
2025-12-21 09:21:52: /.git/objects/1d/45cccaa2123b26994c269234f16b4995bc264a: Parent folder conflict propagated down to children
2025-12-21 09:21:52: /.git/objects/1d/642716775073c534ceb483a81eb9421dc14d87: Parent folder conflict propagated down to children
2025-12-21 09:21:52: /.git/objects/1f/974b9a078666cdd74e29b207b1a395bca5cbda: Parent folder conflict propagated down to children
2025-12-21 09:21:52: /.git/objects/21/30222d3a41c5407b9dd119a605b5b0af325cec: Parent folder conflict propagated down to children
2025-12-21 09:21:52: /.git/objects/21/3cca5ee65e153dd4a1fdad3e72b14e33923e01: Parent folder conflict propagated down to children
2025-12-21 09:21:52: /.git/objects/21/4ae0890d0fbb51c8ed61b0df8135094c976792: Parent folder conflict propagated down to children
2025-12-21 09:21:52: /.git/objects/22/91c03f090d74382380f18a3a8e4dc4a09849b0: Parent folder conflict propagated down to children
2025-12-21 09:21:52: /.git/objects/22/bf20c0dc7436abca791b6a48b65260871202a4: Parent folder conflict propagated down to children
2025-12-21 09:21:52: /.git/objects/22/d4d6ac6a4d931b38894389cf7d68965dfa226f: Parent folder conflict propagated down to children
2025-12-21 09:21:52: /.git/objects/23/36eb94d55e5c967fe14546310a22f5d14dc273: Parent folder conflict propagated down to children
2025-12-21 09:21:52: /.git/objects/23/8df3eca3b86f5eff097de35f30ccd4ea02502a: Parent folder conflict propagated down to children
2025-12-21 09:21:52: /.git/objects/23/a7349fb0bef1cfabb4c8044ffe35e4008add11: Parent folder conflict propagated down to children
2025-12-21 09:21:52: /.git/objects/23/b6e33420c86e419a4cbc947d6a2437147289bc: Parent folder conflict propagated down to children
2025-12-21 09:21:52: /.git/objects/24/c5874be1ba629ceaeb9858787af40b36886d9b: Parent folder conflict propagated down to children
2025-12-21 09:21:52: /.git/objects/25/7ed7524948e5301954425bd0b2d6a878c52833: Parent folder conflict propagated down to children
2025-12-21 09:21:52: /.git/objects/26/28f020e666d108c7368fbae23ba46d6f47585c: Parent folder conflict propagated down to children
2025-12-21 09:21:52: /.git/objects/26/570f256f43b17307b73f5006bb9148a372f206: Parent folder conflict propagated down to children
2025-12-21 09:21:52: /.git/objects/26/61b46a6099348737a72431fbf265f76a2e212c: Parent folder conflict propagated down to children
2025-12-21 09:21:52: /.git/objects/26/8cacc826ab52675dbbd30cb2fc37f7d33b3813: Parent folder conflict propagated down to children
2025-12-21 09:21:52: /.git/objects/26/d3555f15e21e9befdf3752fad774680ba9521c: Parent folder conflict propagated down to children
2025-12-21 09:21:52: /.git/objects/26/edd44b091ec355f9578cac18b2f9993b5b4691: Parent folder conflict propagated down to children
2025-12-21 09:21:52: /.git/objects/27/6c4841f897f0a05690059809e84d05ee2be661: Parent folder conflict propagated down to children
2025-12-21 09:21:52: /.git/objects/27/f12b4c42ce644ecbd65db73fee0c0a18c5e591: Parent folder conflict propagated down to children
2025-12-21 09:21:52: /.git/objects/28/0f7b366f7c6e18f3b46bf04f80a24b1e7c9f08: Parent folder conflict propagated down to children
2025-12-21 09:21:52: /.git/objects/28/28bf79748c1ed9957ca43a7dbea3a7db4380fb: Parent folder conflict propagated down to children
2025-12-21 09:21:52: /.git/objects/2a/26e074aeb655fe5bbc9d66a8e2320c363a3fe3: Parent folder conflict propagated down to children
2025-12-21 09:21:52: /.git/objects/2a/3eee553ad5e28cb08de925fdadb4d91c542be3: Parent folder conflict propagated down to children
2025-12-21 09:21:52: /.git/objects/2a/48b90a2007a61f5f01b55642f2b508b36560f0: Parent folder conflict propagated down to children
2025-12-21 09:21:52: /.git/objects/2a/5c6af219da75e331934269e849f6a15a8a753a: Parent folder conflict propagated down to children
2025-12-21 09:21:52: /.git/objects/2a/71262fe6b0aa2a64e6932232856ceb6942ffa0: Parent folder conflict propagated down to children
2025-12-21 09:21:52: /.git/objects/2a/87e84e27938ebe918ae59aa69defb9b0913bc4: Parent folder conflict propagated down to children
2025-12-21 09:21:52: /.git/objects/2a/ea11798c5069a924357596edbded3736cc9d53: Parent folder conflict propagated down to children
2025-12-21 09:21:52: /.git/objects/2b/4907ebb1500e524cafe1b44cc1c07840d7aae5: Parent folder conflict propagated down to children
2025-12-21 09:21:52: /.git/objects/2b/711b5c023cdd1b08c91869df5471449c885281: Parent folder conflict propagated down to children
2025-12-21 09:21:52: /.git/objects/2c/87933c55469facc0f7a0e6b58bbae3cc906806: Parent folder conflict propagated down to children
2025-12-21 09:21:52: /.git/objects/2c/afc93b6898eb1954089f46642200f085d98388: Parent folder conflict propagated down to children
2025-12-21 09:21:52: /.git/objects/2c/f5fce89777676d856f947c26667948230a2464: Parent folder conflict propagated down to children
2025-12-21 09:21:52: /.git/objects/2e/9d026cddcb2ac258d8a5264e9ee73899167e65: Parent folder conflict propagated down to children
2025-12-21 09:21:52: /.git/objects/2e/afac63d1bb2081f89616c79b6a9030f1aae35d: Parent folder conflict propagated down to children
2025-12-21 09:21:52: /.git/objects/2f/09083b6174d8312187ec5e3180001dc9789eba: Parent folder conflict propagated down to children
2025-12-21 09:21:52: /.git/objects/2f/27c932c3bf5ae0b2ff75444f43f91fcf4999c7: Parent folder conflict propagated down to children
2025-12-21 09:21:52: /.git/objects/2f/41e5398821518c7d748d3ffb07ec0cb5462fd6: Parent folder conflict propagated down to children
2025-12-21 09:21:52: /.git/objects/2f/a28969a0eb3bdd5441861ebe105b9e1f9f35bb: Parent folder conflict propagated down to children
2025-12-21 09:21:52: /.git/objects/2f/e10d61dae9a9831cc91e37946ce5553bcc37ff: Parent folder conflict propagated down to children
2025-12-21 09:21:52: /.git/objects/30/4b387618de0da3f2bd591e49e544dedf58cfb3: Parent folder conflict propagated down to children
2025-12-21 09:21:52: /.git/objects/30/b06c4a66b71092457dc0862cfcab444163efeb: Parent folder conflict propagated down to children
2025-12-21 09:21:52: /.git/objects/31/025d06f2dfa65c596b67c329858d685196968f: Parent folder conflict propagated down to children
2025-12-21 09:21:52: /.git/objects/31/2b88d763130a19b3a57a7a8287e1406b0a2a56: Parent folder conflict propagated down to children
2025-12-21 09:21:52: /.git/objects/31/3ae3b08bc381212d5ee8a5ff4654b69833a1bd: Parent folder conflict propagated down to children
2025-12-21 09:21:52: /.git/objects/31/4948e95273684599bffc32297b0768bc163e5f: Parent folder conflict propagated down to children
2025-12-21 09:21:52: /.git/objects/31/d44a3568d4c8dc6fb776653f56d43eeb19de73: Parent folder conflict propagated down to children
2025-12-21 09:21:52: /.git/objects/31/d804b1b4da76a6cfa5d4c812c9289812220be0: Parent folder conflict propagated down to children
2025-12-21 09:21:52: /.git/objects/32/566d853c53ef88c5cd4d736dbbc773c0e36843: Parent folder conflict propagated down to children
2025-12-21 09:21:52: /.git/objects/32/a58c91cc933b3a3ce90d25637e8d2e36eb513d: Parent folder conflict propagated down to children
2025-12-21 09:21:52: /.git/objects/34/1ee834dfac1d502cc790eefad204668c828b24: Parent folder conflict propagated down to children
2025-12-21 09:21:52: /.git/objects/34/3ad8ed09bff60d7d5fdcfed17d8aef7e2a318d: Parent folder conflict propagated down to children
2025-12-21 09:21:52: /.git/objects/34/b296d3e988fc2688dfbb64f4904123fa054088: Parent folder conflict propagated down to children
2025-12-21 09:21:52: /.git/objects/34/f985981a0203f21688ecb0cf41904b88c2e8be: Parent folder conflict propagated down to children
2025-12-21 09:21:52: /.git/objects/35/7ae6bf9aaad621c681c1888e38ab992a4a04b4: Parent folder conflict propagated down to children
2025-12-21 09:21:52: /.git/objects/37/f9eb87eb5d6d5857ecf8d85e40536dd64f0638: Parent folder conflict propagated down to children
2025-12-21 09:21:52: /.git/objects/38/0a5efa02c1d432214ae56814507eef93a649c9: Parent folder conflict propagated down to children
2025-12-21 09:21:52: /.git/objects/39/4c56690f27b1c903c83be6f414017f14d8b881: Parent folder conflict propagated down to children
2025-12-21 09:21:52: /.git/objects/39/5a19d82e924b423cfcbf40caabf06ca54a2254: Parent folder conflict propagated down to children
2025-12-21 09:21:52: /.git/objects/3a/cc851a526afd9e41e95d242c9c0dff57d31d5a: Parent folder conflict propagated down to children
2025-12-21 09:21:52: /.git/objects/3b/060fd6bbd7276d025b4307deb7a8f2498467f0: Parent folder conflict propagated down to children
2025-12-21 09:21:52: /.git/objects/3b/2feaad4a06ea8e4af26a66b9b41c3d37194080: Parent folder conflict propagated down to children
2025-12-21 09:21:52: /.git/objects/3b/4d201dec66a63359a678a3185991f4a3d30fd4: Parent folder conflict propagated down to children
2025-12-21 09:21:52: /.git/objects/3b/5f87a954f237e6c4d94b400dfa093b78d26bc1: Parent folder conflict propagated down to children
2025-12-21 09:21:52: /.git/objects/3c/84078b303f6b4f4a27833d941317f60d4a52cb: Parent folder conflict propagated down to children
2025-12-21 09:21:52: /.git/objects/3d/0bbe954d0ddc84cf66e5f1d5f562ead11c8724: Parent folder conflict propagated down to children
2025-12-21 09:21:52: /.git/objects/3d/7dab05c908440d6313e62dfe9ad98d680db466: Parent folder conflict propagated down to children
2025-12-21 09:21:52: /.git/objects/3d/9d9e8901d2c68ddd4ee7fedf12260b332f2a1e: Parent folder conflict propagated down to children
2025-12-21 09:21:52: /.git/objects/3f/0c77a48d3d9b71e2226df4f3893dd31cc8346d: Parent folder conflict propagated down to children
2025-12-21 09:21:52: /.git/objects/3f/83b460e115f39a59312b141169c824ca8298c6: Parent folder conflict propagated down to children
2025-12-21 09:21:52: /.git/objects/3f/8babff9e19b1a1145cbd0b9a97899fbd11beef: Parent folder conflict propagated down to children
2025-12-21 09:21:52: /.git/objects/40/ce909898353863992a1bcd58da6ea61f04e32c: Parent folder conflict propagated down to children
2025-12-21 09:21:52: /.git/objects/41/3bc63fa065826d4c8b121c143e52476b4424c6: Parent folder conflict propagated down to children
2025-12-21 09:21:52: /.git/objects/41/bb6598ed00970045eca718af1bbbeaa6ae0d9b: Parent folder conflict propagated down to children
2025-12-21 09:21:52: /.git/objects/41/f45d9e02d5f5f422a345b3762c30d859745e81: Parent folder conflict propagated down to children
2025-12-21 09:21:52: /.git/objects/42/43f595e912454f157353eee98af09bf3b36b32: Parent folder conflict propagated down to children
2025-12-21 09:21:52: /.git/objects/42/bfe78546bab98ccf24cf9881e8bcc78206e1e1: Parent folder conflict propagated down to children
2025-12-21 09:21:52: /.git/objects/45/006f0768a22b78fbf3e8723d5a19212380e5e0: Parent folder conflict propagated down to children
2025-12-21 09:21:52: /.git/objects/46/82d7b0a60f33132e26a8abfc7d3f155758aa17: Parent folder conflict propagated down to children
2025-12-21 09:21:52: /.git/objects/46/be851fc0ceb4f5ccaca177231bff0ebb9f71c2: Parent folder conflict propagated down to children
2025-12-21 09:21:52: /.git/objects/46/c9916662b6f607d833899356de298fc5b558d7: Parent folder conflict propagated down to children
2025-12-21 09:21:52: /.git/objects/47/0459c80b8ebd9d776cf60b6b8825288215822f: Parent folder conflict propagated down to children
2025-12-21 09:21:52: /.git/objects/47/4ea58daa9715773395818741e859a68d493767: Parent folder conflict propagated down to children
2025-12-21 09:21:52: /.git/objects/47/77af759d0de2216170574f23ac1402db2b77b5: Parent folder conflict propagated down to children
2025-12-21 09:21:52: /.git/objects/47/89eec032dfa9e60af0f865097aea611f57b585: Parent folder conflict propagated down to children
2025-12-21 09:21:52: /.git/objects/47/c1a11c2212837e8cf2b8575d91f87a351dbdab: Parent folder conflict propagated down to children
2025-12-21 09:21:52: /.git/objects/48/4567b077558e1afb7af810fe02fb26eebf8591: Parent folder conflict propagated down to children
2025-12-21 09:21:52: /.git/objects/49/e724bef18470235f4909ba5a7fdf8450fa21a5: Parent folder conflict propagated down to children
2025-12-21 09:21:52: /.git/objects/49/f439635f52382b4d4cfa8e79106b13a27c0977: Parent folder conflict propagated down to children
2025-12-21 09:21:52: /.git/objects/4a/85b153034706ffb18792fbe1e660409c996574: Parent folder conflict propagated down to children
2025-12-21 09:21:52: /.git/objects/4b/0ecefa592377fbced1f44884cfc6ac924ee4c7: Parent folder conflict propagated down to children
2025-12-21 09:21:52: /.git/objects/4b/3c531ae0c9f9ceb7e408adf6469127c5035ab0: Parent folder conflict propagated down to children
2025-12-21 09:21:52: /.git/objects/4b/92cc5ded11ae4ebb73f277ea28e47407641796: Parent folder conflict propagated down to children
2025-12-21 09:21:52: /.git/objects/4b/f64f9ad998bfff4de4851c5726e16369afd234: Parent folder conflict propagated down to children
2025-12-21 09:21:52: /.git/objects/4c/df4e7280918aea0187b8ed94704d8a6412ced4: Parent folder conflict propagated down to children
2025-12-21 09:21:52: /.git/objects/4d/fba39acc252a963ca6bfd7932bdcbe7b126425: Parent folder conflict propagated down to children
2025-12-21 09:21:52: /.git/objects/4e/2fcd7308780b27c0bbb2133fdfeaad60845be7: Parent folder conflict propagated down to children
2025-12-21 09:21:52: /.git/objects/4f/67c3d419118be8fe81141d1061c2cd2c405007: Parent folder conflict propagated down to children
2025-12-21 09:21:52: /.git/objects/4f/93bf2ef9c061abdbe7fa522eb3f09572a2d549: Parent folder conflict propagated down to children
2025-12-21 09:21:52: /.git/objects/4f/c64c9f7e8eeb9853bf2e8034288868b1982e13: Parent folder conflict propagated down to children
2025-12-21 09:21:52: /.git/objects/50/b21cea644c40831bc7dcf73de0f5486530e68d: Parent folder conflict propagated down to children
2025-12-21 09:21:52: /.git/objects/51/bac3bf46546052132a7264c9771157b373d336: Parent folder conflict propagated down to children
2025-12-21 09:21:52: /.git/objects/51/e3089b392e3647c6bf11d1c9b83a62afd14e82: Parent folder conflict propagated down to children
2025-12-21 09:21:52: /.git/objects/51/ed9d4a857437993018f8b1d7b720bf18717e3c: Parent folder conflict propagated down to children
2025-12-21 09:21:52: /.git/objects/52/c9ad1ffd5bc0485b282a5422b92516b74b17e5: Parent folder conflict propagated down to children
2025-12-21 09:21:52: /.git/objects/53/cb531ed7af6606f9e783d0b339927451af2e7e: Parent folder conflict propagated down to children
2025-12-21 09:21:52: /.git/objects/53/e88c2e05d016244bc26fc2a1ed3e8a6392792a: Parent folder conflict propagated down to children
2025-12-21 09:21:52: /.git/objects/54/02b2b1a7a3536917e9702f230069bc05ec3cc8: Parent folder conflict propagated down to children
2025-12-21 09:21:52: /.git/objects/54/644b08e0d85ecc1496a3cc749f4d46b4ca18e4: Parent folder conflict propagated down to children
2025-12-21 09:21:52: /.git/objects/54/825390c1c995c8fff913f049fd40ad6f2624a1: Parent folder conflict propagated down to children
2025-12-21 09:21:52: /.git/objects/54/d69927e7459ada8a3b6523a84b2f56b30dae5d: Parent folder conflict propagated down to children
2025-12-21 09:21:52: /.git/objects/55/7fa8dc4e06879c2ffec3736b98cbcaccf709d8: Parent folder conflict propagated down to children
2025-12-21 09:21:52: /.git/objects/56/181c8447146bfcd3ae2d069861769b3f158907: Parent folder conflict propagated down to children
2025-12-21 09:21:52: /.git/objects/56/602aba5137bb2884aa292f24f7e8c28589deaf: Parent folder conflict propagated down to children
2025-12-21 09:21:52: /.git/objects/56/779ebf0a888cf77626f95c9d76c07831a4ef1e: Parent folder conflict propagated down to children
2025-12-21 09:21:52: /.git/objects/56/d7fa170d9d29b722457156d0206743a464d5f4: Parent folder conflict propagated down to children
2025-12-21 09:21:52: /.git/objects/57/832f922b327389c70985d6cefd44d45fc0f759: Parent folder conflict propagated down to children
2025-12-21 09:21:52: /.git/objects/58/00ed5904a04c12585ab7ca44d5d032df8cc37e: Parent folder conflict propagated down to children
2025-12-21 09:21:52: /.git/objects/58/1b461af535d5cdc40930d2bd99d9b473803cae: Parent folder conflict propagated down to children
2025-12-21 09:21:52: /.git/objects/58/63120ebb1bce173b08a99c99cbba589193254c: Parent folder conflict propagated down to children
2025-12-21 09:21:52: /.git/objects/58/b35d5482d22ce2c8502fb652121786099acb30: Parent folder conflict propagated down to children
2025-12-21 09:21:52: /.git/objects/58/e2b051d103201f71af188839c38419d32a5ff8: Parent folder conflict propagated down to children
2025-12-21 09:21:52: /.git/objects/5a/3c546e5969712c82e87104d9923f036772ce7d: Parent folder conflict propagated down to children
2025-12-21 09:21:52: /.git/objects/5c/631edf4c379c9c11680e92531f4deefea16392: Parent folder conflict propagated down to children
2025-12-21 09:21:52: /.git/objects/5c/6a8c3d91cecccecadb7c76f558b1127ce34c73: Parent folder conflict propagated down to children
2025-12-21 09:21:52: /.git/objects/5c/7115d3eb3d9f967460407f72b6bc0e62716b9e: Parent folder conflict propagated down to children
2025-12-21 09:21:52: /.git/objects/5e/9a7247f22378b85b033af053d21ff8ce503a95: Parent folder conflict propagated down to children
2025-12-21 09:21:52: /.git/objects/5e/9f7df3d04f04dae085baac39d3661ae06d873b: Parent folder conflict propagated down to children
2025-12-21 09:21:52: /.git/objects/5f/463f389d6959782e18fa24827dfdd174bba950: Parent folder conflict propagated down to children
2025-12-21 09:21:52: /.git/objects/5f/79f080f894031eb84876c06f28f2f1c27ef4c9: Parent folder conflict propagated down to children
2025-12-21 09:21:52: /.git/objects/5f/c84e37eb0f119980f9151bec5668b1b5d3bef1: Parent folder conflict propagated down to children
2025-12-21 09:21:52: /.git/objects/60/8520e2a8616c61137d5f33fd173bb7429e6749: Parent folder conflict propagated down to children
2025-12-21 09:21:52: /.git/objects/60/88630b87a823e57de2a9502bec62ab45e439eb: Parent folder conflict propagated down to children
2025-12-21 09:21:52: /.git/objects/60/944159c4ed63c4f94852f40459d65996dad41b: Parent folder conflict propagated down to children
2025-12-21 09:21:52: /.git/objects/60/c121b768372f06f176cf19e9163e96b97446ff: Parent folder conflict propagated down to children
2025-12-21 09:21:52: /.git/objects/60/ebd5e42230988d8b62422113896b4ae82f7537: Parent folder conflict propagated down to children
2025-12-21 09:21:52: /.git/objects/60/f6880dd85d4db02f82a832b945936063bf3f42: Parent folder conflict propagated down to children
2025-12-21 09:21:52: /.git/objects/61/4640bdcc47d2f7718d63e73b105dda1cd54302: Parent folder conflict propagated down to children
2025-12-21 09:21:52: /.git/objects/61/f5d9af664d7111651fb5180310caa288d7c99f: Parent folder conflict propagated down to children
2025-12-21 09:21:52: /.git/objects/64/2dabd14b4e0826b4b20fe3dd88f48723a91f6e: Parent folder conflict propagated down to children
2025-12-21 09:21:52: /.git/objects/64/313ff5e407e1185cfb18e33aeec05b623f4a8e: Parent folder conflict propagated down to children
2025-12-21 09:21:52: /.git/objects/64/4104683b1e4576a28cbabad1064ce4dd15253a: Parent folder conflict propagated down to children
2025-12-21 09:21:52: /.git/objects/64/4b58091eec3cdabac764fa0bd019bb8e865068: Parent folder conflict propagated down to children
2025-12-21 09:21:52: /.git/objects/65/27bf5ee3411842fd18ea30aa7a853f21330945: Parent folder conflict propagated down to children
2025-12-21 09:21:52: /.git/objects/65/55705840125fa0e41f2b7ce612fed373408f4b: Parent folder conflict propagated down to children
2025-12-21 09:21:52: /.git/objects/65/d3db89867507f6656cfbf5cbdb335e17f4b422: Parent folder conflict propagated down to children
2025-12-21 09:21:52: /.git/objects/66/a3d500377845d45029c88d60b7f0ec249919af: Parent folder conflict propagated down to children
2025-12-21 09:21:52: /.git/objects/67/002e7de3c3d68b0336af7b59ca604f5a2611a0: Parent folder conflict propagated down to children
2025-12-21 09:21:52: /.git/objects/67/6bebedd2cc56cb2dbb483f05475712f8e10296: Parent folder conflict propagated down to children
2025-12-21 09:21:52: /.git/objects/68/1214d6ec46329d0e17cafbaeae8853f0495c73: Parent folder conflict propagated down to children
2025-12-21 09:21:52: /.git/objects/68/59efe07d53adda3138d84ad8350a37e7c83fb2: Parent folder conflict propagated down to children
2025-12-21 09:21:52: /.git/objects/68/7514394eeab9d35275393da81dc2c8603b8302: Parent folder conflict propagated down to children
2025-12-21 09:21:52: /.git/objects/68/89a9bbd2937f950678d446fa7b85e5000e1a89: Parent folder conflict propagated down to children
2025-12-21 09:21:52: /.git/objects/68/9797269b896aa1449bc9ddd0250fc003612019: Parent folder conflict propagated down to children
2025-12-21 09:21:52: /.git/objects/68/ceeaa142058c9ac0b71a82aefc56bfe7a7c171: Parent folder conflict propagated down to children
2025-12-21 09:21:52: /.git/objects/69/661c8b0f9ad3db1c6f5d983610c4827b9950d3: Parent folder conflict propagated down to children
2025-12-21 09:21:52: /.git/objects/69/742b7c51edb637fd4ec0f38265de606ec447bb: Parent folder conflict propagated down to children
2025-12-21 09:21:52: /.git/objects/6a/0d8219f3603b2a715e2b8e37638aa2aaf699bf: Parent folder conflict propagated down to children
2025-12-21 09:21:52: /.git/objects/6c/123d3ad3554afd2f0afbf19113fd7ba9202d59: Parent folder conflict propagated down to children
2025-12-21 09:21:52: /.git/objects/6c/7beca93ca1b7f43f0c421a4e17eacc5119dbe8: Parent folder conflict propagated down to children
2025-12-21 09:21:52: /.git/objects/6c/aa3ca5e82de2f13201f853afefb3b1a9b2ac7f: Parent folder conflict propagated down to children
2025-12-21 09:21:52: /.git/objects/6d/75bb03aab6e7d776b3f646573e2efafc1baa3e: Parent folder conflict propagated down to children
2025-12-21 09:21:52: /.git/objects/6e/6be51ea761e58e0b450413f774d09327c72d8d: Parent folder conflict propagated down to children
2025-12-21 09:21:52: /.git/objects/6e/cf97aa8ea1f5fe5c5a7f3b33fd41dafe63f656: Parent folder conflict propagated down to children
2025-12-21 09:21:52: /.git/objects/6f/433cbd9eb4d720b0504aa3f16aa571d0625b86: Parent folder conflict propagated down to children
2025-12-21 09:21:52: /.git/objects/71/da58f0dcaef13d7d42198339f891630efbb78c: Parent folder conflict propagated down to children
2025-12-21 09:21:52: /.git/objects/72/90bc096cf421e89ff638dc781ac8793155b5fb: Parent folder conflict propagated down to children
2025-12-21 09:21:52: /.git/objects/72/f5c797cd343ca26937617f6c665e9d85860093: Parent folder conflict propagated down to children
2025-12-21 09:21:52: /.git/objects/73/1c348c6ae45d3c3f66b05d449f12978eeadf4d: Parent folder conflict propagated down to children
2025-12-21 09:21:52: /.git/objects/73/d1a15f272f186745a698e692866c6e2385d170: Parent folder conflict propagated down to children
2025-12-21 09:21:52: /.git/objects/74/04efaf92dc417a1ca958d4bf05f6f65c7dca27: Parent folder conflict propagated down to children
2025-12-21 09:21:52: /.git/objects/74/16d9b48d2bbfe028424cb2831e800fcb217636: Parent folder conflict propagated down to children
2025-12-21 09:21:52: /.git/objects/74/9366f293e56b75ddf1bea4c12f8152123c24b2: Parent folder conflict propagated down to children
2025-12-21 09:21:52: /.git/objects/74/b976961ea2a4f2be10576c66ed87eb779dd3ae: Parent folder conflict propagated down to children
2025-12-21 09:21:52: /.git/objects/75/d2481bbb6a42153e21c77b8ed49692584962d5: Parent folder conflict propagated down to children
2025-12-21 09:21:52: /.git/objects/75/d2609d15d1e64d87b6fe16f12c63679ef1f866: Parent folder conflict propagated down to children
2025-12-21 09:21:52: /.git/objects/76/8a0c619e1907a76ea931b7662d0e3647e6bac5: Parent folder conflict propagated down to children
2025-12-21 09:21:52: /.git/objects/77/ffd049c54ad9892544d419c7932489f3585106: Parent folder conflict propagated down to children
2025-12-21 09:21:52: /.git/objects/78/0ef1aa2b3c333f662d7c104f7aeba3ad649fea: Parent folder conflict propagated down to children
2025-12-21 09:21:52: /.git/objects/78/c43b05a189962705ed46c1f8877769d138cb93: Parent folder conflict propagated down to children
2025-12-21 09:21:52: /.git/objects/79/160bed22c1822e017d87b808dc973723d7b445: Parent folder conflict propagated down to children
2025-12-21 09:21:52: /.git/objects/7a/5206a9c71524a77f3da7de0ac4170c8370b872: Parent folder conflict propagated down to children
2025-12-21 09:21:52: /.git/objects/7a/e2da600bb9c8f7a8ab477ecd6fb7a517aeeedb: Parent folder conflict propagated down to children
2025-12-21 09:21:52: /.git/objects/7c/9db15a7992b0517bd1269410d13a7e49509be0: Parent folder conflict propagated down to children
2025-12-21 09:21:52: /.git/objects/7c/d8f1db89af02788b2ee2e1dff8d74020a2a05f: Parent folder conflict propagated down to children
2025-12-21 09:21:52: /.git/objects/7d/8055dac1db17893fcbab45ff051879dde7b0a7: Parent folder conflict propagated down to children
2025-12-21 09:21:52: /.git/objects/7e/d2d4f9e734001a2fdc90b93c291ea500ff81d6: Parent folder conflict propagated down to children
2025-12-21 09:21:52: /.git/objects/7f/4905277971078b7f50963c90acf1c18e4b23a3: Parent folder conflict propagated down to children
2025-12-21 09:21:52: /.git/objects/7f/4d0f99c9773245d89a0b516b8abf19d11fbaf3: Parent folder conflict propagated down to children
2025-12-21 09:21:52: /.git/objects/7f/88cc61651d49bec0de7a4fb996c969cca6b5b3: Parent folder conflict propagated down to children
2025-12-21 09:21:52: /.git/objects/80/20f2cabad6f9eb1ebd4417b939e13bf91be9f8: Parent folder conflict propagated down to children
2025-12-21 09:21:52: /.git/objects/81/158cd4d5141c24d122cb45fd38791c959c3028: Parent folder conflict propagated down to children
2025-12-21 09:21:52: /.git/objects/81/e533798c3532ba7f90ec69de2becfb74303a97: Parent folder conflict propagated down to children
2025-12-21 09:21:52: /.git/objects/81/f6fc40428b4759f7cc25652e7395b4844753d0: Parent folder conflict propagated down to children
2025-12-21 09:21:52: /.git/objects/82/27c855ea9b166e0f3a235fc824117d69961549: Parent folder conflict propagated down to children
2025-12-21 09:21:52: /.git/objects/82/c17217a6cf70725459f246b5c18b640aa468ef: Parent folder conflict propagated down to children
2025-12-21 09:21:52: /.git/objects/82/f3fa2543c39916445fcb91e83c7ac1aff4a0ce: Parent folder conflict propagated down to children
2025-12-21 09:21:52: /.git/objects/83/0b20b1c1376a096904ffcf3e68707197e289b3: Parent folder conflict propagated down to children
2025-12-21 09:21:52: /.git/objects/83/6ced89426ac237e81b62f0a55687296a82be4a: Parent folder conflict propagated down to children
2025-12-21 09:21:52: /.git/objects/84/54a0107d75246557067756949a83ca0c2b052d: Parent folder conflict propagated down to children
2025-12-21 09:21:52: /.git/objects/84/649c0746ac17ff41892a5ac186679e90da19c8: Parent folder conflict propagated down to children
2025-12-21 09:21:52: /.git/objects/85/5973c9d8c5ba30f4019c4482ce8c6922ab88b0: Parent folder conflict propagated down to children
2025-12-21 09:21:52: /.git/objects/85/7f942580bd512350bd6e6715394dd3de5abb44: Parent folder conflict propagated down to children
2025-12-21 09:21:52: /.git/objects/85/b1166cb0b23bb329c23c33a68ef96cdac12b53: Parent folder conflict propagated down to children
2025-12-21 09:21:52: /.git/objects/85/d6a93beb3b978d4a228f7f57b89c7f38dea241: Parent folder conflict propagated down to children
2025-12-21 09:21:52: /.git/objects/86/0b937bf3e8aecc6b32072dc33afe9d5748c70d: Parent folder conflict propagated down to children
2025-12-21 09:21:52: /.git/objects/86/2a0893eb6620a1e728bec93d58e7df61128946: Parent folder conflict propagated down to children
2025-12-21 09:21:52: /.git/objects/86/412d9768af4d24026938a7d694e54717d306a8: Parent folder conflict propagated down to children
2025-12-21 09:21:52: /.git/objects/87/2cc2eed9fdc7ad2a3c3d53dcb688472132249d: Parent folder conflict propagated down to children
2025-12-21 09:21:52: /.git/objects/87/3372f5383d54e622270dfda6885200e7585992: Parent folder conflict propagated down to children
2025-12-21 09:21:52: /.git/objects/88/1600efa41f47ca44a307d994ff4cfa959e434b: Parent folder conflict propagated down to children
2025-12-21 09:21:52: /.git/objects/88/9429f49a894202088b7d73f386650fb126ea3f: Parent folder conflict propagated down to children
2025-12-21 09:21:52: /.git/objects/89/23f16859c84382e92535ff579f98261b09c665: Parent folder conflict propagated down to children
2025-12-21 09:21:52: /.git/objects/89/8e12dee16c2ca60ff1819b6af2bf861769574d: Parent folder conflict propagated down to children
2025-12-21 09:21:52: /.git/objects/8a/7998b657249f94343a034507fcb86c2d5b5a97: Parent folder conflict propagated down to children
2025-12-21 09:21:52: /.git/objects/8a/b271dc2b218afb7849fb1db44135fbba3514a0: Parent folder conflict propagated down to children
2025-12-21 09:21:52: /.git/objects/8a/c0b02a281f4579f6e95ba2b6bf150cd6333433: Parent folder conflict propagated down to children
2025-12-21 09:21:52: /.git/objects/8b/07b68f48c32f3d06c45344e14a33cd96f1e9c8: Parent folder conflict propagated down to children
2025-12-21 09:21:52: /.git/objects/8c/affe707cbfd79ea8c26a4219801d8da8e7b976: Parent folder conflict propagated down to children
2025-12-21 09:21:52: /.git/objects/8c/ec877eb9c23e742a93e3cbf122369a159d843b: Parent folder conflict propagated down to children
2025-12-21 09:21:52: /.git/objects/8d/743e272fe46e4ff5da043ebbb706ec24b9a867: Parent folder conflict propagated down to children
2025-12-21 09:21:52: /.git/objects/8f/0566fdaa51320c2ad86c06682582bb279bcbd8: Parent folder conflict propagated down to children
2025-12-21 09:21:52: /.git/objects/8f/d76e6c27ea7801134b578f2d03e3696d8f4ad7: Parent folder conflict propagated down to children
2025-12-21 09:21:52: /.git/objects/90/008f98a51352a8f4760aed54110c2a63738ffb: Parent folder conflict propagated down to children
2025-12-21 09:21:52: /.git/objects/90/d4056bd079d307514c6ac56181aa4e3258070e: Parent folder conflict propagated down to children
2025-12-21 09:21:52: /.git/objects/91/03b361d9cf3595bb61ceeb8c5b2c65ceaabd60: Parent folder conflict propagated down to children
2025-12-21 09:21:52: /.git/objects/92/299ddd603fedb9cc5ab20efbd89e3d72808e38: Parent folder conflict propagated down to children
2025-12-21 09:21:52: /.git/objects/92/dde2a0265affec33eff8fc6f8c6bc2a0e49dc3: Parent folder conflict propagated down to children
2025-12-21 09:21:52: /.git/objects/93/52bd6d4a784767c06d73049faed8c16559bd8a: Parent folder conflict propagated down to children
2025-12-21 09:21:52: /.git/objects/93/5ab6bcf99f82dbba0e47c7c7561d8a6a998327: Parent folder conflict propagated down to children
2025-12-21 09:21:52: /.git/objects/93/7ffc1f859927e8bb51eb9fad56a4aca98ba907: Parent folder conflict propagated down to children
2025-12-21 09:21:52: /.git/objects/93/a50da87bf93071cb0314bb0e88e15767e24ec4: Parent folder conflict propagated down to children
2025-12-21 09:21:52: /.git/objects/94/30dc76a1cdbdfe2cd8aa6d92afe6393332e1e9: Parent folder conflict propagated down to children
2025-12-21 09:21:52: /.git/objects/94/66027d5901afc187a0e9876c708db77b9f00a8: Parent folder conflict propagated down to children
2025-12-21 09:21:52: /.git/objects/95/0a7919ff50b02ab3e81f0820be4aec925d0748: Parent folder conflict propagated down to children
2025-12-21 09:21:52: /.git/objects/95/17930c918a7277e732648caf94b9606789d51f: Parent folder conflict propagated down to children
2025-12-21 09:21:52: /.git/objects/95/bf835a6c624ea696b58a30f5adee762bf58339: Parent folder conflict propagated down to children
2025-12-21 09:21:52: /.git/objects/96/5f6a296e20004eead32c2f6f7a564a3b1e2c36: Parent folder conflict propagated down to children
2025-12-21 09:21:52: /.git/objects/97/72ce26c92e4ed118e104c5ebccee0ae742244b: Parent folder conflict propagated down to children
2025-12-21 09:21:52: /.git/objects/97/c8b8eb7f33393db38e44c68e522bec374db9f3: Parent folder conflict propagated down to children
2025-12-21 09:21:52: /.git/objects/97/ef7c6e3508eeb3ac668200e10427498ae4830b: Parent folder conflict propagated down to children
2025-12-21 09:21:52: /.git/objects/98/07e81ce95e1ccbf88cdc2e95f1924afa921b43: Parent folder conflict propagated down to children
2025-12-21 09:21:52: /.git/objects/98/5e24ee628e5af7bb5f18bcd4b6ff295ad0c748: Parent folder conflict propagated down to children
2025-12-21 09:21:52: /.git/objects/98/8921e25257768c71b89eefcef2e325e7682f52: Parent folder conflict propagated down to children
2025-12-21 09:21:52: /.git/objects/9a/562e7c3c7530abd09183a813a5ddc9971984ef: Parent folder conflict propagated down to children
2025-12-21 09:21:52: /.git/objects/9a/9e01775fbb8f04022a40f54f4dab9c1a1a7f30: Parent folder conflict propagated down to children
2025-12-21 09:21:52: /.git/objects/9a/d473923907e3255f129589132728be2bf35a3a: Parent folder conflict propagated down to children
2025-12-21 09:21:52: /.git/objects/9b/1e9f5cd28c393f4598cebd60b9be42179d9bd8: Parent folder conflict propagated down to children
2025-12-21 09:21:52: /.git/objects/9b/cc9b6d1891cb6457f9e272a7613a2c3ca50494: Parent folder conflict propagated down to children
2025-12-21 09:21:52: /.git/objects/9b/f4ef4310fb2b3a73a098b570e2fc2eaeb2751d: Parent folder conflict propagated down to children
2025-12-21 09:21:52: /.git/objects/9c/39d33d63eeec2b8a63d1f49fc4a45f0ca09cf1: Parent folder conflict propagated down to children
2025-12-21 09:21:52: /.git/objects/9c/832929fd6344c8ae668917d43faf6f84b51806: Parent folder conflict propagated down to children
2025-12-21 09:21:52: /.git/objects/9c/a1fe50d8b4e9ec8b3b4c661d39639ebc0e845d: Parent folder conflict propagated down to children
2025-12-21 09:21:52: /.git/objects/9c/e2a11eeebadfdf39d4b5a49e22d757176b9908: Parent folder conflict propagated down to children
2025-12-21 09:21:52: /.git/objects/9c/edf79c0ba933e6789beae27c3fc74c13b7947a: Parent folder conflict propagated down to children
2025-12-21 09:21:52: /.git/objects/9d/36d255e44220d4367fa804b7b886b3bf647e82: Parent folder conflict propagated down to children
2025-12-21 09:21:52: /.git/objects/9d/4d4cdd8b02c6da7df3ee515edf007861b94474: Parent folder conflict propagated down to children
2025-12-21 09:21:52: /.git/objects/9d/ba8c41712960e7da67474f193353c7074aa88a: Parent folder conflict propagated down to children
2025-12-21 09:21:52: /.git/objects/9d/c50b950e436f1f91d5e48d7e941e0354edd370: Parent folder conflict propagated down to children
2025-12-21 09:21:52: /.git/objects/9e/4565184f88e88363f56e474d81249474710066: Parent folder conflict propagated down to children
2025-12-21 09:21:52: /.git/objects/9e/cf75e01809eb432903585beeb935609cda3f13: Parent folder conflict propagated down to children
2025-12-21 09:21:52: /.git/objects/9f/08261443ab404d032f034969f7addbc541df3e: Parent folder conflict propagated down to children
2025-12-21 09:21:52: /.git/objects/9f/3dd98a31819da982f4006cce68dffb7410758e: Parent folder conflict propagated down to children
2025-12-21 09:21:52: /.git/objects/9f/8c4cffe3228063d8381878270259e74b2e9afd: Parent folder conflict propagated down to children
2025-12-21 09:21:52: /.git/objects/a0/133acb2040680fab561035be58165571a100fe: Parent folder conflict propagated down to children
2025-12-21 09:21:52: /.git/objects/a0/19f6bb7fc13d5f6847486916f6bf29003249fe: Parent folder conflict propagated down to children
2025-12-21 09:21:52: /.git/objects/a0/9ca8d1a378714791f57ea66c953ff128577002: Parent folder conflict propagated down to children
2025-12-21 09:21:52: /.git/objects/a1/2dc61e81f25a2fc070987bfde2da716fee1412: Parent folder conflict propagated down to children
2025-12-21 09:21:52: /.git/objects/a1/4d9840d3a647f68490b0c4e8568fb738636aff: Parent folder conflict propagated down to children
2025-12-21 09:21:52: /.git/objects/a1/73d1bc59b3a0d65e3be42c90d42c3cf26b9d98: Parent folder conflict propagated down to children
2025-12-21 09:21:52: /.git/objects/a1/cc7bc8f56985db65a3e2c80c3b6b5215e42f8c: Parent folder conflict propagated down to children
2025-12-21 09:21:52: /.git/objects/a2/6b52f37316d95f364b4422fc287c902127bd0a: Parent folder conflict propagated down to children
2025-12-21 09:21:52: /.git/objects/a2/7bc0d1208d3d15d47b26adafdf03f364d98de6: Parent folder conflict propagated down to children
2025-12-21 09:21:52: /.git/objects/a2/c638345b60bfa6e58ad7de60cf323ddf9ba116: Parent folder conflict propagated down to children
2025-12-21 09:21:52: /.git/objects/a3/147a7d86b386f4df19f1b36a4d0cf7ae224f5f: Parent folder conflict propagated down to children
2025-12-21 09:21:52: /.git/objects/a3/e482152e5c935f27fd338a717aac4feac4d24a: Parent folder conflict propagated down to children
2025-12-21 09:21:52: /.git/objects/a3/ed8a6faf90292a9c4b47a9d92e4482dbcac74c: Parent folder conflict propagated down to children
2025-12-21 09:21:52: /.git/objects/a4/0d25df3d73c1c2b3fc7e1bd7f07209d2c40a96: Parent folder conflict propagated down to children
2025-12-21 09:21:52: /.git/objects/a4/9ef5f36e5bcac0d07285fab8e94a5a59ccea9a: Parent folder conflict propagated down to children
2025-12-21 09:21:52: /.git/objects/a4/b34190b61c0a941111ef231c24226a4943f96e: Parent folder conflict propagated down to children
2025-12-21 09:21:52: /.git/objects/a4/d393b2f865dc262c17ab9a366f750110e2d5da: Parent folder conflict propagated down to children
2025-12-21 09:21:52: /.git/objects/a4/ec14f63bffb7534b7b6c58a95fff21fce00ab1: Parent folder conflict propagated down to children
2025-12-21 09:21:52: /.git/objects/a5/0f076dbe5074ecbe63ac92685b75d9846840cb: Parent folder conflict propagated down to children
2025-12-21 09:21:52: /.git/objects/a5/a86c636f70c3cc53ce0b7fa7612f27957c0d79: Parent folder conflict propagated down to children
2025-12-21 09:21:52: /.git/objects/a5/bd445ef78f3f6d9e5df5e5164ecd5319eae08b: Parent folder conflict propagated down to children
2025-12-21 09:21:52: /.git/objects/a6/1736e1797525a8b74d0dbcb4ccaa7bed7bb0f9: Parent folder conflict propagated down to children
2025-12-21 09:21:52: /.git/objects/a6/4ae25d5160ca7c23c5283530d028b0f68b49d2: Parent folder conflict propagated down to children
2025-12-21 09:21:52: /.git/objects/a6/7df497d6aa30fae192479a2835e03b2efacc04: Parent folder conflict propagated down to children
2025-12-21 09:21:52: /.git/objects/a6/a2a65eb94299002a3243cd1ece7b5772202c8f: Parent folder conflict propagated down to children
2025-12-21 09:21:52: /.git/objects/a7/35657a74e7de21eb7eca025de566a9d66d8a79: Parent folder conflict propagated down to children
2025-12-21 09:21:52: /.git/objects/a7/4c762416a14d4b6d8f74fb262bbbebee24b3ec: Parent folder conflict propagated down to children
2025-12-21 09:21:52: /.git/objects/a7/fd486bff04c509095d293dfc12a8a27c4cb2ca: Parent folder conflict propagated down to children
2025-12-21 09:21:52: /.git/objects/a8/36c0a0c769dc2b47b778196d7db7b1b7f100d6: Parent folder conflict propagated down to children
2025-12-21 09:21:52: /.git/objects/a8/adedb918f75fe3a57492b2779d1fdc27bfc42a: Parent folder conflict propagated down to children
2025-12-21 09:21:52: /.git/objects/a9/88e94635912c8352eeba2cc64dd9ae499c5dfd: Parent folder conflict propagated down to children
2025-12-21 09:21:52: /.git/objects/aa/6047463e7c868f0a7f906fbd42a6d3df65c5b7: Parent folder conflict propagated down to children
2025-12-21 09:21:52: /.git/objects/ab/41e965ea8158a8669bb826c5a26caf6b518b15: Parent folder conflict propagated down to children
2025-12-21 09:21:52: /.git/objects/ab/a6fadadf2e5ad87924a9290a1ac3249bc0cb1c: Parent folder conflict propagated down to children
2025-12-21 09:21:52: /.git/objects/ad/357c8a5100f150c6844fbebc67049ac6c21011: Parent folder conflict propagated down to children
2025-12-21 09:21:52: /.git/objects/af/8411dc9a73a996886922aeaa7e4d9364f6f7d0: Parent folder conflict propagated down to children
2025-12-21 09:21:52: /.git/objects/b0/adb1a463cd0fc6265939f1d6035b0e4a3f536f: Parent folder conflict propagated down to children
2025-12-21 09:21:52: /.git/objects/b2/2293fbf61fd2895002edbbc31f73f4f4e597f2: Parent folder conflict propagated down to children
2025-12-21 09:21:52: /.git/objects/b2/a82dd7e898f407e364ecb737e14d4ba882f571: Parent folder conflict propagated down to children
2025-12-21 09:21:52: /.git/objects/b2/ffa33baf07d37a43a0ca875f1b93ada7e851f5: Parent folder conflict propagated down to children
2025-12-21 09:21:52: /.git/objects/b3/09eed6e2676dbbd88d1bb1e5b72d7ad85e6e5f: Parent folder conflict propagated down to children
2025-12-21 09:21:52: /.git/objects/b4/e8c2168d9e6b5d46c7990d1a9da1448608f039: Parent folder conflict propagated down to children
2025-12-21 09:21:52: /.git/objects/b5/8b1c3edbad77b51d7d0ace108f1dbbbfac8004: Parent folder conflict propagated down to children
2025-12-21 09:21:52: /.git/objects/b6/93afb4498160f426e829848f5245bc250cbd83: Parent folder conflict propagated down to children
2025-12-21 09:21:52: /.git/objects/b7/9647a1fb4ff225b6daceca03f5d0f409b0b57c: Parent folder conflict propagated down to children
2025-12-21 09:21:52: /.git/objects/b7/b16801b1f4cf70babfcaaca83a7285c26c6136: Parent folder conflict propagated down to children
2025-12-21 09:21:52: /.git/objects/b8/18db3314bf401adef04ff576890c007a294c33: Parent folder conflict propagated down to children
2025-12-21 09:21:52: /.git/objects/b8/51dc95df93e056c5adbaf72942405cf588ccc9: Parent folder conflict propagated down to children
2025-12-21 09:21:52: /.git/objects/b9/4eec85c69a397d33ab992f9d1e23ac72056ebe: Parent folder conflict propagated down to children
2025-12-21 09:21:52: /.git/objects/b9/c300c0f8372f87f7b19b746584513a29d4acdc: Parent folder conflict propagated down to children
2025-12-21 09:21:52: /.git/objects/ba/0ea183d1af32dbed140765d1d9ac8db622492c: Parent folder conflict propagated down to children
2025-12-21 09:21:52: /.git/objects/ba/45ed0821baac2a7f9261709fed99fa669b3acc: Parent folder conflict propagated down to children
2025-12-21 09:21:52: /.git/objects/ba/687aacd06415186baab306b5fab5567ec47a3f: Parent folder conflict propagated down to children
2025-12-21 09:21:52: /.git/objects/ba/d92d62c43077bb3d3075f782822a6fdf4a72e9: Parent folder conflict propagated down to children
2025-12-21 09:21:52: /.git/objects/bb/6c0e26aecc5c2de38f6f1fe7606536d2d68698: Parent folder conflict propagated down to children
2025-12-21 09:21:52: /.git/objects/bd/5eef740ba87652fa461efc62612748a4dac475: Parent folder conflict propagated down to children
2025-12-21 09:21:52: /.git/objects/be/bcd70d03354934d836d2101bb948339ff0b837: Parent folder conflict propagated down to children
2025-12-21 09:21:52: /.git/objects/be/bdd0f942d68defeb24f78d01b78612f010c1dd: Parent folder conflict propagated down to children
2025-12-21 09:21:52: /.git/objects/bf/40c6e61695e78048285fdebe2b58348965ca35: Parent folder conflict propagated down to children
2025-12-21 09:21:52: /.git/objects/bf/5d2509b2600937263d5a51a34d54de7bf7153c: Parent folder conflict propagated down to children
2025-12-21 09:21:52: /.git/objects/bf/e2a142b08a7714a8ded35adbb875fe107fd63f: Parent folder conflict propagated down to children
2025-12-21 09:21:52: /.git/objects/c0/9c6e3e180d87ecb414dbf45ca9d06f3e5927a5: Parent folder conflict propagated down to children
2025-12-21 09:21:52: /.git/objects/c0/aa7b7130598439541e54659070a98cb9f3d872: Parent folder conflict propagated down to children
2025-12-21 09:21:52: /.git/objects/c1/18585db436bbf50c5105ecbdfa2e5826e8ea2e: Parent folder conflict propagated down to children
2025-12-21 09:21:52: /.git/objects/c1/86007ad50deaa55f4aa31432e235c4936f71fa: Parent folder conflict propagated down to children
2025-12-21 09:21:52: /.git/objects/c1/ba0ba4164c609c54ac07e10fb87c8d975a8c27: Parent folder conflict propagated down to children
2025-12-21 09:21:52: /.git/objects/c1/bc2acfa7b4cc07615f26378a9b5e207d3638ce: Parent folder conflict propagated down to children
2025-12-21 09:21:52: /.git/objects/c2/6a83098fe0486b74e3b5660368408f228c0855: Parent folder conflict propagated down to children
2025-12-21 09:21:52: /.git/objects/c2/b8155ac525aba61316146b19fe1eef7bf7d23b: Parent folder conflict propagated down to children
2025-12-21 09:21:52: /.git/objects/c3/ae1deaa52cddfa5edc25caf29ee234155cb434: Parent folder conflict propagated down to children
2025-12-21 09:21:52: /.git/objects/c4/a75237b1e89a36b49f72fd93082d5d08fcde2c: Parent folder conflict propagated down to children
2025-12-21 09:21:52: /.git/objects/c4/d41ca0803f55d93a30785dfc1a522a215f629d: Parent folder conflict propagated down to children
2025-12-21 09:21:52: /.git/objects/c4/d768c75976b976f89cd03fb0597c74d01238a2: Parent folder conflict propagated down to children
2025-12-21 09:21:52: /.git/objects/c4/f1669e820534ebe081b35424e9ee3ecce71deb: Parent folder conflict propagated down to children
2025-12-21 09:21:52: /.git/objects/c4/f354d6d66f3a9f666ae2e5583f27a10e9aaec3: Parent folder conflict propagated down to children
2025-12-21 09:21:52: /.git/objects/c5/008a99dec210885d19d6e94aa4c4ceb16963f3: Parent folder conflict propagated down to children
2025-12-21 09:21:52: /.git/objects/c5/d52944e795c6d3889d83d52927435ac0e333f0: Parent folder conflict propagated down to children
2025-12-21 09:21:52: /.git/objects/c6/03aa825fc0e55f9191b4c3e48a0a355af90bd9: Parent folder conflict propagated down to children
2025-12-21 09:21:52: /.git/objects/c6/0a621da25404a639924f80232a4a547458b68e: Parent folder conflict propagated down to children
2025-12-21 09:21:52: /.git/objects/c6/21abe900d51f2ca388432b53f60f7599daf595: Parent folder conflict propagated down to children
2025-12-21 09:21:52: /.git/objects/c6/4baa12eae0bb0efcf7409c9babac0573cd29bf: Parent folder conflict propagated down to children
2025-12-21 09:21:52: /.git/objects/c6/6db0cb2aa0f94ba720e0f475ef4fe9a2feac5b: Parent folder conflict propagated down to children
2025-12-21 09:21:52: /.git/objects/c6/922b6b3adf405beff2db722fa9e8156c9dab5c: Parent folder conflict propagated down to children
2025-12-21 09:21:52: /.git/objects/c7/53be935f3aba12e943443bcc62b39f896ab413: Parent folder conflict propagated down to children
2025-12-21 09:21:52: /.git/objects/ca/5d6b718b93e8b24969e2278a30ed7403b98021: Parent folder conflict propagated down to children
2025-12-21 09:21:52: /.git/objects/ca/7c2c3e0c830cc99fec9315e81d517ee544cc91: Parent folder conflict propagated down to children
2025-12-21 09:21:52: /.git/objects/ca/c3da82131f8d6268092952ad81fac81c92ab6f: Parent folder conflict propagated down to children
2025-12-21 09:21:52: /.git/objects/cb/c0f0c917d270de1f38ba2edfc338a218986e3f: Parent folder conflict propagated down to children
2025-12-21 09:21:52: /.git/objects/cc/118cf6b68476eb4a558abf85bb67c729054543: Parent folder conflict propagated down to children
2025-12-21 09:21:52: /.git/objects/cc/2f0e499ed76edb9b0acd00547b83ea515d4451: Parent folder conflict propagated down to children
2025-12-21 09:21:52: /.git/objects/cc/f507a01de9446364f5cebfa881638d9ba95c1c: Parent folder conflict propagated down to children
2025-12-21 09:21:52: /.git/objects/ce/2d9d404504ea893b76a2b98be52a721275573f: Parent folder conflict propagated down to children
2025-12-21 09:21:52: /.git/objects/ce/47f839094362de8375861b4da1e1c6a2534131: Parent folder conflict propagated down to children
2025-12-21 09:21:52: /.git/objects/ce/73aa4c058765f6ce4ae5112749a8b3ac8cf128: Parent folder conflict propagated down to children
2025-12-21 09:21:52: /.git/objects/ce/d569ff7f6263cba80f9431a0e9b85dfb922999: Parent folder conflict propagated down to children
2025-12-21 09:21:52: /.git/objects/cf/4331b1677c5461c7a48d956afeae5d4a08b8a6: Parent folder conflict propagated down to children
2025-12-21 09:21:52: /.git/objects/cf/744611b731ba952fc53c2488d7cc79c7333ba0: Parent folder conflict propagated down to children
2025-12-21 09:21:52: /.git/objects/d0/a6977327a21f743d45564566ce9d0e0c094b92: Parent folder conflict propagated down to children
2025-12-21 09:21:52: /.git/objects/d1/5d8e1298b761dc7e56fe3f8bf9d16c097bec16: Parent folder conflict propagated down to children
2025-12-21 09:21:52: /.git/objects/d1/6e6c711ab23f2b466e8293342eb21a810f8359: Parent folder conflict propagated down to children
2025-12-21 09:21:52: /.git/objects/d2/6789f3525f3584a98155006ca4089459c68c66: Parent folder conflict propagated down to children
2025-12-21 09:21:52: /.git/objects/d3/7a5a9f4cd123d08a779b1c22c1fe2951c7f086: Parent folder conflict propagated down to children
2025-12-21 09:21:52: /.git/objects/d3/f863203180d0755d67e222c903ebc88a2e3ee3: Parent folder conflict propagated down to children
2025-12-21 09:21:52: /.git/objects/d4/292cca1fa7e2870f001a5fd53acd2fe2caf6c0: Parent folder conflict propagated down to children
2025-12-21 09:21:52: /.git/objects/d4/37f7db9e575098613ed39129765aa31ca1824e: Parent folder conflict propagated down to children
2025-12-21 09:21:52: /.git/objects/d4/636a5f5ca827cca4dbd3f549c9b9c16ddc546f: Parent folder conflict propagated down to children
2025-12-21 09:21:52: /.git/objects/d5/0d2854ebcaa62a88d4aebd7667cfac25f19a6a: Parent folder conflict propagated down to children
2025-12-21 09:21:52: /.git/objects/d5/4bb4e81d6c03ed0a2fefb4d390994e2754e6bc: Parent folder conflict propagated down to children
2025-12-21 09:21:52: /.git/objects/d5/85576c3247ad2b42c6df12a5da1cad29602cb6: Parent folder conflict propagated down to children
2025-12-21 09:21:52: /.git/objects/d5/8d388eb516b75cacdd87ae18bdb02c35dac926: Parent folder conflict propagated down to children
2025-12-21 09:21:52: /.git/objects/d5/940d4c0dd346c3ca506989842f60022f61878b: Parent folder conflict propagated down to children
2025-12-21 09:21:52: /.git/objects/d6/07b58df25e249ec42ebef08a7a1ba28daeaa47: Parent folder conflict propagated down to children
2025-12-21 09:21:52: /.git/objects/d6/169281ce71f6e47eecdd55e0e306fcc288aecb: Parent folder conflict propagated down to children
2025-12-21 09:21:52: /.git/objects/d6/589809e4eeb608f3c4431161a6542e0fa633ee: Parent folder conflict propagated down to children
2025-12-21 09:21:52: /.git/objects/d8/2bc8fd4e18980256dd8b6ef17651d8b6fe9559: Parent folder conflict propagated down to children
2025-12-21 09:21:52: /.git/objects/d8/ab46c0e1e49e59597f5d1966b675ec3cbb70ce: Parent folder conflict propagated down to children
2025-12-21 09:21:52: /.git/objects/d9/5978c46c5e86a20ccdf864976995ce25da1f7f: Parent folder conflict propagated down to children
2025-12-21 09:21:52: /.git/objects/d9/5d6428d3aae54c40a1064cd2a299e23e40fc37: Parent folder conflict propagated down to children
2025-12-21 09:21:52: /.git/objects/d9/e1b443abd7dd280af87f89426af6c14daa20b4: Parent folder conflict propagated down to children
2025-12-21 09:21:52: /.git/objects/da/0447eae3ee41bcc1845935d9ef936480842489: Parent folder conflict propagated down to children
2025-12-21 09:21:52: /.git/objects/da/222239f9cb171cc260731cec24b3e168fb35c9: Parent folder conflict propagated down to children
2025-12-21 09:21:52: /.git/objects/da/23f8bb1efdfc1d60c895fbd6504761b73c21b9: Parent folder conflict propagated down to children
2025-12-21 09:21:52: /.git/objects/da/42d28e9669c91f81089b91704f8311df8a1ac4: Parent folder conflict propagated down to children
2025-12-21 09:21:52: /.git/objects/da/50e0e094767ce5659a50e8d2b80954bbba2bfd: Parent folder conflict propagated down to children
2025-12-21 09:21:52: /.git/objects/da/55b79192095ea8e4a7a10cf6c5aecafb0eb896: Parent folder conflict propagated down to children
2025-12-21 09:21:52: /.git/objects/da/eda1df00834570bc0a98cc94ab92e563856b1f: Parent folder conflict propagated down to children
2025-12-21 09:21:52: /.git/objects/da/fac9c6537173ff0b155bbddc5d5c1d59da3d79: Parent folder conflict propagated down to children
2025-12-21 09:21:52: /.git/objects/db/141ef22c88b4138ac8dc30a8c0372d31ebb5ff: Parent folder conflict propagated down to children
2025-12-21 09:21:52: /.git/objects/dc/def3253e79a70921452e67709d81fd66d5fbd1: Parent folder conflict propagated down to children
2025-12-21 09:21:52: /.git/objects/dd/8c4e6ceb74e8ebb2fc9e28c270f2382cf51cf1: Parent folder conflict propagated down to children
2025-12-21 09:21:52: /.git/objects/dd/dae0b63eae16d4a25b807416f3358b19aa0670: Parent folder conflict propagated down to children
2025-12-21 09:21:52: /.git/objects/de/1e041817aaf4556d279e7eaceccdb4574c8bd8: Parent folder conflict propagated down to children
2025-12-21 09:21:52: /.git/objects/de/8e6ccb6b595609aabb204ee6652f3a365c10e4: Parent folder conflict propagated down to children
2025-12-21 09:21:52: /.git/objects/de/ee4de7f8d472797ea2bcc9b0ebf22207e5e7eb: Parent folder conflict propagated down to children
2025-12-21 09:21:52: /.git/objects/e0/8e52c745167443968b78cc49314ef6af14f13c: Parent folder conflict propagated down to children
2025-12-21 09:21:52: /.git/objects/e0/a29599624156344c81b31670c50ba9842ab472: Parent folder conflict propagated down to children
2025-12-21 09:21:52: /.git/objects/e1/4602e5396d737334a4c6d09e633892cd42663f: Parent folder conflict propagated down to children
2025-12-21 09:21:52: /.git/objects/e1/7cd5e836c4bc89802194a1465f2a703d4b1504: Parent folder conflict propagated down to children
2025-12-21 09:21:52: /.git/objects/e1/ad8bd133618ef22c5a98e34f4eed342ba4c5f6: Parent folder conflict propagated down to children
2025-12-21 09:21:52: /.git/objects/e2/450d0a708f82cc2341a0767631025f12e9e89b: Parent folder conflict propagated down to children
2025-12-21 09:21:52: /.git/objects/e2/7fac4a1169afaa3384695590145a80bdb2905a: Parent folder conflict propagated down to children
2025-12-21 09:21:52: /.git/objects/e2/d125e24a296dc559f33514516492407163ab36: Parent folder conflict propagated down to children
2025-12-21 09:21:52: /.git/objects/e3/78bc8d04359a278f7514c7bb3b3723d476ce6e: Parent folder conflict propagated down to children
2025-12-21 09:21:52: /.git/objects/e4/12f8fd4ae74230dbec000e79c13ad987370d66: Parent folder conflict propagated down to children
2025-12-21 09:21:52: /.git/objects/e4/2cde19916ef1febef4ddc71e07a5bf81638815: Parent folder conflict propagated down to children
2025-12-21 09:21:52: /.git/objects/e4/ddfd0f6c2dda349f8e8670a5bf146ef0803a0a: Parent folder conflict propagated down to children
2025-12-21 09:21:52: /.git/objects/e4/ebb29df77fe99f55d85ca69859d92b201651a6: Parent folder conflict propagated down to children
2025-12-21 09:21:52: /.git/objects/e5/1f0aa630a8eae8edf5ef0f0c8f5fff499a2878: Parent folder conflict propagated down to children
2025-12-21 09:21:52: /.git/objects/e5/9f50f43ee8a4c99f4c6bc64e612bf6731aeb0d: Parent folder conflict propagated down to children
2025-12-21 09:21:52: /.git/objects/e6/e8a3b6cb05c218837bee044793ed43fc8080a6: Parent folder conflict propagated down to children
2025-12-21 09:21:52: /.git/objects/e7/8f24c12a2a8f2e8ecfcd23f7de528a3f5f66fc: Parent folder conflict propagated down to children
2025-12-21 09:21:52: /.git/objects/e7/d4aa45088c397d1de7f0950ea1b7aa437769a4: Parent folder conflict propagated down to children
2025-12-21 09:21:52: /.git/objects/e7/e686c236dd55825dc9f7d76510275e9a944028: Parent folder conflict propagated down to children
2025-12-21 09:21:52: /.git/objects/e8/26bc901f821abb3e17f86cd9ef74571395bfd7: Parent folder conflict propagated down to children
2025-12-21 09:21:52: /.git/objects/e9/18faa797ff73e8cda561e03ea19566ff7adaae: Parent folder conflict propagated down to children
2025-12-21 09:21:52: /.git/objects/e9/afb379d542f1d0b9002e25d48d6182865d32e4: Parent folder conflict propagated down to children
2025-12-21 09:21:52: /.git/objects/ea/1133e1bbba6df8c29aee8d42d0d03f6d8c4f15: Parent folder conflict propagated down to children
2025-12-21 09:21:52: /.git/objects/ea/6de8f38fc278c1f94a46846abdc6d6d014757a: Parent folder conflict propagated down to children
2025-12-21 09:21:52: /.git/objects/eb/9061fd3480b67f3542e5c83ac6bda3279c6712: Parent folder conflict propagated down to children
2025-12-21 09:21:52: /.git/objects/ec/e9133471c3d20a19ee940a417a954c0b1002d7: Parent folder conflict propagated down to children
2025-12-21 09:21:52: /.git/objects/ed/37432af6965e01cd1f63b73a9e77a9fee86177: Parent folder conflict propagated down to children
2025-12-21 09:21:52: /.git/objects/ed/8453a5d0b09dae1b5abdf66c8078b61081d571: Parent folder conflict propagated down to children
2025-12-21 09:21:52: /.git/objects/ef/6f7844257eb01dfd808fa387c023584e6a56d5: Parent folder conflict propagated down to children
2025-12-21 09:21:52: /.git/objects/ef/aaa546b8e5ce1e67f2de7c8ede5e7247ab88cf: Parent folder conflict propagated down to children
2025-12-21 09:21:52: /.git/objects/ef/b9b9e45d3e00a400c2fa2e8fb46e53c5af67b5: Parent folder conflict propagated down to children
2025-12-21 09:21:52: /.git/objects/f0/b970661613c1c771d04811c5d04fa8dffa6291: Parent folder conflict propagated down to children
2025-12-21 09:21:52: /.git/objects/f1/547fd501c5283b0c1a787539b564ac15368a1f: Parent folder conflict propagated down to children
2025-12-21 09:21:52: /.git/objects/f1/8e33c19fff8cf4e60983054b5f0c011d5a8778: Parent folder conflict propagated down to children
2025-12-21 09:21:52: /.git/objects/f2/018ad030fb90d09eced12abf0efddd7c19bcbe: Parent folder conflict propagated down to children
2025-12-21 09:21:52: /.git/objects/f2/cc3f5675cdeb62ef20825835d29ef287ca3eeb: Parent folder conflict propagated down to children
2025-12-21 09:21:52: /.git/objects/f3/7e8c3d97b01588e0b5b7e0166ff87d0e3fcfec: Parent folder conflict propagated down to children
2025-12-21 09:21:52: /.git/objects/f3/c068bce7141298a9260752c5e2b1e8980d90df: Parent folder conflict propagated down to children
2025-12-21 09:21:52: /.git/objects/f5/59d9a03c3e0c4a2996ad49d6d8100cd1b0c11a: Parent folder conflict propagated down to children
2025-12-21 09:21:52: /.git/objects/f5/c636d8f282763af01d4c55b5ae529934fb2460: Parent folder conflict propagated down to children
2025-12-21 09:21:52: /.git/objects/f5/e7fc21f1a01c6cb4b822f17eb81d2779c2d29e: Parent folder conflict propagated down to children
2025-12-21 09:21:52: /.git/objects/f6/058a753f2ac30204641f61a3df5b76457cbd10: Parent folder conflict propagated down to children
2025-12-21 09:21:52: /.git/objects/f6/5341eb1672890bfa7007fc8f04c32057f78d09: Parent folder conflict propagated down to children
2025-12-21 09:21:52: /.git/objects/f7/1f5900e01c30d50a99834c87e7c4bc460c8c46: Parent folder conflict propagated down to children
2025-12-21 09:21:52: /.git/objects/f7/24fd50d600586e7741999ea90165573a6cde07: Parent folder conflict propagated down to children
2025-12-21 09:21:52: /.git/objects/f7/2adce327317394c5be938229df536a43bb863e: Parent folder conflict propagated down to children
2025-12-21 09:21:52: /.git/objects/f8/2fe3d6044ed952502f01537a305a1f608fd02c: Parent folder conflict propagated down to children
2025-12-21 09:21:52: /.git/objects/f8/84f8f2db87ff951cf6c0afe60f09c2d2bafabf: Parent folder conflict propagated down to children
2025-12-21 09:21:52: /.git/objects/f8/99a88ed63b540a2d88d807a14be4415157b598: Parent folder conflict propagated down to children
2025-12-21 09:21:52: /.git/objects/f8/ea685e71ccab568141f453fa5678d0e0498d8a: Parent folder conflict propagated down to children
2025-12-21 09:21:52: /.git/objects/f9/6419d2d5927c8df2f9c63222b1e25a8e01de8c: Parent folder conflict propagated down to children
2025-12-21 09:21:52: /.git/objects/f9/96633a9f169ba3794a113233231cdb17a239f6: Parent folder conflict propagated down to children
2025-12-21 09:21:52: /.git/objects/f9/b782b06abf075c49aae300fccacba0703305f5: Parent folder conflict propagated down to children
2025-12-21 09:21:52: /.git/objects/f9/fcd3d163f8a5328e5afc1610b4951f44ab00f9: Parent folder conflict propagated down to children
2025-12-21 09:21:52: /.git/objects/fa/051399235ac73044af2ff1873f1ce901bb40b8: Parent folder conflict propagated down to children
2025-12-21 09:21:52: /.git/objects/fa/1f04b846b6058d1249a42375549a29bac8c198: Parent folder conflict propagated down to children
2025-12-21 09:21:52: /.git/objects/fa/7df7ac55c1fd111646c3607bda6a8b9cd7e491: Parent folder conflict propagated down to children
2025-12-21 09:21:52: /.git/objects/fb/4500086850aec2183417a6812cb02e9c1a2fc2: Parent folder conflict propagated down to children
2025-12-21 09:21:52: /.git/objects/fb/f051045cd5fdce503715a69c0a70e3882ce89d: Parent folder conflict propagated down to children
2025-12-21 09:21:52: /.git/objects/fc/5fd38eb09e17aa2100b7587d5713b36a5fa399: Parent folder conflict propagated down to children
2025-12-21 09:21:52: /.git/objects/fc/bed60b86ed2eb9f79ffa42a17d19c50cbdafd6: Parent folder conflict propagated down to children
2025-12-21 09:21:52: /.git/objects/fd/0c5cc45f7bd5e4f559597898ab4eae61056aae: Parent folder conflict propagated down to children
2025-12-21 09:21:52: /.git/objects/fe/1460f26f142d129e17df224d5f30c86683e0cf: Parent folder conflict propagated down to children
2025-12-21 09:21:52: /.git/objects/fe/81d9c0fc0720a82fc285818f20cbf00ee6145e: Parent folder conflict propagated down to children
2025-12-21 09:21:52: /.git/objects/fe/f908accf2a7a891f0302e0f1be7342c7ec59fd: Parent folder conflict propagated down to children
2025-12-21 09:21:52: /.git/objects/ff/19aaa08746127d7a7a038349085b5e8b89d383: Parent folder conflict propagated down to children
2025-12-21 09:21:52: /.git/objects/ff/9e504ef9e49956b6b586485218cca21dfbefae: Parent folder conflict propagated down to children
2025-12-21 09:21:52: /.git/objects/ff/b2ada48968455dca1d7c15c5984352682c8a4b: Parent folder conflict propagated down to children
2025-12-21 09:21:52: /.git/objects/ff/d6bffcce279c6a69cb22dc8557d1de12d056cd: Parent folder conflict propagated down to children
2025-12-21 09:21:52: /.git/objects/ff/f1a9b44f445fb21c7ca51954df33dd2b34d8aa: Parent folder conflict propagated down to children
2025-12-21 09:21:52: /.git/objects/ff/fec696f01d93e0db63a37475494adbc8103d27: Parent folder conflict propagated down to children
2025-12-21 09:21:52: /.git/objects/pack/pack-097042b34043b55f4cea305cc4487110dc98c799.pack: Parent folder conflict propagated down to children
2025-12-21 09:21:52: /.git/objects/pack/pack-e7a24c9e68c7f4b50bf6241104c679d660faf33a.pack: Parent folder conflict propagated down to children
2025-12-21 09:21:52: /.git/refs/heads/master: Parent folder conflict propagated down to children
2025-12-21 09:21:52: /.git/refs/remotes/PropulsionSystem/master: Parent folder conflict propagated down to children
2025-12-21 09:21:52: /.git/sourcetreeconfig.json: Parent folder conflict propagated down to children
2025-12-21 09:21:52: Cannot autoresolve the conflict because time is the same on both sides: /.git/COMMIT_EDITMSG
2025-12-21 09:21:52: Cannot autoresolve the conflict because time is the same on both sides: /.git/index
2025-12-21 09:21:52: Cannot autoresolve the conflict because time is the same on both sides: /.git/logs/HEAD
2025-12-21 09:21:52: Cannot autoresolve the conflict because time is the same on both sides: /.git/logs/refs/heads/master
2025-12-21 09:21:52: Cannot autoresolve the conflict because time is the same on both sides: /.git/logs/refs/remotes/PropulsionSystem/master
2025-12-21 09:21:52: Cannot autoresolve the conflict because time is the same on both sides: /.git/objects/00/17fc2a34f74193b8ed2cbaaa4209eb1b3f6a90
2025-12-21 09:21:52: Cannot autoresolve the conflict because time is the same on both sides: /.git/objects/00/1ad2f6a9e30b055c0d9a3a8c989f37edd673de
2025-12-21 09:21:52: Cannot autoresolve the conflict because time is the same on both sides: /.git/objects/00/605045097a9085ca25ed7911dba67f75d794da
2025-12-21 09:21:52: Cannot autoresolve the conflict because time is the same on both sides: /.git/objects/01/2ddcdef88795e420169fd17d6447ca3f2a77a9
2025-12-21 09:21:52: Cannot autoresolve the conflict because time is the same on both sides: /.git/objects/01/704306fc5934bd96af32cb5354735cfe2b3fb0
2025-12-21 09:21:52: Cannot autoresolve the conflict because time is the same on both sides: /.git/objects/01/7485ab45e9c0e670976937fc09d3d17d5599d7
2025-12-21 09:21:52: Cannot autoresolve the conflict because time is the same on both sides: /.git/objects/01/9b150708deb1da36fc27c47530074b75b103ea
2025-12-21 09:21:52: Cannot autoresolve the conflict because time is the same on both sides: /.git/objects/01/d3704e06175dd2f07b83067157153c63ff0487
2025-12-21 09:21:52: Cannot autoresolve the conflict because time is the same on both sides: /.git/objects/02/2621ed50637daa9b7364790b77eaac96bf0135
2025-12-21 09:21:52: Cannot autoresolve the conflict because time is the same on both sides: /.git/objects/02/3e757699e915412158c3d809f07c64cc150b9d
2025-12-21 09:21:52: Cannot autoresolve the conflict because time is the same on both sides: /.git/objects/02/cc682d8ca124901bcec0f746b1efe037917716
2025-12-21 09:21:52: Cannot autoresolve the conflict because time is the same on both sides: /.git/objects/02/d962895d38be5bc1b0e874f2d0ad0745b0a5e9
2025-12-21 09:21:52: Cannot autoresolve the conflict because time is the same on both sides: /.git/objects/02/f9be9437db90fd5a7dd2fc6d2f650a05b04ef6
2025-12-21 09:21:52: Cannot autoresolve the conflict because time is the same on both sides: /.git/objects/03/47899d56f4a80a418300699684a7a1865432d5
2025-12-21 09:21:52: Cannot autoresolve the conflict because time is the same on both sides: /.git/objects/04/7319d004b2065bd395ad9db2cf6414a38d7567
2025-12-21 09:21:52: Cannot autoresolve the conflict because time is the same on both sides: /.git/objects/04/d501600bac0cacb19d5394a73412614248baaf
2025-12-21 09:21:52: Cannot autoresolve the conflict because time is the same on both sides: /.git/objects/04/dcd5691a1156e3f76ba28c23568693a2cd3397
2025-12-21 09:21:52: Cannot autoresolve the conflict because time is the same on both sides: /.git/objects/05/1363d35728a298c20757e498c4c6a0666d6015
2025-12-21 09:21:52: Cannot autoresolve the conflict because time is the same on both sides: /.git/objects/05/cdd8008443bbb55da46a385ae5d8c250a518b2
2025-12-21 09:21:52: Cannot autoresolve the conflict because time is the same on both sides: /.git/objects/06/92e1fdbec77f90b9f13ddf28146a9c48a61dff
2025-12-21 09:21:52: Cannot autoresolve the conflict because time is the same on both sides: /.git/objects/06/cc20ff880ec7fda33d1387f53d8375f6d9a21b
2025-12-21 09:21:52: Cannot autoresolve the conflict because time is the same on both sides: /.git/objects/07/1c8761c49d503a28a27498e93591452d979c24
2025-12-21 09:21:52: Cannot autoresolve the conflict because time is the same on both sides: /.git/objects/07/baf50f2ddd8f66b89ee6bc33aca6b18463fe10
2025-12-21 09:21:52: Cannot autoresolve the conflict because time is the same on both sides: /.git/objects/08/201ea9e857248aff2bda3c1d79d0fc11e95929
2025-12-21 09:21:52: Cannot autoresolve the conflict because time is the same on both sides: /.git/objects/08/401e975592f16f9fd5d83d01639f99b47bf9d5
2025-12-21 09:21:52: Cannot autoresolve the conflict because time is the same on both sides: /.git/objects/08/cfc7679935349ac8085bfd394519d340e3579b
2025-12-21 09:21:52: Cannot autoresolve the conflict because time is the same on both sides: /.git/objects/09/629fff1f21a245b60fca61f0c3867b66003ab3
2025-12-21 09:21:52: Cannot autoresolve the conflict because time is the same on both sides: /.git/objects/09/b4c5dbb917479042f26da59bbb6b43688c5d79
2025-12-21 09:21:52: Cannot autoresolve the conflict because time is the same on both sides: /.git/objects/0b/0db2043dd0cd6ff756c2c747ddd198209738c5
2025-12-21 09:21:52: Cannot autoresolve the conflict because time is the same on both sides: /.git/objects/0b/2fe39143ae418b4af2154237138c7dcf775fa9
2025-12-21 09:21:52: Cannot autoresolve the conflict because time is the same on both sides: /.git/objects/0b/303406dcdf2f45c0662ad81b9823e0093e84aa
2025-12-21 09:21:52: Cannot autoresolve the conflict because time is the same on both sides: /.git/objects/0b/52ea22943d6f122622e44e043e07b00fe94ef6
2025-12-21 09:21:52: Cannot autoresolve the conflict because time is the same on both sides: /.git/objects/0b/e4dc41d6e22cab274859bd461d16e3c639be2f
2025-12-21 09:21:52: Cannot autoresolve the conflict because time is the same on both sides: /.git/objects/0c/51b2e13fd22b972219056532a4afc3e2d1d22a
2025-12-21 09:21:52: Cannot autoresolve the conflict because time is the same on both sides: /.git/objects/0c/5beff6f31127ea2c5b2fb0af0149c49b489dcd
2025-12-21 09:21:52: Cannot autoresolve the conflict because time is the same on both sides: /.git/objects/0c/9286d574684dd361b908096ede9669de17eb53
2025-12-21 09:21:52: Cannot autoresolve the conflict because time is the same on both sides: /.git/objects/0c/dba0199ff19b7f4ccdd764c6e63c046ec6ddc4
2025-12-21 09:21:52: Cannot autoresolve the conflict because time is the same on both sides: /.git/objects/0c/f70aaa5f3e46f87a7ed463ee7b291b8ba6adcc
2025-12-21 09:21:52: Cannot autoresolve the conflict because time is the same on both sides: /.git/objects/0d/4b574c12053ea8922083bd89c30b895bf5cc93
2025-12-21 09:21:52: Cannot autoresolve the conflict because time is the same on both sides: /.git/objects/0e/725c889c1f6edf936df12bea15c4ab756f41be
2025-12-21 09:21:52: Cannot autoresolve the conflict because time is the same on both sides: /.git/objects/0e/e064f484b78f6bc9b8ccee97ad01eee995267c
2025-12-21 09:21:52: Cannot autoresolve the conflict because time is the same on both sides: /.git/objects/0f/0971397ea42cfcf89d01b41ace4567f7736733
2025-12-21 09:21:52: Cannot autoresolve the conflict because time is the same on both sides: /.git/objects/0f/62a811a80e6b24c7d7c042856bbcd65df4d6b2
2025-12-21 09:21:52: Cannot autoresolve the conflict because time is the same on both sides: /.git/objects/0f/826076918f7eae37797009513ebe923c631df6
2025-12-21 09:21:52: Cannot autoresolve the conflict because time is the same on both sides: /.git/objects/11/20837763855179c190d937456bd9dc78f6b2e4
2025-12-21 09:21:52: Cannot autoresolve the conflict because time is the same on both sides: /.git/objects/11/52b5ba0116b6a2de65c3aa853d88014a1f1dcb
2025-12-21 09:21:52: Cannot autoresolve the conflict because time is the same on both sides: /.git/objects/11/e6ead554791bc07eb8590882a5a20fc587ba24
2025-12-21 09:21:52: Cannot autoresolve the conflict because time is the same on both sides: /.git/objects/12/362087f88b0cd847efb5f3985de5c0db00d0ab
2025-12-21 09:21:52: Cannot autoresolve the conflict because time is the same on both sides: /.git/objects/12/53d1daa761b2e347a62da5f3f73997283966df
2025-12-21 09:21:52: Cannot autoresolve the conflict because time is the same on both sides: /.git/objects/13/75cc32886e577f3ad6113a4f538e3281ecdec0
2025-12-21 09:21:52: Cannot autoresolve the conflict because time is the same on both sides: /.git/objects/14/709704c04224e299d288a76d80355e4af9a65d
2025-12-21 09:21:52: Cannot autoresolve the conflict because time is the same on both sides: /.git/objects/14/7687b617310236401eb81d20dcc9436a3eb1a4
2025-12-21 09:21:52: Cannot autoresolve the conflict because time is the same on both sides: /.git/objects/14/84b95b55a0e10b909c4d332695e4501ae418da
2025-12-21 09:21:52: Cannot autoresolve the conflict because time is the same on both sides: /.git/objects/15/3cf30f9ce625c5b91fddbc65e7a90e505e5355
2025-12-21 09:21:52: Cannot autoresolve the conflict because time is the same on both sides: /.git/objects/16/5211fa9332166f2329fed40991c57059f33f8a
2025-12-21 09:21:52: Cannot autoresolve the conflict because time is the same on both sides: /.git/objects/16/b7a47d07e5bd16a73c6d7df19ae952129e22b4
2025-12-21 09:21:52: Cannot autoresolve the conflict because time is the same on both sides: /.git/objects/17/6a9880a30bcc467527b36d127ed0abae27a124
2025-12-21 09:21:52: Cannot autoresolve the conflict because time is the same on both sides: /.git/objects/17/87ff097cd119cf5fcae1aff6eb49308cedd707
2025-12-21 09:21:52: Cannot autoresolve the conflict because time is the same on both sides: /.git/objects/17/e60941baf52fe5f5ad85e20daefc5f841d6b52
2025-12-21 09:21:52: Cannot autoresolve the conflict because time is the same on both sides: /.git/objects/18/036de4062a07059242169728a1c64ca60e1ca9
2025-12-21 09:21:52: Cannot autoresolve the conflict because time is the same on both sides: /.git/objects/18/1e441e4343b7d76e9a58a2e8ec767b0afe8344
2025-12-21 09:21:52: Cannot autoresolve the conflict because time is the same on both sides: /.git/objects/19/a5e5e5ce6b92364ba7b6c434ab1c490ca10ed7
2025-12-21 09:21:52: Cannot autoresolve the conflict because time is the same on both sides: /.git/objects/1a/6226c47f9e80bee70d12801cfdd747d53b21f9
2025-12-21 09:21:52: Cannot autoresolve the conflict because time is the same on both sides: /.git/objects/1a/79bbdad2f5d962dfb23955ef7d0b52f722fc99
2025-12-21 09:21:52: Cannot autoresolve the conflict because time is the same on both sides: /.git/objects/1a/9bcc0998effff02da8900fb177bf2d7f043bf5
2025-12-21 09:21:52: Cannot autoresolve the conflict because time is the same on both sides: /.git/objects/1b/17cfcbaa07948a89c3913e846cc922d515b725
2025-12-21 09:21:52: Cannot autoresolve the conflict because time is the same on both sides: /.git/objects/1b/43eb593c45f8223a0a9923a92522de3ab97c85
2025-12-21 09:21:52: Cannot autoresolve the conflict because time is the same on both sides: /.git/objects/1b/49b6282e27ffab0ab276c750ddd741085504df
2025-12-21 09:21:52: Cannot autoresolve the conflict because time is the same on both sides: /.git/objects/1b/7b70a9952e3263636c6bab0cfb403dcaef5dee
2025-12-21 09:21:52: Cannot autoresolve the conflict because time is the same on both sides: /.git/objects/1b/d13193e5e2172c6b9ace41c7ff6ede7ace733a
2025-12-21 09:21:52: Cannot autoresolve the conflict because time is the same on both sides: /.git/objects/1c/4bf12f80958ab7253157b010fd52220041e452
2025-12-21 09:21:52: Cannot autoresolve the conflict because time is the same on both sides: /.git/objects/1c/9a18de626a8dd9176c73d8926116fe501379c4
2025-12-21 09:21:52: Cannot autoresolve the conflict because time is the same on both sides: /.git/objects/1c/ed3df87702060d4258cb8f2af2f52c8bf3f231
2025-12-21 09:21:52: Cannot autoresolve the conflict because time is the same on both sides: /.git/objects/1d/45cccaa2123b26994c269234f16b4995bc264a
2025-12-21 09:21:52: Cannot autoresolve the conflict because time is the same on both sides: /.git/objects/1d/642716775073c534ceb483a81eb9421dc14d87
2025-12-21 09:21:52: Cannot autoresolve the conflict because time is the same on both sides: /.git/objects/1f/974b9a078666cdd74e29b207b1a395bca5cbda
2025-12-21 09:21:52: Cannot autoresolve the conflict because time is the same on both sides: /.git/objects/21/30222d3a41c5407b9dd119a605b5b0af325cec
2025-12-21 09:21:52: Cannot autoresolve the conflict because time is the same on both sides: /.git/objects/21/3cca5ee65e153dd4a1fdad3e72b14e33923e01
2025-12-21 09:21:52: Cannot autoresolve the conflict because time is the same on both sides: /.git/objects/21/4ae0890d0fbb51c8ed61b0df8135094c976792
2025-12-21 09:21:52: Cannot autoresolve the conflict because time is the same on both sides: /.git/objects/22/91c03f090d74382380f18a3a8e4dc4a09849b0
2025-12-21 09:21:52: Cannot autoresolve the conflict because time is the same on both sides: /.git/objects/22/bf20c0dc7436abca791b6a48b65260871202a4
2025-12-21 09:21:52: Cannot autoresolve the conflict because time is the same on both sides: /.git/objects/22/d4d6ac6a4d931b38894389cf7d68965dfa226f
2025-12-21 09:21:52: Cannot autoresolve the conflict because time is the same on both sides: /.git/objects/23/36eb94d55e5c967fe14546310a22f5d14dc273
2025-12-21 09:21:52: Cannot autoresolve the conflict because time is the same on both sides: /.git/objects/23/8df3eca3b86f5eff097de35f30ccd4ea02502a
2025-12-21 09:21:52: Cannot autoresolve the conflict because time is the same on both sides: /.git/objects/23/a7349fb0bef1cfabb4c8044ffe35e4008add11
2025-12-21 09:21:52: Cannot autoresolve the conflict because time is the same on both sides: /.git/objects/23/b6e33420c86e419a4cbc947d6a2437147289bc
2025-12-21 09:21:52: Cannot autoresolve the conflict because time is the same on both sides: /.git/objects/24/c5874be1ba629ceaeb9858787af40b36886d9b
2025-12-21 09:21:52: Cannot autoresolve the conflict because time is the same on both sides: /.git/objects/25/7ed7524948e5301954425bd0b2d6a878c52833
2025-12-21 09:21:52: Cannot autoresolve the conflict because time is the same on both sides: /.git/objects/26/28f020e666d108c7368fbae23ba46d6f47585c
2025-12-21 09:21:52: Cannot autoresolve the conflict because time is the same on both sides: /.git/objects/26/570f256f43b17307b73f5006bb9148a372f206
2025-12-21 09:21:52: Cannot autoresolve the conflict because time is the same on both sides: /.git/objects/26/61b46a6099348737a72431fbf265f76a2e212c
2025-12-21 09:21:52: Cannot autoresolve the conflict because time is the same on both sides: /.git/objects/26/8cacc826ab52675dbbd30cb2fc37f7d33b3813
2025-12-21 09:21:52: Cannot autoresolve the conflict because time is the same on both sides: /.git/objects/26/d3555f15e21e9befdf3752fad774680ba9521c
2025-12-21 09:21:52: Cannot autoresolve the conflict because time is the same on both sides: /.git/objects/26/edd44b091ec355f9578cac18b2f9993b5b4691
2025-12-21 09:21:52: Cannot autoresolve the conflict because time is the same on both sides: /.git/objects/27/6c4841f897f0a05690059809e84d05ee2be661
2025-12-21 09:21:52: Cannot autoresolve the conflict because time is the same on both sides: /.git/objects/27/f12b4c42ce644ecbd65db73fee0c0a18c5e591
2025-12-21 09:21:52: Cannot autoresolve the conflict because time is the same on both sides: /.git/objects/28/0f7b366f7c6e18f3b46bf04f80a24b1e7c9f08
2025-12-21 09:21:52: Cannot autoresolve the conflict because time is the same on both sides: /.git/objects/28/28bf79748c1ed9957ca43a7dbea3a7db4380fb
2025-12-21 09:21:52: Cannot autoresolve the conflict because time is the same on both sides: /.git/objects/2a/26e074aeb655fe5bbc9d66a8e2320c363a3fe3
2025-12-21 09:21:52: Cannot autoresolve the conflict because time is the same on both sides: /.git/objects/2a/3eee553ad5e28cb08de925fdadb4d91c542be3
2025-12-21 09:21:52: Cannot autoresolve the conflict because time is the same on both sides: /.git/objects/2a/48b90a2007a61f5f01b55642f2b508b36560f0
2025-12-21 09:21:52: Cannot autoresolve the conflict because time is the same on both sides: /.git/objects/2a/5c6af219da75e331934269e849f6a15a8a753a
2025-12-21 09:21:52: Cannot autoresolve the conflict because time is the same on both sides: /.git/objects/2a/71262fe6b0aa2a64e6932232856ceb6942ffa0
2025-12-21 09:21:52: Cannot autoresolve the conflict because time is the same on both sides: /.git/objects/2a/87e84e27938ebe918ae59aa69defb9b0913bc4
2025-12-21 09:21:52: Cannot autoresolve the conflict because time is the same on both sides: /.git/objects/2a/ea11798c5069a924357596edbded3736cc9d53
2025-12-21 09:21:52: Cannot autoresolve the conflict because time is the same on both sides: /.git/objects/2b/4907ebb1500e524cafe1b44cc1c07840d7aae5
2025-12-21 09:21:52: Cannot autoresolve the conflict because time is the same on both sides: /.git/objects/2b/711b5c023cdd1b08c91869df5471449c885281
2025-12-21 09:21:52: Cannot autoresolve the conflict because time is the same on both sides: /.git/objects/2c/87933c55469facc0f7a0e6b58bbae3cc906806
2025-12-21 09:21:52: Cannot autoresolve the conflict because time is the same on both sides: /.git/objects/2c/afc93b6898eb1954089f46642200f085d98388
2025-12-21 09:21:52: Cannot autoresolve the conflict because time is the same on both sides: /.git/objects/2c/f5fce89777676d856f947c26667948230a2464
2025-12-21 09:21:52: Cannot autoresolve the conflict because time is the same on both sides: /.git/objects/2e/9d026cddcb2ac258d8a5264e9ee73899167e65
2025-12-21 09:21:52: Cannot autoresolve the conflict because time is the same on both sides: /.git/objects/2e/afac63d1bb2081f89616c79b6a9030f1aae35d
2025-12-21 09:21:52: Cannot autoresolve the conflict because time is the same on both sides: /.git/objects/2f/09083b6174d8312187ec5e3180001dc9789eba
2025-12-21 09:21:52: Cannot autoresolve the conflict because time is the same on both sides: /.git/objects/2f/27c932c3bf5ae0b2ff75444f43f91fcf4999c7
2025-12-21 09:21:52: Cannot autoresolve the conflict because time is the same on both sides: /.git/objects/2f/41e5398821518c7d748d3ffb07ec0cb5462fd6
2025-12-21 09:21:52: Cannot autoresolve the conflict because time is the same on both sides: /.git/objects/2f/a28969a0eb3bdd5441861ebe105b9e1f9f35bb
2025-12-21 09:21:52: Cannot autoresolve the conflict because time is the same on both sides: /.git/objects/2f/e10d61dae9a9831cc91e37946ce5553bcc37ff
2025-12-21 09:21:52: Cannot autoresolve the conflict because time is the same on both sides: /.git/objects/30/4b387618de0da3f2bd591e49e544dedf58cfb3
2025-12-21 09:21:52: Cannot autoresolve the conflict because time is the same on both sides: /.git/objects/30/b06c4a66b71092457dc0862cfcab444163efeb
2025-12-21 09:21:52: Cannot autoresolve the conflict because time is the same on both sides: /.git/objects/31/025d06f2dfa65c596b67c329858d685196968f
2025-12-21 09:21:52: Cannot autoresolve the conflict because time is the same on both sides: /.git/objects/31/2b88d763130a19b3a57a7a8287e1406b0a2a56
2025-12-21 09:21:52: Cannot autoresolve the conflict because time is the same on both sides: /.git/objects/31/3ae3b08bc381212d5ee8a5ff4654b69833a1bd
2025-12-21 09:21:52: Cannot autoresolve the conflict because time is the same on both sides: /.git/objects/31/4948e95273684599bffc32297b0768bc163e5f
2025-12-21 09:21:52: Cannot autoresolve the conflict because time is the same on both sides: /.git/objects/31/d44a3568d4c8dc6fb776653f56d43eeb19de73
2025-12-21 09:21:52: Cannot autoresolve the conflict because time is the same on both sides: /.git/objects/31/d804b1b4da76a6cfa5d4c812c9289812220be0
2025-12-21 09:21:52: Cannot autoresolve the conflict because time is the same on both sides: /.git/objects/32/566d853c53ef88c5cd4d736dbbc773c0e36843
2025-12-21 09:21:52: Cannot autoresolve the conflict because time is the same on both sides: /.git/objects/32/a58c91cc933b3a3ce90d25637e8d2e36eb513d
2025-12-21 09:21:52: Cannot autoresolve the conflict because time is the same on both sides: /.git/objects/34/1ee834dfac1d502cc790eefad204668c828b24
2025-12-21 09:21:52: Cannot autoresolve the conflict because time is the same on both sides: /.git/objects/34/3ad8ed09bff60d7d5fdcfed17d8aef7e2a318d
2025-12-21 09:21:52: Cannot autoresolve the conflict because time is the same on both sides: /.git/objects/34/b296d3e988fc2688dfbb64f4904123fa054088
2025-12-21 09:21:52: Cannot autoresolve the conflict because time is the same on both sides: /.git/objects/34/f985981a0203f21688ecb0cf41904b88c2e8be
2025-12-21 09:21:52: Cannot autoresolve the conflict because time is the same on both sides: /.git/objects/35/7ae6bf9aaad621c681c1888e38ab992a4a04b4
2025-12-21 09:21:52: Cannot autoresolve the conflict because time is the same on both sides: /.git/objects/37/f9eb87eb5d6d5857ecf8d85e40536dd64f0638
2025-12-21 09:21:52: Cannot autoresolve the conflict because time is the same on both sides: /.git/objects/38/0a5efa02c1d432214ae56814507eef93a649c9
2025-12-21 09:21:52: Cannot autoresolve the conflict because time is the same on both sides: /.git/objects/39/4c56690f27b1c903c83be6f414017f14d8b881
2025-12-21 09:21:52: Cannot autoresolve the conflict because time is the same on both sides: /.git/objects/39/5a19d82e924b423cfcbf40caabf06ca54a2254
2025-12-21 09:21:52: Cannot autoresolve the conflict because time is the same on both sides: /.git/objects/3a/cc851a526afd9e41e95d242c9c0dff57d31d5a
2025-12-21 09:21:52: Cannot autoresolve the conflict because time is the same on both sides: /.git/objects/3b/060fd6bbd7276d025b4307deb7a8f2498467f0
2025-12-21 09:21:52: Cannot autoresolve the conflict because time is the same on both sides: /.git/objects/3b/2feaad4a06ea8e4af26a66b9b41c3d37194080
2025-12-21 09:21:52: Cannot autoresolve the conflict because time is the same on both sides: /.git/objects/3b/4d201dec66a63359a678a3185991f4a3d30fd4
2025-12-21 09:21:52: Cannot autoresolve the conflict because time is the same on both sides: /.git/objects/3b/5f87a954f237e6c4d94b400dfa093b78d26bc1
2025-12-21 09:21:52: Cannot autoresolve the conflict because time is the same on both sides: /.git/objects/3c/84078b303f6b4f4a27833d941317f60d4a52cb
2025-12-21 09:21:52: Cannot autoresolve the conflict because time is the same on both sides: /.git/objects/3d/0bbe954d0ddc84cf66e5f1d5f562ead11c8724
2025-12-21 09:21:52: Cannot autoresolve the conflict because time is the same on both sides: /.git/objects/3d/7dab05c908440d6313e62dfe9ad98d680db466
2025-12-21 09:21:52: Cannot autoresolve the conflict because time is the same on both sides: /.git/objects/3d/9d9e8901d2c68ddd4ee7fedf12260b332f2a1e
2025-12-21 09:21:52: Cannot autoresolve the conflict because time is the same on both sides: /.git/objects/3f/0c77a48d3d9b71e2226df4f3893dd31cc8346d
2025-12-21 09:21:52: Cannot autoresolve the conflict because time is the same on both sides: /.git/objects/3f/83b460e115f39a59312b141169c824ca8298c6
2025-12-21 09:21:52: Cannot autoresolve the conflict because time is the same on both sides: /.git/objects/3f/8babff9e19b1a1145cbd0b9a97899fbd11beef
2025-12-21 09:21:52: Cannot autoresolve the conflict because time is the same on both sides: /.git/objects/40/ce909898353863992a1bcd58da6ea61f04e32c
2025-12-21 09:21:52: Cannot autoresolve the conflict because time is the same on both sides: /.git/objects/41/3bc63fa065826d4c8b121c143e52476b4424c6
2025-12-21 09:21:52: Cannot autoresolve the conflict because time is the same on both sides: /.git/objects/41/bb6598ed00970045eca718af1bbbeaa6ae0d9b
2025-12-21 09:21:52: Cannot autoresolve the conflict because time is the same on both sides: /.git/objects/41/f45d9e02d5f5f422a345b3762c30d859745e81
2025-12-21 09:21:52: Cannot autoresolve the conflict because time is the same on both sides: /.git/objects/42/43f595e912454f157353eee98af09bf3b36b32
2025-12-21 09:21:52: Cannot autoresolve the conflict because time is the same on both sides: /.git/objects/42/bfe78546bab98ccf24cf9881e8bcc78206e1e1
2025-12-21 09:21:52: Cannot autoresolve the conflict because time is the same on both sides: /.git/objects/45/006f0768a22b78fbf3e8723d5a19212380e5e0
2025-12-21 09:21:52: Cannot autoresolve the conflict because time is the same on both sides: /.git/objects/46/82d7b0a60f33132e26a8abfc7d3f155758aa17
2025-12-21 09:21:52: Cannot autoresolve the conflict because time is the same on both sides: /.git/objects/46/be851fc0ceb4f5ccaca177231bff0ebb9f71c2
2025-12-21 09:21:52: Cannot autoresolve the conflict because time is the same on both sides: /.git/objects/46/c9916662b6f607d833899356de298fc5b558d7
2025-12-21 09:21:52: Cannot autoresolve the conflict because time is the same on both sides: /.git/objects/47/0459c80b8ebd9d776cf60b6b8825288215822f
2025-12-21 09:21:52: Cannot autoresolve the conflict because time is the same on both sides: /.git/objects/47/4ea58daa9715773395818741e859a68d493767
2025-12-21 09:21:52: Cannot autoresolve the conflict because time is the same on both sides: /.git/objects/47/77af759d0de2216170574f23ac1402db2b77b5
2025-12-21 09:21:52: Cannot autoresolve the conflict because time is the same on both sides: /.git/objects/47/89eec032dfa9e60af0f865097aea611f57b585
2025-12-21 09:21:52: Cannot autoresolve the conflict because time is the same on both sides: /.git/objects/47/c1a11c2212837e8cf2b8575d91f87a351dbdab
2025-12-21 09:21:52: Cannot autoresolve the conflict because time is the same on both sides: /.git/objects/48/4567b077558e1afb7af810fe02fb26eebf8591
2025-12-21 09:21:52: Cannot autoresolve the conflict because time is the same on both sides: /.git/objects/49/e724bef18470235f4909ba5a7fdf8450fa21a5
2025-12-21 09:21:52: Cannot autoresolve the conflict because time is the same on both sides: /.git/objects/49/f439635f52382b4d4cfa8e79106b13a27c0977
2025-12-21 09:21:52: Cannot autoresolve the conflict because time is the same on both sides: /.git/objects/4a/85b153034706ffb18792fbe1e660409c996574
2025-12-21 09:21:52: Cannot autoresolve the conflict because time is the same on both sides: /.git/objects/4b/0ecefa592377fbced1f44884cfc6ac924ee4c7
2025-12-21 09:21:52: Cannot autoresolve the conflict because time is the same on both sides: /.git/objects/4b/3c531ae0c9f9ceb7e408adf6469127c5035ab0
2025-12-21 09:21:52: Cannot autoresolve the conflict because time is the same on both sides: /.git/objects/4b/92cc5ded11ae4ebb73f277ea28e47407641796
2025-12-21 09:21:52: Cannot autoresolve the conflict because time is the same on both sides: /.git/objects/4b/f64f9ad998bfff4de4851c5726e16369afd234
2025-12-21 09:21:52: Cannot autoresolve the conflict because time is the same on both sides: /.git/objects/4c/df4e7280918aea0187b8ed94704d8a6412ced4
2025-12-21 09:21:52: Cannot autoresolve the conflict because time is the same on both sides: /.git/objects/4d/fba39acc252a963ca6bfd7932bdcbe7b126425
2025-12-21 09:21:52: Cannot autoresolve the conflict because time is the same on both sides: /.git/objects/4e/2fcd7308780b27c0bbb2133fdfeaad60845be7
2025-12-21 09:21:52: Cannot autoresolve the conflict because time is the same on both sides: /.git/objects/4f/67c3d419118be8fe81141d1061c2cd2c405007
2025-12-21 09:21:52: Cannot autoresolve the conflict because time is the same on both sides: /.git/objects/4f/93bf2ef9c061abdbe7fa522eb3f09572a2d549
2025-12-21 09:21:52: Cannot autoresolve the conflict because time is the same on both sides: /.git/objects/4f/c64c9f7e8eeb9853bf2e8034288868b1982e13
2025-12-21 09:21:52: Cannot autoresolve the conflict because time is the same on both sides: /.git/objects/50/b21cea644c40831bc7dcf73de0f5486530e68d
2025-12-21 09:21:52: Cannot autoresolve the conflict because time is the same on both sides: /.git/objects/51/bac3bf46546052132a7264c9771157b373d336
2025-12-21 09:21:52: Cannot autoresolve the conflict because time is the same on both sides: /.git/objects/51/e3089b392e3647c6bf11d1c9b83a62afd14e82
2025-12-21 09:21:52: Cannot autoresolve the conflict because time is the same on both sides: /.git/objects/51/ed9d4a857437993018f8b1d7b720bf18717e3c
2025-12-21 09:21:52: Cannot autoresolve the conflict because time is the same on both sides: /.git/objects/52/c9ad1ffd5bc0485b282a5422b92516b74b17e5
2025-12-21 09:21:52: Cannot autoresolve the conflict because time is the same on both sides: /.git/objects/53/cb531ed7af6606f9e783d0b339927451af2e7e
2025-12-21 09:21:52: Cannot autoresolve the conflict because time is the same on both sides: /.git/objects/53/e88c2e05d016244bc26fc2a1ed3e8a6392792a
2025-12-21 09:21:52: Cannot autoresolve the conflict because time is the same on both sides: /.git/objects/54/02b2b1a7a3536917e9702f230069bc05ec3cc8
2025-12-21 09:21:52: Cannot autoresolve the conflict because time is the same on both sides: /.git/objects/54/644b08e0d85ecc1496a3cc749f4d46b4ca18e4
2025-12-21 09:21:52: Cannot autoresolve the conflict because time is the same on both sides: /.git/objects/54/825390c1c995c8fff913f049fd40ad6f2624a1
2025-12-21 09:21:52: Cannot autoresolve the conflict because time is the same on both sides: /.git/objects/54/d69927e7459ada8a3b6523a84b2f56b30dae5d
2025-12-21 09:21:52: Cannot autoresolve the conflict because time is the same on both sides: /.git/objects/55/7fa8dc4e06879c2ffec3736b98cbcaccf709d8
2025-12-21 09:21:52: Cannot autoresolve the conflict because time is the same on both sides: /.git/objects/56/181c8447146bfcd3ae2d069861769b3f158907
2025-12-21 09:21:52: Cannot autoresolve the conflict because time is the same on both sides: /.git/objects/56/602aba5137bb2884aa292f24f7e8c28589deaf
2025-12-21 09:21:52: Cannot autoresolve the conflict because time is the same on both sides: /.git/objects/56/779ebf0a888cf77626f95c9d76c07831a4ef1e
2025-12-21 09:21:52: Cannot autoresolve the conflict because time is the same on both sides: /.git/objects/56/d7fa170d9d29b722457156d0206743a464d5f4
2025-12-21 09:21:52: Cannot autoresolve the conflict because time is the same on both sides: /.git/objects/57/832f922b327389c70985d6cefd44d45fc0f759
2025-12-21 09:21:52: Cannot autoresolve the conflict because time is the same on both sides: /.git/objects/58/00ed5904a04c12585ab7ca44d5d032df8cc37e
2025-12-21 09:21:52: Cannot autoresolve the conflict because time is the same on both sides: /.git/objects/58/1b461af535d5cdc40930d2bd99d9b473803cae
2025-12-21 09:21:52: Cannot autoresolve the conflict because time is the same on both sides: /.git/objects/58/63120ebb1bce173b08a99c99cbba589193254c
2025-12-21 09:21:52: Cannot autoresolve the conflict because time is the same on both sides: /.git/objects/58/b35d5482d22ce2c8502fb652121786099acb30
2025-12-21 09:21:52: Cannot autoresolve the conflict because time is the same on both sides: /.git/objects/58/e2b051d103201f71af188839c38419d32a5ff8
2025-12-21 09:21:52: Cannot autoresolve the conflict because time is the same on both sides: /.git/objects/5a/3c546e5969712c82e87104d9923f036772ce7d
2025-12-21 09:21:52: Cannot autoresolve the conflict because time is the same on both sides: /.git/objects/5c/631edf4c379c9c11680e92531f4deefea16392
2025-12-21 09:21:52: Cannot autoresolve the conflict because time is the same on both sides: /.git/objects/5c/6a8c3d91cecccecadb7c76f558b1127ce34c73
2025-12-21 09:21:52: Cannot autoresolve the conflict because time is the same on both sides: /.git/objects/5c/7115d3eb3d9f967460407f72b6bc0e62716b9e
2025-12-21 09:21:52: Cannot autoresolve the conflict because time is the same on both sides: /.git/objects/5e/9a7247f22378b85b033af053d21ff8ce503a95
2025-12-21 09:21:52: Cannot autoresolve the conflict because time is the same on both sides: /.git/objects/5e/9f7df3d04f04dae085baac39d3661ae06d873b
2025-12-21 09:21:52: Cannot autoresolve the conflict because time is the same on both sides: /.git/objects/5f/463f389d6959782e18fa24827dfdd174bba950
2025-12-21 09:21:52: Cannot autoresolve the conflict because time is the same on both sides: /.git/objects/5f/79f080f894031eb84876c06f28f2f1c27ef4c9
2025-12-21 09:21:52: Cannot autoresolve the conflict because time is the same on both sides: /.git/objects/5f/c84e37eb0f119980f9151bec5668b1b5d3bef1
2025-12-21 09:21:52: Cannot autoresolve the conflict because time is the same on both sides: /.git/objects/60/8520e2a8616c61137d5f33fd173bb7429e6749
2025-12-21 09:21:52: Cannot autoresolve the conflict because time is the same on both sides: /.git/objects/60/88630b87a823e57de2a9502bec62ab45e439eb
2025-12-21 09:21:52: Cannot autoresolve the conflict because time is the same on both sides: /.git/objects/60/944159c4ed63c4f94852f40459d65996dad41b
2025-12-21 09:21:52: Cannot autoresolve the conflict because time is the same on both sides: /.git/objects/60/c121b768372f06f176cf19e9163e96b97446ff
2025-12-21 09:21:52: Cannot autoresolve the conflict because time is the same on both sides: /.git/objects/60/ebd5e42230988d8b62422113896b4ae82f7537
2025-12-21 09:21:52: Cannot autoresolve the conflict because time is the same on both sides: /.git/objects/60/f6880dd85d4db02f82a832b945936063bf3f42
2025-12-21 09:21:52: Cannot autoresolve the conflict because time is the same on both sides: /.git/objects/61/4640bdcc47d2f7718d63e73b105dda1cd54302
2025-12-21 09:21:52: Cannot autoresolve the conflict because time is the same on both sides: /.git/objects/61/f5d9af664d7111651fb5180310caa288d7c99f
2025-12-21 09:21:52: Cannot autoresolve the conflict because time is the same on both sides: /.git/objects/64/2dabd14b4e0826b4b20fe3dd88f48723a91f6e
2025-12-21 09:21:52: Cannot autoresolve the conflict because time is the same on both sides: /.git/objects/64/313ff5e407e1185cfb18e33aeec05b623f4a8e
2025-12-21 09:21:52: Cannot autoresolve the conflict because time is the same on both sides: /.git/objects/64/4104683b1e4576a28cbabad1064ce4dd15253a
2025-12-21 09:21:52: Cannot autoresolve the conflict because time is the same on both sides: /.git/objects/64/4b58091eec3cdabac764fa0bd019bb8e865068
2025-12-21 09:21:52: Cannot autoresolve the conflict because time is the same on both sides: /.git/objects/65/27bf5ee3411842fd18ea30aa7a853f21330945
2025-12-21 09:21:52: Cannot autoresolve the conflict because time is the same on both sides: /.git/objects/65/55705840125fa0e41f2b7ce612fed373408f4b
2025-12-21 09:21:52: Cannot autoresolve the conflict because time is the same on both sides: /.git/objects/65/d3db89867507f6656cfbf5cbdb335e17f4b422
2025-12-21 09:21:52: Cannot autoresolve the conflict because time is the same on both sides: /.git/objects/66/a3d500377845d45029c88d60b7f0ec249919af
2025-12-21 09:21:52: Cannot autoresolve the conflict because time is the same on both sides: /.git/objects/67/002e7de3c3d68b0336af7b59ca604f5a2611a0
2025-12-21 09:21:52: Cannot autoresolve the conflict because time is the same on both sides: /.git/objects/67/6bebedd2cc56cb2dbb483f05475712f8e10296
2025-12-21 09:21:52: Cannot autoresolve the conflict because time is the same on both sides: /.git/objects/68/1214d6ec46329d0e17cafbaeae8853f0495c73
2025-12-21 09:21:52: Cannot autoresolve the conflict because time is the same on both sides: /.git/objects/68/59efe07d53adda3138d84ad8350a37e7c83fb2
2025-12-21 09:21:52: Cannot autoresolve the conflict because time is the same on both sides: /.git/objects/68/7514394eeab9d35275393da81dc2c8603b8302
2025-12-21 09:21:52: Cannot autoresolve the conflict because time is the same on both sides: /.git/objects/68/89a9bbd2937f950678d446fa7b85e5000e1a89
2025-12-21 09:21:52: Cannot autoresolve the conflict because time is the same on both sides: /.git/objects/68/9797269b896aa1449bc9ddd0250fc003612019
2025-12-21 09:21:52: Cannot autoresolve the conflict because time is the same on both sides: /.git/objects/68/ceeaa142058c9ac0b71a82aefc56bfe7a7c171
2025-12-21 09:21:52: Cannot autoresolve the conflict because time is the same on both sides: /.git/objects/69/661c8b0f9ad3db1c6f5d983610c4827b9950d3
2025-12-21 09:21:52: Cannot autoresolve the conflict because time is the same on both sides: /.git/objects/69/742b7c51edb637fd4ec0f38265de606ec447bb
2025-12-21 09:21:52: Cannot autoresolve the conflict because time is the same on both sides: /.git/objects/6a/0d8219f3603b2a715e2b8e37638aa2aaf699bf
2025-12-21 09:21:52: Cannot autoresolve the conflict because time is the same on both sides: /.git/objects/6c/123d3ad3554afd2f0afbf19113fd7ba9202d59
2025-12-21 09:21:52: Cannot autoresolve the conflict because time is the same on both sides: /.git/objects/6c/7beca93ca1b7f43f0c421a4e17eacc5119dbe8
2025-12-21 09:21:52: Cannot autoresolve the conflict because time is the same on both sides: /.git/objects/6c/aa3ca5e82de2f13201f853afefb3b1a9b2ac7f
2025-12-21 09:21:52: Cannot autoresolve the conflict because time is the same on both sides: /.git/objects/6d/75bb03aab6e7d776b3f646573e2efafc1baa3e
2025-12-21 09:21:52: Cannot autoresolve the conflict because time is the same on both sides: /.git/objects/6e/6be51ea761e58e0b450413f774d09327c72d8d
2025-12-21 09:21:52: Cannot autoresolve the conflict because time is the same on both sides: /.git/objects/6e/cf97aa8ea1f5fe5c5a7f3b33fd41dafe63f656
2025-12-21 09:21:52: Cannot autoresolve the conflict because time is the same on both sides: /.git/objects/6f/433cbd9eb4d720b0504aa3f16aa571d0625b86
2025-12-21 09:21:52: Cannot autoresolve the conflict because time is the same on both sides: /.git/objects/71/da58f0dcaef13d7d42198339f891630efbb78c
2025-12-21 09:21:52: Cannot autoresolve the conflict because time is the same on both sides: /.git/objects/72/90bc096cf421e89ff638dc781ac8793155b5fb
2025-12-21 09:21:52: Cannot autoresolve the conflict because time is the same on both sides: /.git/objects/72/f5c797cd343ca26937617f6c665e9d85860093
2025-12-21 09:21:52: Cannot autoresolve the conflict because time is the same on both sides: /.git/objects/73/1c348c6ae45d3c3f66b05d449f12978eeadf4d
2025-12-21 09:21:52: Cannot autoresolve the conflict because time is the same on both sides: /.git/objects/73/d1a15f272f186745a698e692866c6e2385d170
2025-12-21 09:21:52: Cannot autoresolve the conflict because time is the same on both sides: /.git/objects/74/04efaf92dc417a1ca958d4bf05f6f65c7dca27
2025-12-21 09:21:52: Cannot autoresolve the conflict because time is the same on both sides: /.git/objects/74/16d9b48d2bbfe028424cb2831e800fcb217636
2025-12-21 09:21:52: Cannot autoresolve the conflict because time is the same on both sides: /.git/objects/74/9366f293e56b75ddf1bea4c12f8152123c24b2
2025-12-21 09:21:52: Cannot autoresolve the conflict because time is the same on both sides: /.git/objects/74/b976961ea2a4f2be10576c66ed87eb779dd3ae
2025-12-21 09:21:52: Cannot autoresolve the conflict because time is the same on both sides: /.git/objects/75/d2481bbb6a42153e21c77b8ed49692584962d5
2025-12-21 09:21:52: Cannot autoresolve the conflict because time is the same on both sides: /.git/objects/75/d2609d15d1e64d87b6fe16f12c63679ef1f866
2025-12-21 09:21:52: Cannot autoresolve the conflict because time is the same on both sides: /.git/objects/76/8a0c619e1907a76ea931b7662d0e3647e6bac5
2025-12-21 09:21:52: Cannot autoresolve the conflict because time is the same on both sides: /.git/objects/77/ffd049c54ad9892544d419c7932489f3585106
2025-12-21 09:21:52: Cannot autoresolve the conflict because time is the same on both sides: /.git/objects/78/0ef1aa2b3c333f662d7c104f7aeba3ad649fea
2025-12-21 09:21:52: Cannot autoresolve the conflict because time is the same on both sides: /.git/objects/78/c43b05a189962705ed46c1f8877769d138cb93
2025-12-21 09:21:52: Cannot autoresolve the conflict because time is the same on both sides: /.git/objects/79/160bed22c1822e017d87b808dc973723d7b445
2025-12-21 09:21:52: Cannot autoresolve the conflict because time is the same on both sides: /.git/objects/7a/5206a9c71524a77f3da7de0ac4170c8370b872
2025-12-21 09:21:52: Cannot autoresolve the conflict because time is the same on both sides: /.git/objects/7a/e2da600bb9c8f7a8ab477ecd6fb7a517aeeedb
2025-12-21 09:21:52: Cannot autoresolve the conflict because time is the same on both sides: /.git/objects/7c/9db15a7992b0517bd1269410d13a7e49509be0
2025-12-21 09:21:52: Cannot autoresolve the conflict because time is the same on both sides: /.git/objects/7c/d8f1db89af02788b2ee2e1dff8d74020a2a05f
2025-12-21 09:21:52: Cannot autoresolve the conflict because time is the same on both sides: /.git/objects/7d/8055dac1db17893fcbab45ff051879dde7b0a7
2025-12-21 09:21:52: Cannot autoresolve the conflict because time is the same on both sides: /.git/objects/7e/d2d4f9e734001a2fdc90b93c291ea500ff81d6
2025-12-21 09:21:52: Cannot autoresolve the conflict because time is the same on both sides: /.git/objects/7f/4905277971078b7f50963c90acf1c18e4b23a3
2025-12-21 09:21:52: Cannot autoresolve the conflict because time is the same on both sides: /.git/objects/7f/4d0f99c9773245d89a0b516b8abf19d11fbaf3
2025-12-21 09:21:52: Cannot autoresolve the conflict because time is the same on both sides: /.git/objects/7f/88cc61651d49bec0de7a4fb996c969cca6b5b3
2025-12-21 09:21:52: Cannot autoresolve the conflict because time is the same on both sides: /.git/objects/80/20f2cabad6f9eb1ebd4417b939e13bf91be9f8
2025-12-21 09:21:52: Cannot autoresolve the conflict because time is the same on both sides: /.git/objects/81/158cd4d5141c24d122cb45fd38791c959c3028
2025-12-21 09:21:52: Cannot autoresolve the conflict because time is the same on both sides: /.git/objects/81/e533798c3532ba7f90ec69de2becfb74303a97
2025-12-21 09:21:52: Cannot autoresolve the conflict because time is the same on both sides: /.git/objects/81/f6fc40428b4759f7cc25652e7395b4844753d0
2025-12-21 09:21:52: Cannot autoresolve the conflict because time is the same on both sides: /.git/objects/82/27c855ea9b166e0f3a235fc824117d69961549
2025-12-21 09:21:52: Cannot autoresolve the conflict because time is the same on both sides: /.git/objects/82/c17217a6cf70725459f246b5c18b640aa468ef
2025-12-21 09:21:52: Cannot autoresolve the conflict because time is the same on both sides: /.git/objects/82/f3fa2543c39916445fcb91e83c7ac1aff4a0ce
2025-12-21 09:21:52: Cannot autoresolve the conflict because time is the same on both sides: /.git/objects/83/0b20b1c1376a096904ffcf3e68707197e289b3
2025-12-21 09:21:52: Cannot autoresolve the conflict because time is the same on both sides: /.git/objects/83/6ced89426ac237e81b62f0a55687296a82be4a
2025-12-21 09:21:52: Cannot autoresolve the conflict because time is the same on both sides: /.git/objects/84/54a0107d75246557067756949a83ca0c2b052d
2025-12-21 09:21:52: Cannot autoresolve the conflict because time is the same on both sides: /.git/objects/84/649c0746ac17ff41892a5ac186679e90da19c8
2025-12-21 09:21:52: Cannot autoresolve the conflict because time is the same on both sides: /.git/objects/85/5973c9d8c5ba30f4019c4482ce8c6922ab88b0
2025-12-21 09:21:52: Cannot autoresolve the conflict because time is the same on both sides: /.git/objects/85/7f942580bd512350bd6e6715394dd3de5abb44
2025-12-21 09:21:52: Cannot autoresolve the conflict because time is the same on both sides: /.git/objects/85/b1166cb0b23bb329c23c33a68ef96cdac12b53
2025-12-21 09:21:52: Cannot autoresolve the conflict because time is the same on both sides: /.git/objects/85/d6a93beb3b978d4a228f7f57b89c7f38dea241
2025-12-21 09:21:52: Cannot autoresolve the conflict because time is the same on both sides: /.git/objects/86/0b937bf3e8aecc6b32072dc33afe9d5748c70d
2025-12-21 09:21:52: Cannot autoresolve the conflict because time is the same on both sides: /.git/objects/86/2a0893eb6620a1e728bec93d58e7df61128946
2025-12-21 09:21:52: Cannot autoresolve the conflict because time is the same on both sides: /.git/objects/86/412d9768af4d24026938a7d694e54717d306a8
2025-12-21 09:21:52: Cannot autoresolve the conflict because time is the same on both sides: /.git/objects/87/2cc2eed9fdc7ad2a3c3d53dcb688472132249d
2025-12-21 09:21:52: Cannot autoresolve the conflict because time is the same on both sides: /.git/objects/87/3372f5383d54e622270dfda6885200e7585992
2025-12-21 09:21:52: Cannot autoresolve the conflict because time is the same on both sides: /.git/objects/88/1600efa41f47ca44a307d994ff4cfa959e434b
2025-12-21 09:21:52: Cannot autoresolve the conflict because time is the same on both sides: /.git/objects/88/9429f49a894202088b7d73f386650fb126ea3f
2025-12-21 09:21:52: Cannot autoresolve the conflict because time is the same on both sides: /.git/objects/89/23f16859c84382e92535ff579f98261b09c665
2025-12-21 09:21:52: Cannot autoresolve the conflict because time is the same on both sides: /.git/objects/89/8e12dee16c2ca60ff1819b6af2bf861769574d
2025-12-21 09:21:52: Cannot autoresolve the conflict because time is the same on both sides: /.git/objects/8a/7998b657249f94343a034507fcb86c2d5b5a97
2025-12-21 09:21:52: Cannot autoresolve the conflict because time is the same on both sides: /.git/objects/8a/b271dc2b218afb7849fb1db44135fbba3514a0
2025-12-21 09:21:52: Cannot autoresolve the conflict because time is the same on both sides: /.git/objects/8a/c0b02a281f4579f6e95ba2b6bf150cd6333433
2025-12-21 09:21:52: Cannot autoresolve the conflict because time is the same on both sides: /.git/objects/8b/07b68f48c32f3d06c45344e14a33cd96f1e9c8
2025-12-21 09:21:52: Cannot autoresolve the conflict because time is the same on both sides: /.git/objects/8c/affe707cbfd79ea8c26a4219801d8da8e7b976
2025-12-21 09:21:52: Cannot autoresolve the conflict because time is the same on both sides: /.git/objects/8c/ec877eb9c23e742a93e3cbf122369a159d843b
2025-12-21 09:21:52: Cannot autoresolve the conflict because time is the same on both sides: /.git/objects/8d/743e272fe46e4ff5da043ebbb706ec24b9a867
2025-12-21 09:21:52: Cannot autoresolve the conflict because time is the same on both sides: /.git/objects/8f/0566fdaa51320c2ad86c06682582bb279bcbd8
2025-12-21 09:21:52: Cannot autoresolve the conflict because time is the same on both sides: /.git/objects/8f/d76e6c27ea7801134b578f2d03e3696d8f4ad7
2025-12-21 09:21:52: Cannot autoresolve the conflict because time is the same on both sides: /.git/objects/90/008f98a51352a8f4760aed54110c2a63738ffb
2025-12-21 09:21:52: Cannot autoresolve the conflict because time is the same on both sides: /.git/objects/90/d4056bd079d307514c6ac56181aa4e3258070e
2025-12-21 09:21:52: Cannot autoresolve the conflict because time is the same on both sides: /.git/objects/91/03b361d9cf3595bb61ceeb8c5b2c65ceaabd60
2025-12-21 09:21:52: Cannot autoresolve the conflict because time is the same on both sides: /.git/objects/92/299ddd603fedb9cc5ab20efbd89e3d72808e38
2025-12-21 09:21:52: Cannot autoresolve the conflict because time is the same on both sides: /.git/objects/92/dde2a0265affec33eff8fc6f8c6bc2a0e49dc3
2025-12-21 09:21:52: Cannot autoresolve the conflict because time is the same on both sides: /.git/objects/93/52bd6d4a784767c06d73049faed8c16559bd8a
2025-12-21 09:21:52: Cannot autoresolve the conflict because time is the same on both sides: /.git/objects/93/5ab6bcf99f82dbba0e47c7c7561d8a6a998327
2025-12-21 09:21:52: Cannot autoresolve the conflict because time is the same on both sides: /.git/objects/93/7ffc1f859927e8bb51eb9fad56a4aca98ba907
2025-12-21 09:21:52: Cannot autoresolve the conflict because time is the same on both sides: /.git/objects/93/a50da87bf93071cb0314bb0e88e15767e24ec4
2025-12-21 09:21:52: Cannot autoresolve the conflict because time is the same on both sides: /.git/objects/94/30dc76a1cdbdfe2cd8aa6d92afe6393332e1e9
2025-12-21 09:21:52: Cannot autoresolve the conflict because time is the same on both sides: /.git/objects/94/66027d5901afc187a0e9876c708db77b9f00a8
2025-12-21 09:21:52: Cannot autoresolve the conflict because time is the same on both sides: /.git/objects/95/0a7919ff50b02ab3e81f0820be4aec925d0748
2025-12-21 09:21:52: Cannot autoresolve the conflict because time is the same on both sides: /.git/objects/95/17930c918a7277e732648caf94b9606789d51f
2025-12-21 09:21:52: Cannot autoresolve the conflict because time is the same on both sides: /.git/objects/95/bf835a6c624ea696b58a30f5adee762bf58339
2025-12-21 09:21:52: Cannot autoresolve the conflict because time is the same on both sides: /.git/objects/96/5f6a296e20004eead32c2f6f7a564a3b1e2c36
2025-12-21 09:21:52: Cannot autoresolve the conflict because time is the same on both sides: /.git/objects/97/72ce26c92e4ed118e104c5ebccee0ae742244b
2025-12-21 09:21:52: Cannot autoresolve the conflict because time is the same on both sides: /.git/objects/97/c8b8eb7f33393db38e44c68e522bec374db9f3
2025-12-21 09:21:52: Cannot autoresolve the conflict because time is the same on both sides: /.git/objects/97/ef7c6e3508eeb3ac668200e10427498ae4830b
2025-12-21 09:21:52: Cannot autoresolve the conflict because time is the same on both sides: /.git/objects/98/07e81ce95e1ccbf88cdc2e95f1924afa921b43
2025-12-21 09:21:52: Cannot autoresolve the conflict because time is the same on both sides: /.git/objects/98/5e24ee628e5af7bb5f18bcd4b6ff295ad0c748
2025-12-21 09:21:52: Cannot autoresolve the conflict because time is the same on both sides: /.git/objects/98/8921e25257768c71b89eefcef2e325e7682f52
2025-12-21 09:21:52: Cannot autoresolve the conflict because time is the same on both sides: /.git/objects/9a/562e7c3c7530abd09183a813a5ddc9971984ef
2025-12-21 09:21:52: Cannot autoresolve the conflict because time is the same on both sides: /.git/objects/9a/9e01775fbb8f04022a40f54f4dab9c1a1a7f30
2025-12-21 09:21:52: Cannot autoresolve the conflict because time is the same on both sides: /.git/objects/9a/d473923907e3255f129589132728be2bf35a3a
2025-12-21 09:21:52: Cannot autoresolve the conflict because time is the same on both sides: /.git/objects/9b/1e9f5cd28c393f4598cebd60b9be42179d9bd8
2025-12-21 09:21:52: Cannot autoresolve the conflict because time is the same on both sides: /.git/objects/9b/cc9b6d1891cb6457f9e272a7613a2c3ca50494
2025-12-21 09:21:52: Cannot autoresolve the conflict because time is the same on both sides: /.git/objects/9b/f4ef4310fb2b3a73a098b570e2fc2eaeb2751d
2025-12-21 09:21:52: Cannot autoresolve the conflict because time is the same on both sides: /.git/objects/9c/39d33d63eeec2b8a63d1f49fc4a45f0ca09cf1
2025-12-21 09:21:52: Cannot autoresolve the conflict because time is the same on both sides: /.git/objects/9c/832929fd6344c8ae668917d43faf6f84b51806
2025-12-21 09:21:52: Cannot autoresolve the conflict because time is the same on both sides: /.git/objects/9c/a1fe50d8b4e9ec8b3b4c661d39639ebc0e845d
2025-12-21 09:21:52: Cannot autoresolve the conflict because time is the same on both sides: /.git/objects/9c/e2a11eeebadfdf39d4b5a49e22d757176b9908
2025-12-21 09:21:52: Cannot autoresolve the conflict because time is the same on both sides: /.git/objects/9c/edf79c0ba933e6789beae27c3fc74c13b7947a
2025-12-21 09:21:52: Cannot autoresolve the conflict because time is the same on both sides: /.git/objects/9d/36d255e44220d4367fa804b7b886b3bf647e82
2025-12-21 09:21:52: Cannot autoresolve the conflict because time is the same on both sides: /.git/objects/9d/4d4cdd8b02c6da7df3ee515edf007861b94474
2025-12-21 09:21:52: Cannot autoresolve the conflict because time is the same on both sides: /.git/objects/9d/ba8c41712960e7da67474f193353c7074aa88a
2025-12-21 09:21:52: Cannot autoresolve the conflict because time is the same on both sides: /.git/objects/9d/c50b950e436f1f91d5e48d7e941e0354edd370
2025-12-21 09:21:52: Cannot autoresolve the conflict because time is the same on both sides: /.git/objects/9e/4565184f88e88363f56e474d81249474710066
2025-12-21 09:21:52: Cannot autoresolve the conflict because time is the same on both sides: /.git/objects/9e/cf75e01809eb432903585beeb935609cda3f13
2025-12-21 09:21:52: Cannot autoresolve the conflict because time is the same on both sides: /.git/objects/9f/08261443ab404d032f034969f7addbc541df3e
2025-12-21 09:21:52: Cannot autoresolve the conflict because time is the same on both sides: /.git/objects/9f/3dd98a31819da982f4006cce68dffb7410758e
2025-12-21 09:21:52: Cannot autoresolve the conflict because time is the same on both sides: /.git/objects/9f/8c4cffe3228063d8381878270259e74b2e9afd
2025-12-21 09:21:52: Cannot autoresolve the conflict because time is the same on both sides: /.git/objects/a0/133acb2040680fab561035be58165571a100fe
2025-12-21 09:21:52: Cannot autoresolve the conflict because time is the same on both sides: /.git/objects/a0/19f6bb7fc13d5f6847486916f6bf29003249fe
2025-12-21 09:21:52: Cannot autoresolve the conflict because time is the same on both sides: /.git/objects/a0/9ca8d1a378714791f57ea66c953ff128577002
2025-12-21 09:21:52: Cannot autoresolve the conflict because time is the same on both sides: /.git/objects/a1/2dc61e81f25a2fc070987bfde2da716fee1412
2025-12-21 09:21:52: Cannot autoresolve the conflict because time is the same on both sides: /.git/objects/a1/4d9840d3a647f68490b0c4e8568fb738636aff
2025-12-21 09:21:52: Cannot autoresolve the conflict because time is the same on both sides: /.git/objects/a1/73d1bc59b3a0d65e3be42c90d42c3cf26b9d98
2025-12-21 09:21:52: Cannot autoresolve the conflict because time is the same on both sides: /.git/objects/a1/cc7bc8f56985db65a3e2c80c3b6b5215e42f8c
2025-12-21 09:21:52: Cannot autoresolve the conflict because time is the same on both sides: /.git/objects/a2/6b52f37316d95f364b4422fc287c902127bd0a
2025-12-21 09:21:52: Cannot autoresolve the conflict because time is the same on both sides: /.git/objects/a2/7bc0d1208d3d15d47b26adafdf03f364d98de6
2025-12-21 09:21:52: Cannot autoresolve the conflict because time is the same on both sides: /.git/objects/a2/c638345b60bfa6e58ad7de60cf323ddf9ba116
2025-12-21 09:21:52: Cannot autoresolve the conflict because time is the same on both sides: /.git/objects/a3/147a7d86b386f4df19f1b36a4d0cf7ae224f5f
2025-12-21 09:21:52: Cannot autoresolve the conflict because time is the same on both sides: /.git/objects/a3/e482152e5c935f27fd338a717aac4feac4d24a
2025-12-21 09:21:52: Cannot autoresolve the conflict because time is the same on both sides: /.git/objects/a3/ed8a6faf90292a9c4b47a9d92e4482dbcac74c
2025-12-21 09:21:52: Cannot autoresolve the conflict because time is the same on both sides: /.git/objects/a4/0d25df3d73c1c2b3fc7e1bd7f07209d2c40a96
2025-12-21 09:21:52: Cannot autoresolve the conflict because time is the same on both sides: /.git/objects/a4/9ef5f36e5bcac0d07285fab8e94a5a59ccea9a
2025-12-21 09:21:52: Cannot autoresolve the conflict because time is the same on both sides: /.git/objects/a4/b34190b61c0a941111ef231c24226a4943f96e
2025-12-21 09:21:52: Cannot autoresolve the conflict because time is the same on both sides: /.git/objects/a4/d393b2f865dc262c17ab9a366f750110e2d5da
2025-12-21 09:21:52: Cannot autoresolve the conflict because time is the same on both sides: /.git/objects/a4/ec14f63bffb7534b7b6c58a95fff21fce00ab1
2025-12-21 09:21:52: Cannot autoresolve the conflict because time is the same on both sides: /.git/objects/a5/0f076dbe5074ecbe63ac92685b75d9846840cb
2025-12-21 09:21:52: Cannot autoresolve the conflict because time is the same on both sides: /.git/objects/a5/a86c636f70c3cc53ce0b7fa7612f27957c0d79
2025-12-21 09:21:52: Cannot autoresolve the conflict because time is the same on both sides: /.git/objects/a5/bd445ef78f3f6d9e5df5e5164ecd5319eae08b
2025-12-21 09:21:52: Cannot autoresolve the conflict because time is the same on both sides: /.git/objects/a6/1736e1797525a8b74d0dbcb4ccaa7bed7bb0f9
2025-12-21 09:21:52: Cannot autoresolve the conflict because time is the same on both sides: /.git/objects/a6/4ae25d5160ca7c23c5283530d028b0f68b49d2
2025-12-21 09:21:52: Cannot autoresolve the conflict because time is the same on both sides: /.git/objects/a6/7df497d6aa30fae192479a2835e03b2efacc04
2025-12-21 09:21:52: Cannot autoresolve the conflict because time is the same on both sides: /.git/objects/a6/a2a65eb94299002a3243cd1ece7b5772202c8f
2025-12-21 09:21:52: Cannot autoresolve the conflict because time is the same on both sides: /.git/objects/a7/35657a74e7de21eb7eca025de566a9d66d8a79
2025-12-21 09:21:52: Cannot autoresolve the conflict because time is the same on both sides: /.git/objects/a7/4c762416a14d4b6d8f74fb262bbbebee24b3ec
2025-12-21 09:21:52: Cannot autoresolve the conflict because time is the same on both sides: /.git/objects/a7/fd486bff04c509095d293dfc12a8a27c4cb2ca
2025-12-21 09:21:52: Cannot autoresolve the conflict because time is the same on both sides: /.git/objects/a8/36c0a0c769dc2b47b778196d7db7b1b7f100d6
2025-12-21 09:21:52: Cannot autoresolve the conflict because time is the same on both sides: /.git/objects/a8/adedb918f75fe3a57492b2779d1fdc27bfc42a
2025-12-21 09:21:52: Cannot autoresolve the conflict because time is the same on both sides: /.git/objects/a9/88e94635912c8352eeba2cc64dd9ae499c5dfd
2025-12-21 09:21:52: Cannot autoresolve the conflict because time is the same on both sides: /.git/objects/aa/6047463e7c868f0a7f906fbd42a6d3df65c5b7
2025-12-21 09:21:52: Cannot autoresolve the conflict because time is the same on both sides: /.git/objects/ab/41e965ea8158a8669bb826c5a26caf6b518b15
2025-12-21 09:21:52: Cannot autoresolve the conflict because time is the same on both sides: /.git/objects/ab/a6fadadf2e5ad87924a9290a1ac3249bc0cb1c
2025-12-21 09:21:52: Cannot autoresolve the conflict because time is the same on both sides: /.git/objects/ad/357c8a5100f150c6844fbebc67049ac6c21011
2025-12-21 09:21:52: Cannot autoresolve the conflict because time is the same on both sides: /.git/objects/af/8411dc9a73a996886922aeaa7e4d9364f6f7d0
2025-12-21 09:21:52: Cannot autoresolve the conflict because time is the same on both sides: /.git/objects/b0/adb1a463cd0fc6265939f1d6035b0e4a3f536f
2025-12-21 09:21:52: Cannot autoresolve the conflict because time is the same on both sides: /.git/objects/b2/2293fbf61fd2895002edbbc31f73f4f4e597f2
2025-12-21 09:21:52: Cannot autoresolve the conflict because time is the same on both sides: /.git/objects/b2/a82dd7e898f407e364ecb737e14d4ba882f571
2025-12-21 09:21:52: Cannot autoresolve the conflict because time is the same on both sides: /.git/objects/b2/ffa33baf07d37a43a0ca875f1b93ada7e851f5
2025-12-21 09:21:52: Cannot autoresolve the conflict because time is the same on both sides: /.git/objects/b3/09eed6e2676dbbd88d1bb1e5b72d7ad85e6e5f
2025-12-21 09:21:52: Cannot autoresolve the conflict because time is the same on both sides: /.git/objects/b4/e8c2168d9e6b5d46c7990d1a9da1448608f039
2025-12-21 09:21:52: Cannot autoresolve the conflict because time is the same on both sides: /.git/objects/b5/8b1c3edbad77b51d7d0ace108f1dbbbfac8004
2025-12-21 09:21:52: Cannot autoresolve the conflict because time is the same on both sides: /.git/objects/b6/93afb4498160f426e829848f5245bc250cbd83
2025-12-21 09:21:52: Cannot autoresolve the conflict because time is the same on both sides: /.git/objects/b7/9647a1fb4ff225b6daceca03f5d0f409b0b57c
2025-12-21 09:21:52: Cannot autoresolve the conflict because time is the same on both sides: /.git/objects/b7/b16801b1f4cf70babfcaaca83a7285c26c6136
2025-12-21 09:21:52: Cannot autoresolve the conflict because time is the same on both sides: /.git/objects/b8/18db3314bf401adef04ff576890c007a294c33
2025-12-21 09:21:52: Cannot autoresolve the conflict because time is the same on both sides: /.git/objects/b8/51dc95df93e056c5adbaf72942405cf588ccc9
2025-12-21 09:21:52: Cannot autoresolve the conflict because time is the same on both sides: /.git/objects/b9/4eec85c69a397d33ab992f9d1e23ac72056ebe
2025-12-21 09:21:52: Cannot autoresolve the conflict because time is the same on both sides: /.git/objects/b9/c300c0f8372f87f7b19b746584513a29d4acdc
2025-12-21 09:21:52: Cannot autoresolve the conflict because time is the same on both sides: /.git/objects/ba/0ea183d1af32dbed140765d1d9ac8db622492c
2025-12-21 09:21:52: Cannot autoresolve the conflict because time is the same on both sides: /.git/objects/ba/45ed0821baac2a7f9261709fed99fa669b3acc
2025-12-21 09:21:52: Cannot autoresolve the conflict because time is the same on both sides: /.git/objects/ba/687aacd06415186baab306b5fab5567ec47a3f
2025-12-21 09:21:52: Cannot autoresolve the conflict because time is the same on both sides: /.git/objects/ba/d92d62c43077bb3d3075f782822a6fdf4a72e9
2025-12-21 09:21:52: Cannot autoresolve the conflict because time is the same on both sides: /.git/objects/bb/6c0e26aecc5c2de38f6f1fe7606536d2d68698
2025-12-21 09:21:52: Cannot autoresolve the conflict because time is the same on both sides: /.git/objects/bd/5eef740ba87652fa461efc62612748a4dac475
2025-12-21 09:21:52: Cannot autoresolve the conflict because time is the same on both sides: /.git/objects/be/bcd70d03354934d836d2101bb948339ff0b837
2025-12-21 09:21:52: Cannot autoresolve the conflict because time is the same on both sides: /.git/objects/be/bdd0f942d68defeb24f78d01b78612f010c1dd
2025-12-21 09:21:52: Cannot autoresolve the conflict because time is the same on both sides: /.git/objects/bf/40c6e61695e78048285fdebe2b58348965ca35
2025-12-21 09:21:52: Cannot autoresolve the conflict because time is the same on both sides: /.git/objects/bf/5d2509b2600937263d5a51a34d54de7bf7153c
2025-12-21 09:21:52: Cannot autoresolve the conflict because time is the same on both sides: /.git/objects/bf/e2a142b08a7714a8ded35adbb875fe107fd63f
2025-12-21 09:21:52: Cannot autoresolve the conflict because time is the same on both sides: /.git/objects/c0/9c6e3e180d87ecb414dbf45ca9d06f3e5927a5
2025-12-21 09:21:52: Cannot autoresolve the conflict because time is the same on both sides: /.git/objects/c0/aa7b7130598439541e54659070a98cb9f3d872
2025-12-21 09:21:52: Cannot autoresolve the conflict because time is the same on both sides: /.git/objects/c1/18585db436bbf50c5105ecbdfa2e5826e8ea2e
2025-12-21 09:21:52: Cannot autoresolve the conflict because time is the same on both sides: /.git/objects/c1/86007ad50deaa55f4aa31432e235c4936f71fa
2025-12-21 09:21:52: Cannot autoresolve the conflict because time is the same on both sides: /.git/objects/c1/ba0ba4164c609c54ac07e10fb87c8d975a8c27
2025-12-21 09:21:52: Cannot autoresolve the conflict because time is the same on both sides: /.git/objects/c1/bc2acfa7b4cc07615f26378a9b5e207d3638ce
2025-12-21 09:21:52: Cannot autoresolve the conflict because time is the same on both sides: /.git/objects/c2/6a83098fe0486b74e3b5660368408f228c0855
2025-12-21 09:21:52: Cannot autoresolve the conflict because time is the same on both sides: /.git/objects/c2/b8155ac525aba61316146b19fe1eef7bf7d23b
2025-12-21 09:21:52: Cannot autoresolve the conflict because time is the same on both sides: /.git/objects/c3/ae1deaa52cddfa5edc25caf29ee234155cb434
2025-12-21 09:21:52: Cannot autoresolve the conflict because time is the same on both sides: /.git/objects/c4/a75237b1e89a36b49f72fd93082d5d08fcde2c
2025-12-21 09:21:52: Cannot autoresolve the conflict because time is the same on both sides: /.git/objects/c4/d41ca0803f55d93a30785dfc1a522a215f629d
2025-12-21 09:21:52: Cannot autoresolve the conflict because time is the same on both sides: /.git/objects/c4/d768c75976b976f89cd03fb0597c74d01238a2
2025-12-21 09:21:52: Cannot autoresolve the conflict because time is the same on both sides: /.git/objects/c4/f1669e820534ebe081b35424e9ee3ecce71deb
2025-12-21 09:21:52: Cannot autoresolve the conflict because time is the same on both sides: /.git/objects/c4/f354d6d66f3a9f666ae2e5583f27a10e9aaec3
2025-12-21 09:21:52: Cannot autoresolve the conflict because time is the same on both sides: /.git/objects/c5/008a99dec210885d19d6e94aa4c4ceb16963f3
2025-12-21 09:21:52: Cannot autoresolve the conflict because time is the same on both sides: /.git/objects/c5/d52944e795c6d3889d83d52927435ac0e333f0
2025-12-21 09:21:52: Cannot autoresolve the conflict because time is the same on both sides: /.git/objects/c6/03aa825fc0e55f9191b4c3e48a0a355af90bd9
2025-12-21 09:21:52: Cannot autoresolve the conflict because time is the same on both sides: /.git/objects/c6/0a621da25404a639924f80232a4a547458b68e
2025-12-21 09:21:52: Cannot autoresolve the conflict because time is the same on both sides: /.git/objects/c6/21abe900d51f2ca388432b53f60f7599daf595
2025-12-21 09:21:52: Cannot autoresolve the conflict because time is the same on both sides: /.git/objects/c6/4baa12eae0bb0efcf7409c9babac0573cd29bf
2025-12-21 09:21:52: Cannot autoresolve the conflict because time is the same on both sides: /.git/objects/c6/6db0cb2aa0f94ba720e0f475ef4fe9a2feac5b
2025-12-21 09:21:52: Cannot autoresolve the conflict because time is the same on both sides: /.git/objects/c6/922b6b3adf405beff2db722fa9e8156c9dab5c
2025-12-21 09:21:52: Cannot autoresolve the conflict because time is the same on both sides: /.git/objects/c7/53be935f3aba12e943443bcc62b39f896ab413
2025-12-21 09:21:52: Cannot autoresolve the conflict because time is the same on both sides: /.git/objects/ca/5d6b718b93e8b24969e2278a30ed7403b98021
2025-12-21 09:21:52: Cannot autoresolve the conflict because time is the same on both sides: /.git/objects/ca/7c2c3e0c830cc99fec9315e81d517ee544cc91
2025-12-21 09:21:52: Cannot autoresolve the conflict because time is the same on both sides: /.git/objects/ca/c3da82131f8d6268092952ad81fac81c92ab6f
2025-12-21 09:21:52: Cannot autoresolve the conflict because time is the same on both sides: /.git/objects/cb/c0f0c917d270de1f38ba2edfc338a218986e3f
2025-12-21 09:21:52: Cannot autoresolve the conflict because time is the same on both sides: /.git/objects/cc/118cf6b68476eb4a558abf85bb67c729054543
2025-12-21 09:21:52: Cannot autoresolve the conflict because time is the same on both sides: /.git/objects/cc/2f0e499ed76edb9b0acd00547b83ea515d4451
2025-12-21 09:21:52: Cannot autoresolve the conflict because time is the same on both sides: /.git/objects/cc/f507a01de9446364f5cebfa881638d9ba95c1c
2025-12-21 09:21:52: Cannot autoresolve the conflict because time is the same on both sides: /.git/objects/ce/2d9d404504ea893b76a2b98be52a721275573f
2025-12-21 09:21:52: Cannot autoresolve the conflict because time is the same on both sides: /.git/objects/ce/47f839094362de8375861b4da1e1c6a2534131
2025-12-21 09:21:52: Cannot autoresolve the conflict because time is the same on both sides: /.git/objects/ce/73aa4c058765f6ce4ae5112749a8b3ac8cf128
2025-12-21 09:21:52: Cannot autoresolve the conflict because time is the same on both sides: /.git/objects/ce/d569ff7f6263cba80f9431a0e9b85dfb922999
2025-12-21 09:21:52: Cannot autoresolve the conflict because time is the same on both sides: /.git/objects/cf/4331b1677c5461c7a48d956afeae5d4a08b8a6
2025-12-21 09:21:52: Cannot autoresolve the conflict because time is the same on both sides: /.git/objects/cf/744611b731ba952fc53c2488d7cc79c7333ba0
2025-12-21 09:21:52: Cannot autoresolve the conflict because time is the same on both sides: /.git/objects/d0/a6977327a21f743d45564566ce9d0e0c094b92
2025-12-21 09:21:52: Cannot autoresolve the conflict because time is the same on both sides: /.git/objects/d1/5d8e1298b761dc7e56fe3f8bf9d16c097bec16
2025-12-21 09:21:52: Cannot autoresolve the conflict because time is the same on both sides: /.git/objects/d1/6e6c711ab23f2b466e8293342eb21a810f8359
2025-12-21 09:21:52: Cannot autoresolve the conflict because time is the same on both sides: /.git/objects/d2/6789f3525f3584a98155006ca4089459c68c66
2025-12-21 09:21:52: Cannot autoresolve the conflict because time is the same on both sides: /.git/objects/d3/7a5a9f4cd123d08a779b1c22c1fe2951c7f086
2025-12-21 09:21:52: Cannot autoresolve the conflict because time is the same on both sides: /.git/objects/d3/f863203180d0755d67e222c903ebc88a2e3ee3
2025-12-21 09:21:52: Cannot autoresolve the conflict because time is the same on both sides: /.git/objects/d4/292cca1fa7e2870f001a5fd53acd2fe2caf6c0
2025-12-21 09:21:52: Cannot autoresolve the conflict because time is the same on both sides: /.git/objects/d4/37f7db9e575098613ed39129765aa31ca1824e
2025-12-21 09:21:52: Cannot autoresolve the conflict because time is the same on both sides: /.git/objects/d4/636a5f5ca827cca4dbd3f549c9b9c16ddc546f
2025-12-21 09:21:52: Cannot autoresolve the conflict because time is the same on both sides: /.git/objects/d5/0d2854ebcaa62a88d4aebd7667cfac25f19a6a
2025-12-21 09:21:52: Cannot autoresolve the conflict because time is the same on both sides: /.git/objects/d5/4bb4e81d6c03ed0a2fefb4d390994e2754e6bc
2025-12-21 09:21:52: Cannot autoresolve the conflict because time is the same on both sides: /.git/objects/d5/85576c3247ad2b42c6df12a5da1cad29602cb6
2025-12-21 09:21:52: Cannot autoresolve the conflict because time is the same on both sides: /.git/objects/d5/8d388eb516b75cacdd87ae18bdb02c35dac926
2025-12-21 09:21:52: Cannot autoresolve the conflict because time is the same on both sides: /.git/objects/d5/940d4c0dd346c3ca506989842f60022f61878b
2025-12-21 09:21:52: Cannot autoresolve the conflict because time is the same on both sides: /.git/objects/d6/07b58df25e249ec42ebef08a7a1ba28daeaa47
2025-12-21 09:21:52: Cannot autoresolve the conflict because time is the same on both sides: /.git/objects/d6/169281ce71f6e47eecdd55e0e306fcc288aecb
2025-12-21 09:21:52: Cannot autoresolve the conflict because time is the same on both sides: /.git/objects/d6/589809e4eeb608f3c4431161a6542e0fa633ee
2025-12-21 09:21:52: Cannot autoresolve the conflict because time is the same on both sides: /.git/objects/d8/2bc8fd4e18980256dd8b6ef17651d8b6fe9559
2025-12-21 09:21:52: Cannot autoresolve the conflict because time is the same on both sides: /.git/objects/d8/ab46c0e1e49e59597f5d1966b675ec3cbb70ce
2025-12-21 09:21:52: Cannot autoresolve the conflict because time is the same on both sides: /.git/objects/d9/5978c46c5e86a20ccdf864976995ce25da1f7f
2025-12-21 09:21:52: Cannot autoresolve the conflict because time is the same on both sides: /.git/objects/d9/5d6428d3aae54c40a1064cd2a299e23e40fc37
2025-12-21 09:21:52: Cannot autoresolve the conflict because time is the same on both sides: /.git/objects/d9/e1b443abd7dd280af87f89426af6c14daa20b4
2025-12-21 09:21:52: Cannot autoresolve the conflict because time is the same on both sides: /.git/objects/da/0447eae3ee41bcc1845935d9ef936480842489
2025-12-21 09:21:52: Cannot autoresolve the conflict because time is the same on both sides: /.git/objects/da/222239f9cb171cc260731cec24b3e168fb35c9
2025-12-21 09:21:52: Cannot autoresolve the conflict because time is the same on both sides: /.git/objects/da/23f8bb1efdfc1d60c895fbd6504761b73c21b9
2025-12-21 09:21:52: Cannot autoresolve the conflict because time is the same on both sides: /.git/objects/da/42d28e9669c91f81089b91704f8311df8a1ac4
2025-12-21 09:21:52: Cannot autoresolve the conflict because time is the same on both sides: /.git/objects/da/50e0e094767ce5659a50e8d2b80954bbba2bfd
2025-12-21 09:21:52: Cannot autoresolve the conflict because time is the same on both sides: /.git/objects/da/55b79192095ea8e4a7a10cf6c5aecafb0eb896
2025-12-21 09:21:52: Cannot autoresolve the conflict because time is the same on both sides: /.git/objects/da/eda1df00834570bc0a98cc94ab92e563856b1f
2025-12-21 09:21:52: Cannot autoresolve the conflict because time is the same on both sides: /.git/objects/da/fac9c6537173ff0b155bbddc5d5c1d59da3d79
2025-12-21 09:21:52: Cannot autoresolve the conflict because time is the same on both sides: /.git/objects/db/141ef22c88b4138ac8dc30a8c0372d31ebb5ff
2025-12-21 09:21:52: Cannot autoresolve the conflict because time is the same on both sides: /.git/objects/dc/def3253e79a70921452e67709d81fd66d5fbd1
2025-12-21 09:21:52: Cannot autoresolve the conflict because time is the same on both sides: /.git/objects/dd/8c4e6ceb74e8ebb2fc9e28c270f2382cf51cf1
2025-12-21 09:21:52: Cannot autoresolve the conflict because time is the same on both sides: /.git/objects/dd/dae0b63eae16d4a25b807416f3358b19aa0670
2025-12-21 09:21:52: Cannot autoresolve the conflict because time is the same on both sides: /.git/objects/de/1e041817aaf4556d279e7eaceccdb4574c8bd8
2025-12-21 09:21:52: Cannot autoresolve the conflict because time is the same on both sides: /.git/objects/de/8e6ccb6b595609aabb204ee6652f3a365c10e4
2025-12-21 09:21:52: Cannot autoresolve the conflict because time is the same on both sides: /.git/objects/de/ee4de7f8d472797ea2bcc9b0ebf22207e5e7eb
2025-12-21 09:21:52: Cannot autoresolve the conflict because time is the same on both sides: /.git/objects/e0/8e52c745167443968b78cc49314ef6af14f13c
2025-12-21 09:21:52: Cannot autoresolve the conflict because time is the same on both sides: /.git/objects/e0/a29599624156344c81b31670c50ba9842ab472
2025-12-21 09:21:52: Cannot autoresolve the conflict because time is the same on both sides: /.git/objects/e1/4602e5396d737334a4c6d09e633892cd42663f
2025-12-21 09:21:52: Cannot autoresolve the conflict because time is the same on both sides: /.git/objects/e1/7cd5e836c4bc89802194a1465f2a703d4b1504
2025-12-21 09:21:52: Cannot autoresolve the conflict because time is the same on both sides: /.git/objects/e1/ad8bd133618ef22c5a98e34f4eed342ba4c5f6
2025-12-21 09:21:52: Cannot autoresolve the conflict because time is the same on both sides: /.git/objects/e2/450d0a708f82cc2341a0767631025f12e9e89b
2025-12-21 09:21:52: Cannot autoresolve the conflict because time is the same on both sides: /.git/objects/e2/7fac4a1169afaa3384695590145a80bdb2905a
2025-12-21 09:21:52: Cannot autoresolve the conflict because time is the same on both sides: /.git/objects/e2/d125e24a296dc559f33514516492407163ab36
2025-12-21 09:21:52: Cannot autoresolve the conflict because time is the same on both sides: /.git/objects/e3/78bc8d04359a278f7514c7bb3b3723d476ce6e
2025-12-21 09:21:52: Cannot autoresolve the conflict because time is the same on both sides: /.git/objects/e4/12f8fd4ae74230dbec000e79c13ad987370d66
2025-12-21 09:21:52: Cannot autoresolve the conflict because time is the same on both sides: /.git/objects/e4/2cde19916ef1febef4ddc71e07a5bf81638815
2025-12-21 09:21:52: Cannot autoresolve the conflict because time is the same on both sides: /.git/objects/e4/ddfd0f6c2dda349f8e8670a5bf146ef0803a0a
2025-12-21 09:21:52: Cannot autoresolve the conflict because time is the same on both sides: /.git/objects/e4/ebb29df77fe99f55d85ca69859d92b201651a6
2025-12-21 09:21:52: Cannot autoresolve the conflict because time is the same on both sides: /.git/objects/e5/1f0aa630a8eae8edf5ef0f0c8f5fff499a2878
2025-12-21 09:21:52: Cannot autoresolve the conflict because time is the same on both sides: /.git/objects/e5/9f50f43ee8a4c99f4c6bc64e612bf6731aeb0d
2025-12-21 09:21:52: Cannot autoresolve the conflict because time is the same on both sides: /.git/objects/e6/e8a3b6cb05c218837bee044793ed43fc8080a6
2025-12-21 09:21:52: Cannot autoresolve the conflict because time is the same on both sides: /.git/objects/e7/8f24c12a2a8f2e8ecfcd23f7de528a3f5f66fc
2025-12-21 09:21:52: Cannot autoresolve the conflict because time is the same on both sides: /.git/objects/e7/d4aa45088c397d1de7f0950ea1b7aa437769a4
2025-12-21 09:21:52: Cannot autoresolve the conflict because time is the same on both sides: /.git/objects/e7/e686c236dd55825dc9f7d76510275e9a944028
2025-12-21 09:21:52: Cannot autoresolve the conflict because time is the same on both sides: /.git/objects/e8/26bc901f821abb3e17f86cd9ef74571395bfd7
2025-12-21 09:21:52: Cannot autoresolve the conflict because time is the same on both sides: /.git/objects/e9/18faa797ff73e8cda561e03ea19566ff7adaae
2025-12-21 09:21:52: Cannot autoresolve the conflict because time is the same on both sides: /.git/objects/e9/afb379d542f1d0b9002e25d48d6182865d32e4
2025-12-21 09:21:52: Cannot autoresolve the conflict because time is the same on both sides: /.git/objects/ea/1133e1bbba6df8c29aee8d42d0d03f6d8c4f15
2025-12-21 09:21:52: Cannot autoresolve the conflict because time is the same on both sides: /.git/objects/ea/6de8f38fc278c1f94a46846abdc6d6d014757a
2025-12-21 09:21:52: Cannot autoresolve the conflict because time is the same on both sides: /.git/objects/eb/9061fd3480b67f3542e5c83ac6bda3279c6712
2025-12-21 09:21:52: Cannot autoresolve the conflict because time is the same on both sides: /.git/objects/ec/e9133471c3d20a19ee940a417a954c0b1002d7
2025-12-21 09:21:52: Cannot autoresolve the conflict because time is the same on both sides: /.git/objects/ed/37432af6965e01cd1f63b73a9e77a9fee86177
2025-12-21 09:21:52: Cannot autoresolve the conflict because time is the same on both sides: /.git/objects/ed/8453a5d0b09dae1b5abdf66c8078b61081d571
2025-12-21 09:21:52: Cannot autoresolve the conflict because time is the same on both sides: /.git/objects/ef/6f7844257eb01dfd808fa387c023584e6a56d5
2025-12-21 09:21:52: Cannot autoresolve the conflict because time is the same on both sides: /.git/objects/ef/aaa546b8e5ce1e67f2de7c8ede5e7247ab88cf
2025-12-21 09:21:52: Cannot autoresolve the conflict because time is the same on both sides: /.git/objects/ef/b9b9e45d3e00a400c2fa2e8fb46e53c5af67b5
2025-12-21 09:21:52: Cannot autoresolve the conflict because time is the same on both sides: /.git/objects/f0/b970661613c1c771d04811c5d04fa8dffa6291
2025-12-21 09:21:52: Cannot autoresolve the conflict because time is the same on both sides: /.git/objects/f1/547fd501c5283b0c1a787539b564ac15368a1f
2025-12-21 09:21:52: Cannot autoresolve the conflict because time is the same on both sides: /.git/objects/f1/8e33c19fff8cf4e60983054b5f0c011d5a8778
2025-12-21 09:21:52: Cannot autoresolve the conflict because time is the same on both sides: /.git/objects/f2/018ad030fb90d09eced12abf0efddd7c19bcbe
2025-12-21 09:21:52: Cannot autoresolve the conflict because time is the same on both sides: /.git/objects/f2/cc3f5675cdeb62ef20825835d29ef287ca3eeb
2025-12-21 09:21:52: Cannot autoresolve the conflict because time is the same on both sides: /.git/objects/f3/7e8c3d97b01588e0b5b7e0166ff87d0e3fcfec
2025-12-21 09:21:52: Cannot autoresolve the conflict because time is the same on both sides: /.git/objects/f3/c068bce7141298a9260752c5e2b1e8980d90df
2025-12-21 09:21:52: Cannot autoresolve the conflict because time is the same on both sides: /.git/objects/f5/59d9a03c3e0c4a2996ad49d6d8100cd1b0c11a
2025-12-21 09:21:52: Cannot autoresolve the conflict because time is the same on both sides: /.git/objects/f5/c636d8f282763af01d4c55b5ae529934fb2460
2025-12-21 09:21:52: Cannot autoresolve the conflict because time is the same on both sides: /.git/objects/f5/e7fc21f1a01c6cb4b822f17eb81d2779c2d29e
2025-12-21 09:21:52: Cannot autoresolve the conflict because time is the same on both sides: /.git/objects/f6/058a753f2ac30204641f61a3df5b76457cbd10
2025-12-21 09:21:52: Cannot autoresolve the conflict because time is the same on both sides: /.git/objects/f6/5341eb1672890bfa7007fc8f04c32057f78d09
2025-12-21 09:21:52: Cannot autoresolve the conflict because time is the same on both sides: /.git/objects/f7/1f5900e01c30d50a99834c87e7c4bc460c8c46
2025-12-21 09:21:52: Cannot autoresolve the conflict because time is the same on both sides: /.git/objects/f7/24fd50d600586e7741999ea90165573a6cde07
2025-12-21 09:21:52: Cannot autoresolve the conflict because time is the same on both sides: /.git/objects/f7/2adce327317394c5be938229df536a43bb863e
2025-12-21 09:21:52: Cannot autoresolve the conflict because time is the same on both sides: /.git/objects/f8/2fe3d6044ed952502f01537a305a1f608fd02c
2025-12-21 09:21:52: Cannot autoresolve the conflict because time is the same on both sides: /.git/objects/f8/84f8f2db87ff951cf6c0afe60f09c2d2bafabf
2025-12-21 09:21:52: Cannot autoresolve the conflict because time is the same on both sides: /.git/objects/f8/99a88ed63b540a2d88d807a14be4415157b598
2025-12-21 09:21:52: Cannot autoresolve the conflict because time is the same on both sides: /.git/objects/f8/ea685e71ccab568141f453fa5678d0e0498d8a
2025-12-21 09:21:52: Cannot autoresolve the conflict because time is the same on both sides: /.git/objects/f9/6419d2d5927c8df2f9c63222b1e25a8e01de8c
2025-12-21 09:21:52: Cannot autoresolve the conflict because time is the same on both sides: /.git/objects/f9/96633a9f169ba3794a113233231cdb17a239f6
2025-12-21 09:21:52: Cannot autoresolve the conflict because time is the same on both sides: /.git/objects/f9/b782b06abf075c49aae300fccacba0703305f5
2025-12-21 09:21:52: Cannot autoresolve the conflict because time is the same on both sides: /.git/objects/f9/fcd3d163f8a5328e5afc1610b4951f44ab00f9
2025-12-21 09:21:52: Cannot autoresolve the conflict because time is the same on both sides: /.git/objects/fa/051399235ac73044af2ff1873f1ce901bb40b8
2025-12-21 09:21:52: Cannot autoresolve the conflict because time is the same on both sides: /.git/objects/fa/1f04b846b6058d1249a42375549a29bac8c198
2025-12-21 09:21:52: Cannot autoresolve the conflict because time is the same on both sides: /.git/objects/fa/7df7ac55c1fd111646c3607bda6a8b9cd7e491
2025-12-21 09:21:52: Cannot autoresolve the conflict because time is the same on both sides: /.git/objects/fb/4500086850aec2183417a6812cb02e9c1a2fc2
2025-12-21 09:21:52: Cannot autoresolve the conflict because time is the same on both sides: /.git/objects/fb/f051045cd5fdce503715a69c0a70e3882ce89d
2025-12-21 09:21:52: Cannot autoresolve the conflict because time is the same on both sides: /.git/objects/fc/5fd38eb09e17aa2100b7587d5713b36a5fa399
2025-12-21 09:21:52: Cannot autoresolve the conflict because time is the same on both sides: /.git/objects/fc/bed60b86ed2eb9f79ffa42a17d19c50cbdafd6
2025-12-21 09:21:52: Cannot autoresolve the conflict because time is the same on both sides: /.git/objects/fd/0c5cc45f7bd5e4f559597898ab4eae61056aae
2025-12-21 09:21:52: Cannot autoresolve the conflict because time is the same on both sides: /.git/objects/fe/1460f26f142d129e17df224d5f30c86683e0cf
2025-12-21 09:21:52: Cannot autoresolve the conflict because time is the same on both sides: /.git/objects/fe/81d9c0fc0720a82fc285818f20cbf00ee6145e
2025-12-21 09:21:52: Cannot autoresolve the conflict because time is the same on both sides: /.git/objects/fe/f908accf2a7a891f0302e0f1be7342c7ec59fd
2025-12-21 09:21:52: Cannot autoresolve the conflict because time is the same on both sides: /.git/objects/ff/19aaa08746127d7a7a038349085b5e8b89d383
2025-12-21 09:21:52: Cannot autoresolve the conflict because time is the same on both sides: /.git/objects/ff/9e504ef9e49956b6b586485218cca21dfbefae
2025-12-21 09:21:52: Cannot autoresolve the conflict because time is the same on both sides: /.git/objects/ff/b2ada48968455dca1d7c15c5984352682c8a4b
2025-12-21 09:21:52: Cannot autoresolve the conflict because time is the same on both sides: /.git/objects/ff/d6bffcce279c6a69cb22dc8557d1de12d056cd
2025-12-21 09:21:52: Cannot autoresolve the conflict because time is the same on both sides: /.git/objects/ff/f1a9b44f445fb21c7ca51954df33dd2b34d8aa
2025-12-21 09:21:52: Cannot autoresolve the conflict because time is the same on both sides: /.git/objects/ff/fec696f01d93e0db63a37475494adbc8103d27
2025-12-21 09:21:52: Cannot autoresolve the conflict because time is the same on both sides: /.git/objects/pack/pack-097042b34043b55f4cea305cc4487110dc98c799.pack
2025-12-21 09:21:52: Cannot autoresolve the conflict because time is the same on both sides: /.git/objects/pack/pack-e7a24c9e68c7f4b50bf6241104c679d660faf33a.pack
2025-12-21 09:21:52: Cannot autoresolve the conflict because time is the same on both sides: /.git/refs/heads/master
2025-12-21 09:21:52: Cannot autoresolve the conflict because time is the same on both sides: /.git/refs/remotes/PropulsionSystem/master
2025-12-21 09:21:52: Cannot autoresolve the conflict because time is the same on both sides: /.git/sourcetreeconfig.json
2025-12-21 09:21:53: Analyze has finished with Conflicts. Resolve Conflicts by selecting the correct sync direction, then click Sync
2025-12-21 09:21:53: Changes: 1 (793), Conflicts: 792, CopyTime: 0, FixState: 0, Errors: 0, All: 4494
2025-12-21 09:21:53: Left to Right: Copy File: 1 
2025-12-21 09:21:53: == Sync Started by On File Change, After Delay
2025-12-21 09:21:53: Start only 1 threads, limited by tasks to run
2025-12-21 09:21:53: Copy Over 'C:/Users/grabacr/VPSsync/01-WorkspaceSync/modelica-shared/CustomLib/PropulsionSystem/.git/FETCH_HEAD' -> 'sftp://os3-310-44666.vs.sakura.ne.jp/home/ubuntu/VPSsync/01-WorkspaceSync/modelica-shared/CustomLib/PropulsionSystem/.git/FETCH_HEAD' (0)
2025-12-21 09:21:53: Save State File C:/Users/grabacr/VPSsync/01-WorkspaceSync/modelica-shared/CustomLib/PropulsionSystem/_gsdata_/_file_state_v4._gs
2025-12-21 09:21:54: Save State File sftp://os3-310-44666.vs.sakura.ne.jp/home/ubuntu/VPSsync/01-WorkspaceSync/modelica-shared/CustomLib/PropulsionSystem/_gsdata_/_file_state_v4._gs
2025-12-21 09:22:15: == Sync Complete. Time: 00:00:22, Speed: 0.00/s, OK: 1, Errors: 0
