2025-12-21 02:33:06: Server: SSH-2.0-OpenSSH_9.6p1 Ubuntu-3ubuntu13.14
2025-12-21 02:33:06: Server KEXes: sntrup761x25519-sha512@openssh.com,curve25519-sha256,curve25519-sha256@libssh.org,ecdh-sha2-nistp256,ecdh-sha2-nistp384,ecdh-sha2-nistp521,diffie-hellman-group-exchange-sha256,diffie-hellman-group16-sha512,diffie-hellman-group18-sha512,diffie-hellman-group14-sha256,ext-info-s,kex-strict-s-v00@openssh.com
2025-12-21 02:33:06: Server Host Keys: rsa-sha2-512,rsa-sha2-256,ecdsa-sha2-nistp256,ssh-ed25519
2025-12-21 02:33:06: Chosen Host Key: ssh-ed25519
2025-12-21 02:33:06: Ciphers: chacha20-poly1305@openssh.com,aes128-ctr,aes192-ctr,aes256-ctr,aes128-gcm@openssh.com,aes256-gcm@openssh.com
2025-12-21 02:33:06: MACs: umac-64-etm@openssh.com,umac-128-etm@openssh.com,hmac-sha2-256-etm@openssh.com,hmac-sha2-512-etm@openssh.com,hmac-sha1-etm@openssh.com,umac-64@openssh.com,umac-128@openssh.com,hmac-sha2-256,hmac-sha2-512,hmac-sha1
2025-12-21 02:33:06: Auth: start: publickey
2025-12-21 02:33:06: Auth: publickey: no keys available
2025-12-21 02:33:06: Auth: start: password
2025-12-21 02:33:07: -- Analysis Started by On File Change, After Delay
2025-12-21 02:33:08: Changes: 556 (792), Conflicts: 0, CopyTime: 0, FixState: 0, Errors: 0, All: 4494
2025-12-21 02:33:08: Left to Right: Copy File: 556 
2025-12-21 02:33:08: == Sync Started by On File Change, After Delay
2025-12-21 02:33:08: ConnectCloned connected to file:///~grabacr/VPSsync/01-WorkspaceSync/modelica-shared/CustomLib/PropulsionSystem
2025-12-21 02:33:08: ConnectCloned connected to file:///~grabacr/VPSsync/01-WorkspaceSync/modelica-shared/CustomLib/PropulsionSystem
2025-12-21 02:33:08: ConnectCloned connected to file:///~grabacr/VPSsync/01-WorkspaceSync/modelica-shared/CustomLib/PropulsionSystem
2025-12-21 02:33:08: Server: SSH-2.0-OpenSSH_9.6p1 Ubuntu-3ubuntu13.14
2025-12-21 02:33:08: Server: SSH-2.0-OpenSSH_9.6p1 Ubuntu-3ubuntu13.14
2025-12-21 02:33:08: Server KEXes: sntrup761x25519-sha512@openssh.com,curve25519-sha256,curve25519-sha256@libssh.org,ecdh-sha2-nistp256,ecdh-sha2-nistp384,ecdh-sha2-nistp521,diffie-hellman-group-exchange-sha256,diffie-hellman-group16-sha512,diffie-hellman-group18-sha512,diffie-hellman-group14-sha256,ext-info-s,kex-strict-s-v00@openssh.com
2025-12-21 02:33:08: Server Host Keys: rsa-sha2-512,rsa-sha2-256,ecdsa-sha2-nistp256,ssh-ed25519
2025-12-21 02:33:08: Chosen Host Key: ssh-ed25519
2025-12-21 02:33:08: Ciphers: chacha20-poly1305@openssh.com,aes128-ctr,aes192-ctr,aes256-ctr,aes128-gcm@openssh.com,aes256-gcm@openssh.com
2025-12-21 02:33:08: MACs: umac-64-etm@openssh.com,umac-128-etm@openssh.com,hmac-sha2-256-etm@openssh.com,hmac-sha2-512-etm@openssh.com,hmac-sha1-etm@openssh.com,umac-64@openssh.com,umac-128@openssh.com,hmac-sha2-256,hmac-sha2-512,hmac-sha1
2025-12-21 02:33:08: Server: SSH-2.0-OpenSSH_9.6p1 Ubuntu-3ubuntu13.14
2025-12-21 02:33:08: Server KEXes: sntrup761x25519-sha512@openssh.com,curve25519-sha256,curve25519-sha256@libssh.org,ecdh-sha2-nistp256,ecdh-sha2-nistp384,ecdh-sha2-nistp521,diffie-hellman-group-exchange-sha256,diffie-hellman-group16-sha512,diffie-hellman-group18-sha512,diffie-hellman-group14-sha256,ext-info-s,kex-strict-s-v00@openssh.com
2025-12-21 02:33:08: Server Host Keys: rsa-sha2-512,rsa-sha2-256,ecdsa-sha2-nistp256,ssh-ed25519
2025-12-21 02:33:08: Chosen Host Key: ssh-ed25519
2025-12-21 02:33:08: Ciphers: chacha20-poly1305@openssh.com,aes128-ctr,aes192-ctr,aes256-ctr,aes128-gcm@openssh.com,aes256-gcm@openssh.com
2025-12-21 02:33:08: MACs: umac-64-etm@openssh.com,umac-128-etm@openssh.com,hmac-sha2-256-etm@openssh.com,hmac-sha2-512-etm@openssh.com,hmac-sha1-etm@openssh.com,umac-64@openssh.com,umac-128@openssh.com,hmac-sha2-256,hmac-sha2-512,hmac-sha1
2025-12-21 02:33:08: Server KEXes: sntrup761x25519-sha512@openssh.com,curve25519-sha256,curve25519-sha256@libssh.org,ecdh-sha2-nistp256,ecdh-sha2-nistp384,ecdh-sha2-nistp521,diffie-hellman-group-exchange-sha256,diffie-hellman-group16-sha512,diffie-hellman-group18-sha512,diffie-hellman-group14-sha256,ext-info-s,kex-strict-s-v00@openssh.com
2025-12-21 02:33:08: Server Host Keys: rsa-sha2-512,rsa-sha2-256,ecdsa-sha2-nistp256,ssh-ed25519
2025-12-21 02:33:08: Chosen Host Key: ssh-ed25519
2025-12-21 02:33:08: Ciphers: chacha20-poly1305@openssh.com,aes128-ctr,aes192-ctr,aes256-ctr,aes128-gcm@openssh.com,aes256-gcm@openssh.com
2025-12-21 02:33:08: MACs: umac-64-etm@openssh.com,umac-128-etm@openssh.com,hmac-sha2-256-etm@openssh.com,hmac-sha2-512-etm@openssh.com,hmac-sha1-etm@openssh.com,umac-64@openssh.com,umac-128@openssh.com,hmac-sha2-256,hmac-sha2-512,hmac-sha1
2025-12-21 02:33:08: Auth: start: publickey
2025-12-21 02:33:08: Auth: start: publickey
2025-12-21 02:33:08: Auth: publickey: no keys available
2025-12-21 02:33:08: Auth: start: password
2025-12-21 02:33:08: Auth: publickey: no keys available
2025-12-21 02:33:08: Auth: start: password
2025-12-21 02:33:08: Auth: start: publickey
2025-12-21 02:33:08: Auth: publickey: no keys available
2025-12-21 02:33:08: Auth: start: password
2025-12-21 02:33:09: GsConnectAndSetRoot1 connected to sftp://os3-310-44666.vs.sakura.ne.jp/home/ubuntu/VPSsync/01-WorkspaceSync/modelica-shared/CustomLib/PropulsionSystem
2025-12-21 02:33:09: GsConnectAndSetRoot1 connected to sftp://os3-310-44666.vs.sakura.ne.jp/home/ubuntu/VPSsync/01-WorkspaceSync/modelica-shared/CustomLib/PropulsionSystem
2025-12-21 02:33:09: GsConnectAndSetRoot1 connected to sftp://os3-310-44666.vs.sakura.ne.jp/home/ubuntu/VPSsync/01-WorkspaceSync/modelica-shared/CustomLib/PropulsionSystem
2025-12-21 02:33:10: Copy New 'C:/Users/grabacr/VPSsync/01-WorkspaceSync/modelica-shared/CustomLib/PropulsionSystem/.git/logs/HEAD' -> 'sftp://os3-310-44666.vs.sakura.ne.jp/home/ubuntu/VPSsync/01-WorkspaceSync/modelica-shared/CustomLib/PropulsionSystem/.git/logs/HEAD' (11,126)
2025-12-21 02:33:10: Copy New 'C:/Users/grabacr/VPSsync/01-WorkspaceSync/modelica-shared/CustomLib/PropulsionSystem/.git/COMMIT_EDITMSG' -> 'sftp://os3-310-44666.vs.sakura.ne.jp/home/ubuntu/VPSsync/01-WorkspaceSync/modelica-shared/CustomLib/PropulsionSystem/.git/COMMIT_EDITMSG' (11)
2025-12-21 02:33:11: Copy New 'C:/Users/grabacr/VPSsync/01-WorkspaceSync/modelica-shared/CustomLib/PropulsionSystem/.git/objects/00/17fc2a34f74193b8ed2cbaaa4209eb1b3f6a90' -> 'sftp://os3-310-44666.vs.sakura.ne.jp/home/ubuntu/VPSsync/01-WorkspaceSync/modelica-shared/CustomLib/PropulsionSystem/.git/objects/00/17fc2a34f74193b8ed2cbaaa4209eb1b3f6a90' (787)
2025-12-21 02:33:11: Copy New 'C:/Users/grabacr/VPSsync/01-WorkspaceSync/modelica-shared/CustomLib/PropulsionSystem/.git/objects/01/2ddcdef88795e420169fd17d6447ca3f2a77a9' -> 'sftp://os3-310-44666.vs.sakura.ne.jp/home/ubuntu/VPSsync/01-WorkspaceSync/modelica-shared/CustomLib/PropulsionSystem/.git/objects/01/2ddcdef88795e420169fd17d6447ca3f2a77a9' (675)
2025-12-21 02:33:11: Copy New 'C:/Users/grabacr/VPSsync/01-WorkspaceSync/modelica-shared/CustomLib/PropulsionSystem/.git/objects/01/704306fc5934bd96af32cb5354735cfe2b3fb0' -> 'sftp://os3-310-44666.vs.sakura.ne.jp/home/ubuntu/VPSsync/01-WorkspaceSync/modelica-shared/CustomLib/PropulsionSystem/.git/objects/01/704306fc5934bd96af32cb5354735cfe2b3fb0' (676)
2025-12-21 02:33:11: Copy New 'C:/Users/grabacr/VPSsync/01-WorkspaceSync/modelica-shared/CustomLib/PropulsionSystem/.git/index' -> 'sftp://os3-310-44666.vs.sakura.ne.jp/home/ubuntu/VPSsync/01-WorkspaceSync/modelica-shared/CustomLib/PropulsionSystem/.git/index' (356,141)
2025-12-21 02:33:11: Copy New 'C:/Users/grabacr/VPSsync/01-WorkspaceSync/modelica-shared/CustomLib/PropulsionSystem/.git/objects/01/7485ab45e9c0e670976937fc09d3d17d5599d7' -> 'sftp://os3-310-44666.vs.sakura.ne.jp/home/ubuntu/VPSsync/01-WorkspaceSync/modelica-shared/CustomLib/PropulsionSystem/.git/objects/01/7485ab45e9c0e670976937fc09d3d17d5599d7' (668)
2025-12-21 02:33:11: Copy New 'C:/Users/grabacr/VPSsync/01-WorkspaceSync/modelica-shared/CustomLib/PropulsionSystem/.git/objects/01/9b150708deb1da36fc27c47530074b75b103ea' -> 'sftp://os3-310-44666.vs.sakura.ne.jp/home/ubuntu/VPSsync/01-WorkspaceSync/modelica-shared/CustomLib/PropulsionSystem/.git/objects/01/9b150708deb1da36fc27c47530074b75b103ea' (937)
2025-12-21 02:33:11: Copy New 'C:/Users/grabacr/VPSsync/01-WorkspaceSync/modelica-shared/CustomLib/PropulsionSystem/.git/objects/00/1ad2f6a9e30b055c0d9a3a8c989f37edd673de' -> 'sftp://os3-310-44666.vs.sakura.ne.jp/home/ubuntu/VPSsync/01-WorkspaceSync/modelica-shared/CustomLib/PropulsionSystem/.git/objects/00/1ad2f6a9e30b055c0d9a3a8c989f37edd673de' (936)
2025-12-21 02:33:11: Copy New 'C:/Users/grabacr/VPSsync/01-WorkspaceSync/modelica-shared/CustomLib/PropulsionSystem/.git/objects/01/d3704e06175dd2f07b83067157153c63ff0487' -> 'sftp://os3-310-44666.vs.sakura.ne.jp/home/ubuntu/VPSsync/01-WorkspaceSync/modelica-shared/CustomLib/PropulsionSystem/.git/objects/01/d3704e06175dd2f07b83067157153c63ff0487' (52)
2025-12-21 02:33:11: Copy New 'C:/Users/grabacr/VPSsync/01-WorkspaceSync/modelica-shared/CustomLib/PropulsionSystem/.git/objects/00/605045097a9085ca25ed7911dba67f75d794da' -> 'sftp://os3-310-44666.vs.sakura.ne.jp/home/ubuntu/VPSsync/01-WorkspaceSync/modelica-shared/CustomLib/PropulsionSystem/.git/objects/00/605045097a9085ca25ed7911dba67f75d794da' (668)
2025-12-21 02:33:11: Copy New 'C:/Users/grabacr/VPSsync/01-WorkspaceSync/modelica-shared/CustomLib/PropulsionSystem/.git/objects/02/2621ed50637daa9b7364790b77eaac96bf0135' -> 'sftp://os3-310-44666.vs.sakura.ne.jp/home/ubuntu/VPSsync/01-WorkspaceSync/modelica-shared/CustomLib/PropulsionSystem/.git/objects/02/2621ed50637daa9b7364790b77eaac96bf0135' (788)
2025-12-21 02:33:11: Copy New 'C:/Users/grabacr/VPSsync/01-WorkspaceSync/modelica-shared/CustomLib/PropulsionSystem/.git/objects/02/3e757699e915412158c3d809f07c64cc150b9d' -> 'sftp://os3-310-44666.vs.sakura.ne.jp/home/ubuntu/VPSsync/01-WorkspaceSync/modelica-shared/CustomLib/PropulsionSystem/.git/objects/02/3e757699e915412158c3d809f07c64cc150b9d' (786)
2025-12-21 02:33:11: Copy New 'C:/Users/grabacr/VPSsync/01-WorkspaceSync/modelica-shared/CustomLib/PropulsionSystem/.git/objects/02/cc682d8ca124901bcec0f746b1efe037917716' -> 'sftp://os3-310-44666.vs.sakura.ne.jp/home/ubuntu/VPSsync/01-WorkspaceSync/modelica-shared/CustomLib/PropulsionSystem/.git/objects/02/cc682d8ca124901bcec0f746b1efe037917716' (672)
2025-12-21 02:33:11: Copy New 'C:/Users/grabacr/VPSsync/01-WorkspaceSync/modelica-shared/CustomLib/PropulsionSystem/.git/objects/02/f9be9437db90fd5a7dd2fc6d2f650a05b04ef6' -> 'sftp://os3-310-44666.vs.sakura.ne.jp/home/ubuntu/VPSsync/01-WorkspaceSync/modelica-shared/CustomLib/PropulsionSystem/.git/objects/02/f9be9437db90fd5a7dd2fc6d2f650a05b04ef6' (86)
2025-12-21 02:33:11: Copy New 'C:/Users/grabacr/VPSsync/01-WorkspaceSync/modelica-shared/CustomLib/PropulsionSystem/.git/objects/02/d962895d38be5bc1b0e874f2d0ad0745b0a5e9' -> 'sftp://os3-310-44666.vs.sakura.ne.jp/home/ubuntu/VPSsync/01-WorkspaceSync/modelica-shared/CustomLib/PropulsionSystem/.git/objects/02/d962895d38be5bc1b0e874f2d0ad0745b0a5e9' (936)
2025-12-21 02:33:11: Copy New 'C:/Users/grabacr/VPSsync/01-WorkspaceSync/modelica-shared/CustomLib/PropulsionSystem/.git/objects/03/47899d56f4a80a418300699684a7a1865432d5' -> 'sftp://os3-310-44666.vs.sakura.ne.jp/home/ubuntu/VPSsync/01-WorkspaceSync/modelica-shared/CustomLib/PropulsionSystem/.git/objects/03/47899d56f4a80a418300699684a7a1865432d5' (615)
2025-12-21 02:33:11: Copy New 'C:/Users/grabacr/VPSsync/01-WorkspaceSync/modelica-shared/CustomLib/PropulsionSystem/.git/objects/04/7319d004b2065bd395ad9db2cf6414a38d7567' -> 'sftp://os3-310-44666.vs.sakura.ne.jp/home/ubuntu/VPSsync/01-WorkspaceSync/modelica-shared/CustomLib/PropulsionSystem/.git/objects/04/7319d004b2065bd395ad9db2cf6414a38d7567' (783)
2025-12-21 02:33:11: Copy New 'C:/Users/grabacr/VPSsync/01-WorkspaceSync/modelica-shared/CustomLib/PropulsionSystem/.git/objects/04/d501600bac0cacb19d5394a73412614248baaf' -> 'sftp://os3-310-44666.vs.sakura.ne.jp/home/ubuntu/VPSsync/01-WorkspaceSync/modelica-shared/CustomLib/PropulsionSystem/.git/objects/04/d501600bac0cacb19d5394a73412614248baaf' (936)
2025-12-21 02:33:12: Copy New 'C:/Users/grabacr/VPSsync/01-WorkspaceSync/modelica-shared/CustomLib/PropulsionSystem/.git/objects/05/1363d35728a298c20757e498c4c6a0666d6015' -> 'sftp://os3-310-44666.vs.sakura.ne.jp/home/ubuntu/VPSsync/01-WorkspaceSync/modelica-shared/CustomLib/PropulsionSystem/.git/objects/05/1363d35728a298c20757e498c4c6a0666d6015' (172)
2025-12-21 02:33:12: Copy New 'C:/Users/grabacr/VPSsync/01-WorkspaceSync/modelica-shared/CustomLib/PropulsionSystem/.git/objects/04/dcd5691a1156e3f76ba28c23568693a2cd3397' -> 'sftp://os3-310-44666.vs.sakura.ne.jp/home/ubuntu/VPSsync/01-WorkspaceSync/modelica-shared/CustomLib/PropulsionSystem/.git/objects/04/dcd5691a1156e3f76ba28c23568693a2cd3397' (939)
2025-12-21 02:33:12: Copy New 'C:/Users/grabacr/VPSsync/01-WorkspaceSync/modelica-shared/CustomLib/PropulsionSystem/.git/objects/06/92e1fdbec77f90b9f13ddf28146a9c48a61dff' -> 'sftp://os3-310-44666.vs.sakura.ne.jp/home/ubuntu/VPSsync/01-WorkspaceSync/modelica-shared/CustomLib/PropulsionSystem/.git/objects/06/92e1fdbec77f90b9f13ddf28146a9c48a61dff' (937)
2025-12-21 02:33:12: Copy New 'C:/Users/grabacr/VPSsync/01-WorkspaceSync/modelica-shared/CustomLib/PropulsionSystem/.git/objects/06/cc20ff880ec7fda33d1387f53d8375f6d9a21b' -> 'sftp://os3-310-44666.vs.sakura.ne.jp/home/ubuntu/VPSsync/01-WorkspaceSync/modelica-shared/CustomLib/PropulsionSystem/.git/objects/06/cc20ff880ec7fda33d1387f53d8375f6d9a21b' (787)
2025-12-21 02:33:12: Copy New 'C:/Users/grabacr/VPSsync/01-WorkspaceSync/modelica-shared/CustomLib/PropulsionSystem/.git/objects/05/cdd8008443bbb55da46a385ae5d8c250a518b2' -> 'sftp://os3-310-44666.vs.sakura.ne.jp/home/ubuntu/VPSsync/01-WorkspaceSync/modelica-shared/CustomLib/PropulsionSystem/.git/objects/05/cdd8008443bbb55da46a385ae5d8c250a518b2' (939)
2025-12-21 02:33:12: Copy New 'C:/Users/grabacr/VPSsync/01-WorkspaceSync/modelica-shared/CustomLib/PropulsionSystem/.git/objects/07/1c8761c49d503a28a27498e93591452d979c24' -> 'sftp://os3-310-44666.vs.sakura.ne.jp/home/ubuntu/VPSsync/01-WorkspaceSync/modelica-shared/CustomLib/PropulsionSystem/.git/objects/07/1c8761c49d503a28a27498e93591452d979c24' (939)
2025-12-21 02:33:12: Copy New 'C:/Users/grabacr/VPSsync/01-WorkspaceSync/modelica-shared/CustomLib/PropulsionSystem/.git/objects/08/201ea9e857248aff2bda3c1d79d0fc11e95929' -> 'sftp://os3-310-44666.vs.sakura.ne.jp/home/ubuntu/VPSsync/01-WorkspaceSync/modelica-shared/CustomLib/PropulsionSystem/.git/objects/08/201ea9e857248aff2bda3c1d79d0fc11e95929' (783)
2025-12-21 02:33:12: Copy New 'C:/Users/grabacr/VPSsync/01-WorkspaceSync/modelica-shared/CustomLib/PropulsionSystem/.git/objects/08/401e975592f16f9fd5d83d01639f99b47bf9d5' -> 'sftp://os3-310-44666.vs.sakura.ne.jp/home/ubuntu/VPSsync/01-WorkspaceSync/modelica-shared/CustomLib/PropulsionSystem/.git/objects/08/401e975592f16f9fd5d83d01639f99b47bf9d5' (785)
2025-12-21 02:33:12: Copy New 'C:/Users/grabacr/VPSsync/01-WorkspaceSync/modelica-shared/CustomLib/PropulsionSystem/.git/objects/08/cfc7679935349ac8085bfd394519d340e3579b' -> 'sftp://os3-310-44666.vs.sakura.ne.jp/home/ubuntu/VPSsync/01-WorkspaceSync/modelica-shared/CustomLib/PropulsionSystem/.git/objects/08/cfc7679935349ac8085bfd394519d340e3579b' (667)
2025-12-21 02:33:12: Copy New 'C:/Users/grabacr/VPSsync/01-WorkspaceSync/modelica-shared/CustomLib/PropulsionSystem/.git/objects/07/baf50f2ddd8f66b89ee6bc33aca6b18463fe10' -> 'sftp://os3-310-44666.vs.sakura.ne.jp/home/ubuntu/VPSsync/01-WorkspaceSync/modelica-shared/CustomLib/PropulsionSystem/.git/objects/07/baf50f2ddd8f66b89ee6bc33aca6b18463fe10' (668)
2025-12-21 02:33:12: Copy New 'C:/Users/grabacr/VPSsync/01-WorkspaceSync/modelica-shared/CustomLib/PropulsionSystem/.git/objects/09/629fff1f21a245b60fca61f0c3867b66003ab3' -> 'sftp://os3-310-44666.vs.sakura.ne.jp/home/ubuntu/VPSsync/01-WorkspaceSync/modelica-shared/CustomLib/PropulsionSystem/.git/objects/09/629fff1f21a245b60fca61f0c3867b66003ab3' (785)
2025-12-21 02:33:12: Copy New 'C:/Users/grabacr/VPSsync/01-WorkspaceSync/modelica-shared/CustomLib/PropulsionSystem/.git/objects/0b/0db2043dd0cd6ff756c2c747ddd198209738c5' -> 'sftp://os3-310-44666.vs.sakura.ne.jp/home/ubuntu/VPSsync/01-WorkspaceSync/modelica-shared/CustomLib/PropulsionSystem/.git/objects/0b/0db2043dd0cd6ff756c2c747ddd198209738c5' (678)
2025-12-21 02:33:12: Copy New 'C:/Users/grabacr/VPSsync/01-WorkspaceSync/modelica-shared/CustomLib/PropulsionSystem/.git/objects/0b/2fe39143ae418b4af2154237138c7dcf775fa9' -> 'sftp://os3-310-44666.vs.sakura.ne.jp/home/ubuntu/VPSsync/01-WorkspaceSync/modelica-shared/CustomLib/PropulsionSystem/.git/objects/0b/2fe39143ae418b4af2154237138c7dcf775fa9' (667)
2025-12-21 02:33:12: Copy New 'C:/Users/grabacr/VPSsync/01-WorkspaceSync/modelica-shared/CustomLib/PropulsionSystem/.git/objects/0b/303406dcdf2f45c0662ad81b9823e0093e84aa' -> 'sftp://os3-310-44666.vs.sakura.ne.jp/home/ubuntu/VPSsync/01-WorkspaceSync/modelica-shared/CustomLib/PropulsionSystem/.git/objects/0b/303406dcdf2f45c0662ad81b9823e0093e84aa' (937)
2025-12-21 02:33:12: Copy New 'C:/Users/grabacr/VPSsync/01-WorkspaceSync/modelica-shared/CustomLib/PropulsionSystem/.git/objects/0b/52ea22943d6f122622e44e043e07b00fe94ef6' -> 'sftp://os3-310-44666.vs.sakura.ne.jp/home/ubuntu/VPSsync/01-WorkspaceSync/modelica-shared/CustomLib/PropulsionSystem/.git/objects/0b/52ea22943d6f122622e44e043e07b00fe94ef6' (788)
2025-12-21 02:33:12: Copy New 'C:/Users/grabacr/VPSsync/01-WorkspaceSync/modelica-shared/CustomLib/PropulsionSystem/.git/objects/0b/e4dc41d6e22cab274859bd461d16e3c639be2f' -> 'sftp://os3-310-44666.vs.sakura.ne.jp/home/ubuntu/VPSsync/01-WorkspaceSync/modelica-shared/CustomLib/PropulsionSystem/.git/objects/0b/e4dc41d6e22cab274859bd461d16e3c639be2f' (790)
2025-12-21 02:33:12: Copy New 'C:/Users/grabacr/VPSsync/01-WorkspaceSync/modelica-shared/CustomLib/PropulsionSystem/.git/objects/09/b4c5dbb917479042f26da59bbb6b43688c5d79' -> 'sftp://os3-310-44666.vs.sakura.ne.jp/home/ubuntu/VPSsync/01-WorkspaceSync/modelica-shared/CustomLib/PropulsionSystem/.git/objects/09/b4c5dbb917479042f26da59bbb6b43688c5d79' (668)
2025-12-21 02:33:13: Copy New 'C:/Users/grabacr/VPSsync/01-WorkspaceSync/modelica-shared/CustomLib/PropulsionSystem/.git/objects/0c/51b2e13fd22b972219056532a4afc3e2d1d22a' -> 'sftp://os3-310-44666.vs.sakura.ne.jp/home/ubuntu/VPSsync/01-WorkspaceSync/modelica-shared/CustomLib/PropulsionSystem/.git/objects/0c/51b2e13fd22b972219056532a4afc3e2d1d22a' (755)
2025-12-21 02:33:13: Copy New 'C:/Users/grabacr/VPSsync/01-WorkspaceSync/modelica-shared/CustomLib/PropulsionSystem/.git/objects/0d/4b574c12053ea8922083bd89c30b895bf5cc93' -> 'sftp://os3-310-44666.vs.sakura.ne.jp/home/ubuntu/VPSsync/01-WorkspaceSync/modelica-shared/CustomLib/PropulsionSystem/.git/objects/0d/4b574c12053ea8922083bd89c30b895bf5cc93' (939)
2025-12-21 02:33:13: Copy New 'C:/Users/grabacr/VPSsync/01-WorkspaceSync/modelica-shared/CustomLib/PropulsionSystem/.git/objects/0c/5beff6f31127ea2c5b2fb0af0149c49b489dcd' -> 'sftp://os3-310-44666.vs.sakura.ne.jp/home/ubuntu/VPSsync/01-WorkspaceSync/modelica-shared/CustomLib/PropulsionSystem/.git/objects/0c/5beff6f31127ea2c5b2fb0af0149c49b489dcd' (25,003)
2025-12-21 02:33:13: Copy New 'C:/Users/grabacr/VPSsync/01-WorkspaceSync/modelica-shared/CustomLib/PropulsionSystem/.git/objects/0c/9286d574684dd361b908096ede9669de17eb53' -> 'sftp://os3-310-44666.vs.sakura.ne.jp/home/ubuntu/VPSsync/01-WorkspaceSync/modelica-shared/CustomLib/PropulsionSystem/.git/objects/0c/9286d574684dd361b908096ede9669de17eb53' (668)
2025-12-21 02:33:13: Copy New 'C:/Users/grabacr/VPSsync/01-WorkspaceSync/modelica-shared/CustomLib/PropulsionSystem/.git/objects/0c/dba0199ff19b7f4ccdd764c6e63c046ec6ddc4' -> 'sftp://os3-310-44666.vs.sakura.ne.jp/home/ubuntu/VPSsync/01-WorkspaceSync/modelica-shared/CustomLib/PropulsionSystem/.git/objects/0c/dba0199ff19b7f4ccdd764c6e63c046ec6ddc4' (568)
2025-12-21 02:33:13: Copy New 'C:/Users/grabacr/VPSsync/01-WorkspaceSync/modelica-shared/CustomLib/PropulsionSystem/.git/objects/0c/f70aaa5f3e46f87a7ed463ee7b291b8ba6adcc' -> 'sftp://os3-310-44666.vs.sakura.ne.jp/home/ubuntu/VPSsync/01-WorkspaceSync/modelica-shared/CustomLib/PropulsionSystem/.git/objects/0c/f70aaa5f3e46f87a7ed463ee7b291b8ba6adcc' (940)
2025-12-21 02:33:13: Copy New 'C:/Users/grabacr/VPSsync/01-WorkspaceSync/modelica-shared/CustomLib/PropulsionSystem/.git/objects/0e/725c889c1f6edf936df12bea15c4ab756f41be' -> 'sftp://os3-310-44666.vs.sakura.ne.jp/home/ubuntu/VPSsync/01-WorkspaceSync/modelica-shared/CustomLib/PropulsionSystem/.git/objects/0e/725c889c1f6edf936df12bea15c4ab756f41be' (936)
2025-12-21 02:33:13: Copy New 'C:/Users/grabacr/VPSsync/01-WorkspaceSync/modelica-shared/CustomLib/PropulsionSystem/.git/objects/0f/0971397ea42cfcf89d01b41ace4567f7736733' -> 'sftp://os3-310-44666.vs.sakura.ne.jp/home/ubuntu/VPSsync/01-WorkspaceSync/modelica-shared/CustomLib/PropulsionSystem/.git/objects/0f/0971397ea42cfcf89d01b41ace4567f7736733' (1,005)
2025-12-21 02:33:13: Copy New 'C:/Users/grabacr/VPSsync/01-WorkspaceSync/modelica-shared/CustomLib/PropulsionSystem/.git/objects/0f/62a811a80e6b24c7d7c042856bbcd65df4d6b2' -> 'sftp://os3-310-44666.vs.sakura.ne.jp/home/ubuntu/VPSsync/01-WorkspaceSync/modelica-shared/CustomLib/PropulsionSystem/.git/objects/0f/62a811a80e6b24c7d7c042856bbcd65df4d6b2' (670)
2025-12-21 02:33:13: Copy New 'C:/Users/grabacr/VPSsync/01-WorkspaceSync/modelica-shared/CustomLib/PropulsionSystem/.git/objects/0f/826076918f7eae37797009513ebe923c631df6' -> 'sftp://os3-310-44666.vs.sakura.ne.jp/home/ubuntu/VPSsync/01-WorkspaceSync/modelica-shared/CustomLib/PropulsionSystem/.git/objects/0f/826076918f7eae37797009513ebe923c631df6' (789)
2025-12-21 02:33:13: Copy New 'C:/Users/grabacr/VPSsync/01-WorkspaceSync/modelica-shared/CustomLib/PropulsionSystem/.git/objects/0e/e064f484b78f6bc9b8ccee97ad01eee995267c' -> 'sftp://os3-310-44666.vs.sakura.ne.jp/home/ubuntu/VPSsync/01-WorkspaceSync/modelica-shared/CustomLib/PropulsionSystem/.git/objects/0e/e064f484b78f6bc9b8ccee97ad01eee995267c' (935)
2025-12-21 02:33:13: Copy New 'C:/Users/grabacr/VPSsync/01-WorkspaceSync/modelica-shared/CustomLib/PropulsionSystem/.git/objects/11/20837763855179c190d937456bd9dc78f6b2e4' -> 'sftp://os3-310-44666.vs.sakura.ne.jp/home/ubuntu/VPSsync/01-WorkspaceSync/modelica-shared/CustomLib/PropulsionSystem/.git/objects/11/20837763855179c190d937456bd9dc78f6b2e4' (784)
2025-12-21 02:33:13: Copy New 'C:/Users/grabacr/VPSsync/01-WorkspaceSync/modelica-shared/CustomLib/PropulsionSystem/.git/objects/12/362087f88b0cd847efb5f3985de5c0db00d0ab' -> 'sftp://os3-310-44666.vs.sakura.ne.jp/home/ubuntu/VPSsync/01-WorkspaceSync/modelica-shared/CustomLib/PropulsionSystem/.git/objects/12/362087f88b0cd847efb5f3985de5c0db00d0ab' (789)
2025-12-21 02:33:13: Copy New 'C:/Users/grabacr/VPSsync/01-WorkspaceSync/modelica-shared/CustomLib/PropulsionSystem/.git/objects/12/53d1daa761b2e347a62da5f3f73997283966df' -> 'sftp://os3-310-44666.vs.sakura.ne.jp/home/ubuntu/VPSsync/01-WorkspaceSync/modelica-shared/CustomLib/PropulsionSystem/.git/objects/12/53d1daa761b2e347a62da5f3f73997283966df' (936)
2025-12-21 02:33:13: Copy New 'C:/Users/grabacr/VPSsync/01-WorkspaceSync/modelica-shared/CustomLib/PropulsionSystem/.git/objects/11/52b5ba0116b6a2de65c3aa853d88014a1f1dcb' -> 'sftp://os3-310-44666.vs.sakura.ne.jp/home/ubuntu/VPSsync/01-WorkspaceSync/modelica-shared/CustomLib/PropulsionSystem/.git/objects/11/52b5ba0116b6a2de65c3aa853d88014a1f1dcb' (784)
2025-12-21 02:33:13: Copy New 'C:/Users/grabacr/VPSsync/01-WorkspaceSync/modelica-shared/CustomLib/PropulsionSystem/.git/objects/11/e6ead554791bc07eb8590882a5a20fc587ba24' -> 'sftp://os3-310-44666.vs.sakura.ne.jp/home/ubuntu/VPSsync/01-WorkspaceSync/modelica-shared/CustomLib/PropulsionSystem/.git/objects/11/e6ead554791bc07eb8590882a5a20fc587ba24' (1,006)
2025-12-21 02:33:13: Copy New 'C:/Users/grabacr/VPSsync/01-WorkspaceSync/modelica-shared/CustomLib/PropulsionSystem/.git/objects/13/75cc32886e577f3ad6113a4f538e3281ecdec0' -> 'sftp://os3-310-44666.vs.sakura.ne.jp/home/ubuntu/VPSsync/01-WorkspaceSync/modelica-shared/CustomLib/PropulsionSystem/.git/objects/13/75cc32886e577f3ad6113a4f538e3281ecdec0' (936)
2025-12-21 02:33:13: Copy New 'C:/Users/grabacr/VPSsync/01-WorkspaceSync/modelica-shared/CustomLib/PropulsionSystem/.git/objects/14/709704c04224e299d288a76d80355e4af9a65d' -> 'sftp://os3-310-44666.vs.sakura.ne.jp/home/ubuntu/VPSsync/01-WorkspaceSync/modelica-shared/CustomLib/PropulsionSystem/.git/objects/14/709704c04224e299d288a76d80355e4af9a65d' (787)
2025-12-21 02:33:14: Copy New 'C:/Users/grabacr/VPSsync/01-WorkspaceSync/modelica-shared/CustomLib/PropulsionSystem/.git/objects/14/7687b617310236401eb81d20dcc9436a3eb1a4' -> 'sftp://os3-310-44666.vs.sakura.ne.jp/home/ubuntu/VPSsync/01-WorkspaceSync/modelica-shared/CustomLib/PropulsionSystem/.git/objects/14/7687b617310236401eb81d20dcc9436a3eb1a4' (667)
2025-12-21 02:33:14: Copy New 'C:/Users/grabacr/VPSsync/01-WorkspaceSync/modelica-shared/CustomLib/PropulsionSystem/.git/objects/14/84b95b55a0e10b909c4d332695e4501ae418da' -> 'sftp://os3-310-44666.vs.sakura.ne.jp/home/ubuntu/VPSsync/01-WorkspaceSync/modelica-shared/CustomLib/PropulsionSystem/.git/objects/14/84b95b55a0e10b909c4d332695e4501ae418da' (668)
2025-12-21 02:33:14: Copy New 'C:/Users/grabacr/VPSsync/01-WorkspaceSync/modelica-shared/CustomLib/PropulsionSystem/.git/objects/15/3cf30f9ce625c5b91fddbc65e7a90e505e5355' -> 'sftp://os3-310-44666.vs.sakura.ne.jp/home/ubuntu/VPSsync/01-WorkspaceSync/modelica-shared/CustomLib/PropulsionSystem/.git/objects/15/3cf30f9ce625c5b91fddbc65e7a90e505e5355' (941)
2025-12-21 02:33:14: Copy New 'C:/Users/grabacr/VPSsync/01-WorkspaceSync/modelica-shared/CustomLib/PropulsionSystem/.git/objects/16/5211fa9332166f2329fed40991c57059f33f8a' -> 'sftp://os3-310-44666.vs.sakura.ne.jp/home/ubuntu/VPSsync/01-WorkspaceSync/modelica-shared/CustomLib/PropulsionSystem/.git/objects/16/5211fa9332166f2329fed40991c57059f33f8a' (935)
2025-12-21 02:33:14: Copy New 'C:/Users/grabacr/VPSsync/01-WorkspaceSync/modelica-shared/CustomLib/PropulsionSystem/.git/objects/16/b7a47d07e5bd16a73c6d7df19ae952129e22b4' -> 'sftp://os3-310-44666.vs.sakura.ne.jp/home/ubuntu/VPSsync/01-WorkspaceSync/modelica-shared/CustomLib/PropulsionSystem/.git/objects/16/b7a47d07e5bd16a73c6d7df19ae952129e22b4' (666)
2025-12-21 02:33:14: Copy New 'C:/Users/grabacr/VPSsync/01-WorkspaceSync/modelica-shared/CustomLib/PropulsionSystem/.git/objects/17/6a9880a30bcc467527b36d127ed0abae27a124' -> 'sftp://os3-310-44666.vs.sakura.ne.jp/home/ubuntu/VPSsync/01-WorkspaceSync/modelica-shared/CustomLib/PropulsionSystem/.git/objects/17/6a9880a30bcc467527b36d127ed0abae27a124' (791)
2025-12-21 02:33:14: Copy New 'C:/Users/grabacr/VPSsync/01-WorkspaceSync/modelica-shared/CustomLib/PropulsionSystem/.git/objects/18/036de4062a07059242169728a1c64ca60e1ca9' -> 'sftp://os3-310-44666.vs.sakura.ne.jp/home/ubuntu/VPSsync/01-WorkspaceSync/modelica-shared/CustomLib/PropulsionSystem/.git/objects/18/036de4062a07059242169728a1c64ca60e1ca9' (933)
2025-12-21 02:33:14: Copy New 'C:/Users/grabacr/VPSsync/01-WorkspaceSync/modelica-shared/CustomLib/PropulsionSystem/.git/objects/18/1e441e4343b7d76e9a58a2e8ec767b0afe8344' -> 'sftp://os3-310-44666.vs.sakura.ne.jp/home/ubuntu/VPSsync/01-WorkspaceSync/modelica-shared/CustomLib/PropulsionSystem/.git/objects/18/1e441e4343b7d76e9a58a2e8ec767b0afe8344' (786)
2025-12-21 02:33:14: Copy New 'C:/Users/grabacr/VPSsync/01-WorkspaceSync/modelica-shared/CustomLib/PropulsionSystem/.git/objects/17/87ff097cd119cf5fcae1aff6eb49308cedd707' -> 'sftp://os3-310-44666.vs.sakura.ne.jp/home/ubuntu/VPSsync/01-WorkspaceSync/modelica-shared/CustomLib/PropulsionSystem/.git/objects/17/87ff097cd119cf5fcae1aff6eb49308cedd707' (668)
2025-12-21 02:33:14: Copy New 'C:/Users/grabacr/VPSsync/01-WorkspaceSync/modelica-shared/CustomLib/PropulsionSystem/.git/objects/17/e60941baf52fe5f5ad85e20daefc5f841d6b52' -> 'sftp://os3-310-44666.vs.sakura.ne.jp/home/ubuntu/VPSsync/01-WorkspaceSync/modelica-shared/CustomLib/PropulsionSystem/.git/objects/17/e60941baf52fe5f5ad85e20daefc5f841d6b52' (937)
2025-12-21 02:33:14: Copy New 'C:/Users/grabacr/VPSsync/01-WorkspaceSync/modelica-shared/CustomLib/PropulsionSystem/.git/objects/19/a5e5e5ce6b92364ba7b6c434ab1c490ca10ed7' -> 'sftp://os3-310-44666.vs.sakura.ne.jp/home/ubuntu/VPSsync/01-WorkspaceSync/modelica-shared/CustomLib/PropulsionSystem/.git/objects/19/a5e5e5ce6b92364ba7b6c434ab1c490ca10ed7' (935)
2025-12-21 02:33:14: Copy New 'C:/Users/grabacr/VPSsync/01-WorkspaceSync/modelica-shared/CustomLib/PropulsionSystem/.git/objects/1a/6226c47f9e80bee70d12801cfdd747d53b21f9' -> 'sftp://os3-310-44666.vs.sakura.ne.jp/home/ubuntu/VPSsync/01-WorkspaceSync/modelica-shared/CustomLib/PropulsionSystem/.git/objects/1a/6226c47f9e80bee70d12801cfdd747d53b21f9' (934)
2025-12-21 02:33:14: Copy New 'C:/Users/grabacr/VPSsync/01-WorkspaceSync/modelica-shared/CustomLib/PropulsionSystem/.git/objects/1b/17cfcbaa07948a89c3913e846cc922d515b725' -> 'sftp://os3-310-44666.vs.sakura.ne.jp/home/ubuntu/VPSsync/01-WorkspaceSync/modelica-shared/CustomLib/PropulsionSystem/.git/objects/1b/17cfcbaa07948a89c3913e846cc922d515b725' (1,238)
2025-12-21 02:33:14: Copy New 'C:/Users/grabacr/VPSsync/01-WorkspaceSync/modelica-shared/CustomLib/PropulsionSystem/.git/objects/1b/43eb593c45f8223a0a9923a92522de3ab97c85' -> 'sftp://os3-310-44666.vs.sakura.ne.jp/home/ubuntu/VPSsync/01-WorkspaceSync/modelica-shared/CustomLib/PropulsionSystem/.git/objects/1b/43eb593c45f8223a0a9923a92522de3ab97c85' (1,302)
2025-12-21 02:33:14: Copy New 'C:/Users/grabacr/VPSsync/01-WorkspaceSync/modelica-shared/CustomLib/PropulsionSystem/.git/objects/1b/49b6282e27ffab0ab276c750ddd741085504df' -> 'sftp://os3-310-44666.vs.sakura.ne.jp/home/ubuntu/VPSsync/01-WorkspaceSync/modelica-shared/CustomLib/PropulsionSystem/.git/objects/1b/49b6282e27ffab0ab276c750ddd741085504df' (667)
2025-12-21 02:33:14: Copy New 'C:/Users/grabacr/VPSsync/01-WorkspaceSync/modelica-shared/CustomLib/PropulsionSystem/.git/objects/1b/7b70a9952e3263636c6bab0cfb403dcaef5dee' -> 'sftp://os3-310-44666.vs.sakura.ne.jp/home/ubuntu/VPSsync/01-WorkspaceSync/modelica-shared/CustomLib/PropulsionSystem/.git/objects/1b/7b70a9952e3263636c6bab0cfb403dcaef5dee' (754)
2025-12-21 02:33:14: Copy New 'C:/Users/grabacr/VPSsync/01-WorkspaceSync/modelica-shared/CustomLib/PropulsionSystem/.git/objects/1b/d13193e5e2172c6b9ace41c7ff6ede7ace733a' -> 'sftp://os3-310-44666.vs.sakura.ne.jp/home/ubuntu/VPSsync/01-WorkspaceSync/modelica-shared/CustomLib/PropulsionSystem/.git/objects/1b/d13193e5e2172c6b9ace41c7ff6ede7ace733a' (939)
2025-12-21 02:33:15: Copy New 'C:/Users/grabacr/VPSsync/01-WorkspaceSync/modelica-shared/CustomLib/PropulsionSystem/.git/objects/1a/79bbdad2f5d962dfb23955ef7d0b52f722fc99' -> 'sftp://os3-310-44666.vs.sakura.ne.jp/home/ubuntu/VPSsync/01-WorkspaceSync/modelica-shared/CustomLib/PropulsionSystem/.git/objects/1a/79bbdad2f5d962dfb23955ef7d0b52f722fc99' (790)
2025-12-21 02:33:15: Copy New 'C:/Users/grabacr/VPSsync/01-WorkspaceSync/modelica-shared/CustomLib/PropulsionSystem/.git/objects/1a/9bcc0998effff02da8900fb177bf2d7f043bf5' -> 'sftp://os3-310-44666.vs.sakura.ne.jp/home/ubuntu/VPSsync/01-WorkspaceSync/modelica-shared/CustomLib/PropulsionSystem/.git/objects/1a/9bcc0998effff02da8900fb177bf2d7f043bf5' (668)
2025-12-21 02:33:15: Copy New 'C:/Users/grabacr/VPSsync/01-WorkspaceSync/modelica-shared/CustomLib/PropulsionSystem/.git/objects/1c/4bf12f80958ab7253157b010fd52220041e452' -> 'sftp://os3-310-44666.vs.sakura.ne.jp/home/ubuntu/VPSsync/01-WorkspaceSync/modelica-shared/CustomLib/PropulsionSystem/.git/objects/1c/4bf12f80958ab7253157b010fd52220041e452' (789)
2025-12-21 02:33:15: Copy New 'C:/Users/grabacr/VPSsync/01-WorkspaceSync/modelica-shared/CustomLib/PropulsionSystem/.git/objects/1d/45cccaa2123b26994c269234f16b4995bc264a' -> 'sftp://os3-310-44666.vs.sakura.ne.jp/home/ubuntu/VPSsync/01-WorkspaceSync/modelica-shared/CustomLib/PropulsionSystem/.git/objects/1d/45cccaa2123b26994c269234f16b4995bc264a' (937)
2025-12-21 02:33:15: Copy New 'C:/Users/grabacr/VPSsync/01-WorkspaceSync/modelica-shared/CustomLib/PropulsionSystem/.git/objects/1d/642716775073c534ceb483a81eb9421dc14d87' -> 'sftp://os3-310-44666.vs.sakura.ne.jp/home/ubuntu/VPSsync/01-WorkspaceSync/modelica-shared/CustomLib/PropulsionSystem/.git/objects/1d/642716775073c534ceb483a81eb9421dc14d87' (811)
2025-12-21 02:33:15: Copy New 'C:/Users/grabacr/VPSsync/01-WorkspaceSync/modelica-shared/CustomLib/PropulsionSystem/.git/objects/1c/9a18de626a8dd9176c73d8926116fe501379c4' -> 'sftp://os3-310-44666.vs.sakura.ne.jp/home/ubuntu/VPSsync/01-WorkspaceSync/modelica-shared/CustomLib/PropulsionSystem/.git/objects/1c/9a18de626a8dd9176c73d8926116fe501379c4' (670)
2025-12-21 02:33:15: Copy New 'C:/Users/grabacr/VPSsync/01-WorkspaceSync/modelica-shared/CustomLib/PropulsionSystem/.git/objects/1c/ed3df87702060d4258cb8f2af2f52c8bf3f231' -> 'sftp://os3-310-44666.vs.sakura.ne.jp/home/ubuntu/VPSsync/01-WorkspaceSync/modelica-shared/CustomLib/PropulsionSystem/.git/objects/1c/ed3df87702060d4258cb8f2af2f52c8bf3f231' (935)
2025-12-21 02:33:15: Copy New 'C:/Users/grabacr/VPSsync/01-WorkspaceSync/modelica-shared/CustomLib/PropulsionSystem/.git/objects/1f/974b9a078666cdd74e29b207b1a395bca5cbda' -> 'sftp://os3-310-44666.vs.sakura.ne.jp/home/ubuntu/VPSsync/01-WorkspaceSync/modelica-shared/CustomLib/PropulsionSystem/.git/objects/1f/974b9a078666cdd74e29b207b1a395bca5cbda' (788)
2025-12-21 02:33:15: Copy New 'C:/Users/grabacr/VPSsync/01-WorkspaceSync/modelica-shared/CustomLib/PropulsionSystem/.git/objects/21/30222d3a41c5407b9dd119a605b5b0af325cec' -> 'sftp://os3-310-44666.vs.sakura.ne.jp/home/ubuntu/VPSsync/01-WorkspaceSync/modelica-shared/CustomLib/PropulsionSystem/.git/objects/21/30222d3a41c5407b9dd119a605b5b0af325cec' (937)
2025-12-21 02:33:15: Copy New 'C:/Users/grabacr/VPSsync/01-WorkspaceSync/modelica-shared/CustomLib/PropulsionSystem/.git/objects/21/3cca5ee65e153dd4a1fdad3e72b14e33923e01' -> 'sftp://os3-310-44666.vs.sakura.ne.jp/home/ubuntu/VPSsync/01-WorkspaceSync/modelica-shared/CustomLib/PropulsionSystem/.git/objects/21/3cca5ee65e153dd4a1fdad3e72b14e33923e01' (667)
2025-12-21 02:33:15: Copy New 'C:/Users/grabacr/VPSsync/01-WorkspaceSync/modelica-shared/CustomLib/PropulsionSystem/.git/objects/21/4ae0890d0fbb51c8ed61b0df8135094c976792' -> 'sftp://os3-310-44666.vs.sakura.ne.jp/home/ubuntu/VPSsync/01-WorkspaceSync/modelica-shared/CustomLib/PropulsionSystem/.git/objects/21/4ae0890d0fbb51c8ed61b0df8135094c976792' (752)
2025-12-21 02:33:15: Copy New 'C:/Users/grabacr/VPSsync/01-WorkspaceSync/modelica-shared/CustomLib/PropulsionSystem/.git/objects/22/91c03f090d74382380f18a3a8e4dc4a09849b0' -> 'sftp://os3-310-44666.vs.sakura.ne.jp/home/ubuntu/VPSsync/01-WorkspaceSync/modelica-shared/CustomLib/PropulsionSystem/.git/objects/22/91c03f090d74382380f18a3a8e4dc4a09849b0' (786)
2025-12-21 02:33:15: Copy New 'C:/Users/grabacr/VPSsync/01-WorkspaceSync/modelica-shared/CustomLib/PropulsionSystem/.git/objects/23/36eb94d55e5c967fe14546310a22f5d14dc273' -> 'sftp://os3-310-44666.vs.sakura.ne.jp/home/ubuntu/VPSsync/01-WorkspaceSync/modelica-shared/CustomLib/PropulsionSystem/.git/objects/23/36eb94d55e5c967fe14546310a22f5d14dc273' (937)
2025-12-21 02:33:15: Copy New 'C:/Users/grabacr/VPSsync/01-WorkspaceSync/modelica-shared/CustomLib/PropulsionSystem/.git/objects/23/8df3eca3b86f5eff097de35f30ccd4ea02502a' -> 'sftp://os3-310-44666.vs.sakura.ne.jp/home/ubuntu/VPSsync/01-WorkspaceSync/modelica-shared/CustomLib/PropulsionSystem/.git/objects/23/8df3eca3b86f5eff097de35f30ccd4ea02502a' (187)
2025-12-21 02:33:15: Copy New 'C:/Users/grabacr/VPSsync/01-WorkspaceSync/modelica-shared/CustomLib/PropulsionSystem/.git/objects/23/a7349fb0bef1cfabb4c8044ffe35e4008add11' -> 'sftp://os3-310-44666.vs.sakura.ne.jp/home/ubuntu/VPSsync/01-WorkspaceSync/modelica-shared/CustomLib/PropulsionSystem/.git/objects/23/a7349fb0bef1cfabb4c8044ffe35e4008add11' (937)
2025-12-21 02:33:15: Copy New 'C:/Users/grabacr/VPSsync/01-WorkspaceSync/modelica-shared/CustomLib/PropulsionSystem/.git/objects/23/b6e33420c86e419a4cbc947d6a2437147289bc' -> 'sftp://os3-310-44666.vs.sakura.ne.jp/home/ubuntu/VPSsync/01-WorkspaceSync/modelica-shared/CustomLib/PropulsionSystem/.git/objects/23/b6e33420c86e419a4cbc947d6a2437147289bc' (786)
2025-12-21 02:33:15: Copy New 'C:/Users/grabacr/VPSsync/01-WorkspaceSync/modelica-shared/CustomLib/PropulsionSystem/.git/objects/22/d4d6ac6a4d931b38894389cf7d68965dfa226f' -> 'sftp://os3-310-44666.vs.sakura.ne.jp/home/ubuntu/VPSsync/01-WorkspaceSync/modelica-shared/CustomLib/PropulsionSystem/.git/objects/22/d4d6ac6a4d931b38894389cf7d68965dfa226f' (841)
2025-12-21 02:33:15: Copy New 'C:/Users/grabacr/VPSsync/01-WorkspaceSync/modelica-shared/CustomLib/PropulsionSystem/.git/objects/22/bf20c0dc7436abca791b6a48b65260871202a4' -> 'sftp://os3-310-44666.vs.sakura.ne.jp/home/ubuntu/VPSsync/01-WorkspaceSync/modelica-shared/CustomLib/PropulsionSystem/.git/objects/22/bf20c0dc7436abca791b6a48b65260871202a4' (336)
2025-12-21 02:33:15: Copy New 'C:/Users/grabacr/VPSsync/01-WorkspaceSync/modelica-shared/CustomLib/PropulsionSystem/.git/objects/24/c5874be1ba629ceaeb9858787af40b36886d9b' -> 'sftp://os3-310-44666.vs.sakura.ne.jp/home/ubuntu/VPSsync/01-WorkspaceSync/modelica-shared/CustomLib/PropulsionSystem/.git/objects/24/c5874be1ba629ceaeb9858787af40b36886d9b' (668)
2025-12-21 02:33:15: Copy New 'C:/Users/grabacr/VPSsync/01-WorkspaceSync/modelica-shared/CustomLib/PropulsionSystem/.git/objects/25/7ed7524948e5301954425bd0b2d6a878c52833' -> 'sftp://os3-310-44666.vs.sakura.ne.jp/home/ubuntu/VPSsync/01-WorkspaceSync/modelica-shared/CustomLib/PropulsionSystem/.git/objects/25/7ed7524948e5301954425bd0b2d6a878c52833' (736)
2025-12-21 02:33:16: Copy New 'C:/Users/grabacr/VPSsync/01-WorkspaceSync/modelica-shared/CustomLib/PropulsionSystem/.git/objects/26/28f020e666d108c7368fbae23ba46d6f47585c' -> 'sftp://os3-310-44666.vs.sakura.ne.jp/home/ubuntu/VPSsync/01-WorkspaceSync/modelica-shared/CustomLib/PropulsionSystem/.git/objects/26/28f020e666d108c7368fbae23ba46d6f47585c' (789)
2025-12-21 02:33:16: Copy New 'C:/Users/grabacr/VPSsync/01-WorkspaceSync/modelica-shared/CustomLib/PropulsionSystem/.git/objects/26/570f256f43b17307b73f5006bb9148a372f206' -> 'sftp://os3-310-44666.vs.sakura.ne.jp/home/ubuntu/VPSsync/01-WorkspaceSync/modelica-shared/CustomLib/PropulsionSystem/.git/objects/26/570f256f43b17307b73f5006bb9148a372f206' (668)
2025-12-21 02:33:16: Copy New 'C:/Users/grabacr/VPSsync/01-WorkspaceSync/modelica-shared/CustomLib/PropulsionSystem/.git/objects/26/61b46a6099348737a72431fbf265f76a2e212c' -> 'sftp://os3-310-44666.vs.sakura.ne.jp/home/ubuntu/VPSsync/01-WorkspaceSync/modelica-shared/CustomLib/PropulsionSystem/.git/objects/26/61b46a6099348737a72431fbf265f76a2e212c' (786)
2025-12-21 02:33:16: Copy New 'C:/Users/grabacr/VPSsync/01-WorkspaceSync/modelica-shared/CustomLib/PropulsionSystem/.git/objects/26/8cacc826ab52675dbbd30cb2fc37f7d33b3813' -> 'sftp://os3-310-44666.vs.sakura.ne.jp/home/ubuntu/VPSsync/01-WorkspaceSync/modelica-shared/CustomLib/PropulsionSystem/.git/objects/26/8cacc826ab52675dbbd30cb2fc37f7d33b3813' (938)
2025-12-21 02:33:16: Copy New 'C:/Users/grabacr/VPSsync/01-WorkspaceSync/modelica-shared/CustomLib/PropulsionSystem/.git/objects/26/d3555f15e21e9befdf3752fad774680ba9521c' -> 'sftp://os3-310-44666.vs.sakura.ne.jp/home/ubuntu/VPSsync/01-WorkspaceSync/modelica-shared/CustomLib/PropulsionSystem/.git/objects/26/d3555f15e21e9befdf3752fad774680ba9521c' (787)
2025-12-21 02:33:16: Copy New 'C:/Users/grabacr/VPSsync/01-WorkspaceSync/modelica-shared/CustomLib/PropulsionSystem/.git/objects/26/edd44b091ec355f9578cac18b2f9993b5b4691' -> 'sftp://os3-310-44666.vs.sakura.ne.jp/home/ubuntu/VPSsync/01-WorkspaceSync/modelica-shared/CustomLib/PropulsionSystem/.git/objects/26/edd44b091ec355f9578cac18b2f9993b5b4691' (786)
2025-12-21 02:33:16: Copy New 'C:/Users/grabacr/VPSsync/01-WorkspaceSync/modelica-shared/CustomLib/PropulsionSystem/.git/objects/27/6c4841f897f0a05690059809e84d05ee2be661' -> 'sftp://os3-310-44666.vs.sakura.ne.jp/home/ubuntu/VPSsync/01-WorkspaceSync/modelica-shared/CustomLib/PropulsionSystem/.git/objects/27/6c4841f897f0a05690059809e84d05ee2be661' (668)
2025-12-21 02:33:16: Copy New 'C:/Users/grabacr/VPSsync/01-WorkspaceSync/modelica-shared/CustomLib/PropulsionSystem/.git/objects/28/0f7b366f7c6e18f3b46bf04f80a24b1e7c9f08' -> 'sftp://os3-310-44666.vs.sakura.ne.jp/home/ubuntu/VPSsync/01-WorkspaceSync/modelica-shared/CustomLib/PropulsionSystem/.git/objects/28/0f7b366f7c6e18f3b46bf04f80a24b1e7c9f08' (668)
2025-12-21 02:33:16: Copy New 'C:/Users/grabacr/VPSsync/01-WorkspaceSync/modelica-shared/CustomLib/PropulsionSystem/.git/objects/28/28bf79748c1ed9957ca43a7dbea3a7db4380fb' -> 'sftp://os3-310-44666.vs.sakura.ne.jp/home/ubuntu/VPSsync/01-WorkspaceSync/modelica-shared/CustomLib/PropulsionSystem/.git/objects/28/28bf79748c1ed9957ca43a7dbea3a7db4380fb' (668)
2025-12-21 02:33:16: Copy New 'C:/Users/grabacr/VPSsync/01-WorkspaceSync/modelica-shared/CustomLib/PropulsionSystem/.git/objects/27/f12b4c42ce644ecbd65db73fee0c0a18c5e591' -> 'sftp://os3-310-44666.vs.sakura.ne.jp/home/ubuntu/VPSsync/01-WorkspaceSync/modelica-shared/CustomLib/PropulsionSystem/.git/objects/27/f12b4c42ce644ecbd65db73fee0c0a18c5e591' (667)
2025-12-21 02:33:16: Copy New 'C:/Users/grabacr/VPSsync/01-WorkspaceSync/modelica-shared/CustomLib/PropulsionSystem/.git/objects/2a/26e074aeb655fe5bbc9d66a8e2320c363a3fe3' -> 'sftp://os3-310-44666.vs.sakura.ne.jp/home/ubuntu/VPSsync/01-WorkspaceSync/modelica-shared/CustomLib/PropulsionSystem/.git/objects/2a/26e074aeb655fe5bbc9d66a8e2320c363a3fe3' (668)
2025-12-21 02:33:16: Copy New 'C:/Users/grabacr/VPSsync/01-WorkspaceSync/modelica-shared/CustomLib/PropulsionSystem/.git/objects/2b/4907ebb1500e524cafe1b44cc1c07840d7aae5' -> 'sftp://os3-310-44666.vs.sakura.ne.jp/home/ubuntu/VPSsync/01-WorkspaceSync/modelica-shared/CustomLib/PropulsionSystem/.git/objects/2b/4907ebb1500e524cafe1b44cc1c07840d7aae5' (786)
2025-12-21 02:33:16: Copy New 'C:/Users/grabacr/VPSsync/01-WorkspaceSync/modelica-shared/CustomLib/PropulsionSystem/.git/objects/2b/711b5c023cdd1b08c91869df5471449c885281' -> 'sftp://os3-310-44666.vs.sakura.ne.jp/home/ubuntu/VPSsync/01-WorkspaceSync/modelica-shared/CustomLib/PropulsionSystem/.git/objects/2b/711b5c023cdd1b08c91869df5471449c885281' (788)
2025-12-21 02:33:16: Copy New 'C:/Users/grabacr/VPSsync/01-WorkspaceSync/modelica-shared/CustomLib/PropulsionSystem/.git/objects/2a/3eee553ad5e28cb08de925fdadb4d91c542be3' -> 'sftp://os3-310-44666.vs.sakura.ne.jp/home/ubuntu/VPSsync/01-WorkspaceSync/modelica-shared/CustomLib/PropulsionSystem/.git/objects/2a/3eee553ad5e28cb08de925fdadb4d91c542be3' (936)
2025-12-21 02:33:16: Copy New 'C:/Users/grabacr/VPSsync/01-WorkspaceSync/modelica-shared/CustomLib/PropulsionSystem/.git/objects/2a/48b90a2007a61f5f01b55642f2b508b36560f0' -> 'sftp://os3-310-44666.vs.sakura.ne.jp/home/ubuntu/VPSsync/01-WorkspaceSync/modelica-shared/CustomLib/PropulsionSystem/.git/objects/2a/48b90a2007a61f5f01b55642f2b508b36560f0' (937)
2025-12-21 02:33:16: Copy New 'C:/Users/grabacr/VPSsync/01-WorkspaceSync/modelica-shared/CustomLib/PropulsionSystem/.git/objects/2a/5c6af219da75e331934269e849f6a15a8a753a' -> 'sftp://os3-310-44666.vs.sakura.ne.jp/home/ubuntu/VPSsync/01-WorkspaceSync/modelica-shared/CustomLib/PropulsionSystem/.git/objects/2a/5c6af219da75e331934269e849f6a15a8a753a' (787)
2025-12-21 02:33:16: Copy New 'C:/Users/grabacr/VPSsync/01-WorkspaceSync/modelica-shared/CustomLib/PropulsionSystem/.git/objects/2a/71262fe6b0aa2a64e6932232856ceb6942ffa0' -> 'sftp://os3-310-44666.vs.sakura.ne.jp/home/ubuntu/VPSsync/01-WorkspaceSync/modelica-shared/CustomLib/PropulsionSystem/.git/objects/2a/71262fe6b0aa2a64e6932232856ceb6942ffa0' (933)
2025-12-21 02:33:16: Copy New 'C:/Users/grabacr/VPSsync/01-WorkspaceSync/modelica-shared/CustomLib/PropulsionSystem/.git/objects/2a/87e84e27938ebe918ae59aa69defb9b0913bc4' -> 'sftp://os3-310-44666.vs.sakura.ne.jp/home/ubuntu/VPSsync/01-WorkspaceSync/modelica-shared/CustomLib/PropulsionSystem/.git/objects/2a/87e84e27938ebe918ae59aa69defb9b0913bc4' (782)
2025-12-21 02:33:17: Copy New 'C:/Users/grabacr/VPSsync/01-WorkspaceSync/modelica-shared/CustomLib/PropulsionSystem/.git/objects/2a/ea11798c5069a924357596edbded3736cc9d53' -> 'sftp://os3-310-44666.vs.sakura.ne.jp/home/ubuntu/VPSsync/01-WorkspaceSync/modelica-shared/CustomLib/PropulsionSystem/.git/objects/2a/ea11798c5069a924357596edbded3736cc9d53' (935)
2025-12-21 02:33:17: Copy New 'C:/Users/grabacr/VPSsync/01-WorkspaceSync/modelica-shared/CustomLib/PropulsionSystem/.git/objects/2c/87933c55469facc0f7a0e6b58bbae3cc906806' -> 'sftp://os3-310-44666.vs.sakura.ne.jp/home/ubuntu/VPSsync/01-WorkspaceSync/modelica-shared/CustomLib/PropulsionSystem/.git/objects/2c/87933c55469facc0f7a0e6b58bbae3cc906806' (676)
2025-12-21 02:33:17: Copy New 'C:/Users/grabacr/VPSsync/01-WorkspaceSync/modelica-shared/CustomLib/PropulsionSystem/.git/objects/2e/9d026cddcb2ac258d8a5264e9ee73899167e65' -> 'sftp://os3-310-44666.vs.sakura.ne.jp/home/ubuntu/VPSsync/01-WorkspaceSync/modelica-shared/CustomLib/PropulsionSystem/.git/objects/2e/9d026cddcb2ac258d8a5264e9ee73899167e65' (936)
2025-12-21 02:33:17: Copy New 'C:/Users/grabacr/VPSsync/01-WorkspaceSync/modelica-shared/CustomLib/PropulsionSystem/.git/objects/2c/afc93b6898eb1954089f46642200f085d98388' -> 'sftp://os3-310-44666.vs.sakura.ne.jp/home/ubuntu/VPSsync/01-WorkspaceSync/modelica-shared/CustomLib/PropulsionSystem/.git/objects/2c/afc93b6898eb1954089f46642200f085d98388' (838)
2025-12-21 02:33:17: Copy New 'C:/Users/grabacr/VPSsync/01-WorkspaceSync/modelica-shared/CustomLib/PropulsionSystem/.git/objects/2e/afac63d1bb2081f89616c79b6a9030f1aae35d' -> 'sftp://os3-310-44666.vs.sakura.ne.jp/home/ubuntu/VPSsync/01-WorkspaceSync/modelica-shared/CustomLib/PropulsionSystem/.git/objects/2e/afac63d1bb2081f89616c79b6a9030f1aae35d' (260)
2025-12-21 02:33:17: Copy New 'C:/Users/grabacr/VPSsync/01-WorkspaceSync/modelica-shared/CustomLib/PropulsionSystem/.git/objects/2c/f5fce89777676d856f947c26667948230a2464' -> 'sftp://os3-310-44666.vs.sakura.ne.jp/home/ubuntu/VPSsync/01-WorkspaceSync/modelica-shared/CustomLib/PropulsionSystem/.git/objects/2c/f5fce89777676d856f947c26667948230a2464' (788)
2025-12-21 02:33:17: Copy New 'C:/Users/grabacr/VPSsync/01-WorkspaceSync/modelica-shared/CustomLib/PropulsionSystem/.git/objects/2f/09083b6174d8312187ec5e3180001dc9789eba' -> 'sftp://os3-310-44666.vs.sakura.ne.jp/home/ubuntu/VPSsync/01-WorkspaceSync/modelica-shared/CustomLib/PropulsionSystem/.git/objects/2f/09083b6174d8312187ec5e3180001dc9789eba' (764)
2025-12-21 02:33:17: Copy New 'C:/Users/grabacr/VPSsync/01-WorkspaceSync/modelica-shared/CustomLib/PropulsionSystem/.git/objects/30/4b387618de0da3f2bd591e49e544dedf58cfb3' -> 'sftp://os3-310-44666.vs.sakura.ne.jp/home/ubuntu/VPSsync/01-WorkspaceSync/modelica-shared/CustomLib/PropulsionSystem/.git/objects/30/4b387618de0da3f2bd591e49e544dedf58cfb3' (667)
2025-12-21 02:33:17: Copy New 'C:/Users/grabacr/VPSsync/01-WorkspaceSync/modelica-shared/CustomLib/PropulsionSystem/.git/objects/30/b06c4a66b71092457dc0862cfcab444163efeb' -> 'sftp://os3-310-44666.vs.sakura.ne.jp/home/ubuntu/VPSsync/01-WorkspaceSync/modelica-shared/CustomLib/PropulsionSystem/.git/objects/30/b06c4a66b71092457dc0862cfcab444163efeb' (672)
2025-12-21 02:33:17: Copy New 'C:/Users/grabacr/VPSsync/01-WorkspaceSync/modelica-shared/CustomLib/PropulsionSystem/.git/objects/2f/27c932c3bf5ae0b2ff75444f43f91fcf4999c7' -> 'sftp://os3-310-44666.vs.sakura.ne.jp/home/ubuntu/VPSsync/01-WorkspaceSync/modelica-shared/CustomLib/PropulsionSystem/.git/objects/2f/27c932c3bf5ae0b2ff75444f43f91fcf4999c7' (941)
2025-12-21 02:33:17: Copy New 'C:/Users/grabacr/VPSsync/01-WorkspaceSync/modelica-shared/CustomLib/PropulsionSystem/.git/objects/2f/41e5398821518c7d748d3ffb07ec0cb5462fd6' -> 'sftp://os3-310-44666.vs.sakura.ne.jp/home/ubuntu/VPSsync/01-WorkspaceSync/modelica-shared/CustomLib/PropulsionSystem/.git/objects/2f/41e5398821518c7d748d3ffb07ec0cb5462fd6' (788)
2025-12-21 02:33:17: Copy New 'C:/Users/grabacr/VPSsync/01-WorkspaceSync/modelica-shared/CustomLib/PropulsionSystem/.git/objects/2f/a28969a0eb3bdd5441861ebe105b9e1f9f35bb' -> 'sftp://os3-310-44666.vs.sakura.ne.jp/home/ubuntu/VPSsync/01-WorkspaceSync/modelica-shared/CustomLib/PropulsionSystem/.git/objects/2f/a28969a0eb3bdd5441861ebe105b9e1f9f35bb' (936)
2025-12-21 02:33:17: Copy New 'C:/Users/grabacr/VPSsync/01-WorkspaceSync/modelica-shared/CustomLib/PropulsionSystem/.git/objects/32/566d853c53ef88c5cd4d736dbbc773c0e36843' -> 'sftp://os3-310-44666.vs.sakura.ne.jp/home/ubuntu/VPSsync/01-WorkspaceSync/modelica-shared/CustomLib/PropulsionSystem/.git/objects/32/566d853c53ef88c5cd4d736dbbc773c0e36843' (788)
2025-12-21 02:33:17: Copy New 'C:/Users/grabacr/VPSsync/01-WorkspaceSync/modelica-shared/CustomLib/PropulsionSystem/.git/objects/2f/e10d61dae9a9831cc91e37946ce5553bcc37ff' -> 'sftp://os3-310-44666.vs.sakura.ne.jp/home/ubuntu/VPSsync/01-WorkspaceSync/modelica-shared/CustomLib/PropulsionSystem/.git/objects/2f/e10d61dae9a9831cc91e37946ce5553bcc37ff' (783)
2025-12-21 02:33:17: Copy New 'C:/Users/grabacr/VPSsync/01-WorkspaceSync/modelica-shared/CustomLib/PropulsionSystem/.git/objects/32/a58c91cc933b3a3ce90d25637e8d2e36eb513d' -> 'sftp://os3-310-44666.vs.sakura.ne.jp/home/ubuntu/VPSsync/01-WorkspaceSync/modelica-shared/CustomLib/PropulsionSystem/.git/objects/32/a58c91cc933b3a3ce90d25637e8d2e36eb513d' (784)
2025-12-21 02:33:17: Copy New 'C:/Users/grabacr/VPSsync/01-WorkspaceSync/modelica-shared/CustomLib/PropulsionSystem/.git/objects/31/2b88d763130a19b3a57a7a8287e1406b0a2a56' -> 'sftp://os3-310-44666.vs.sakura.ne.jp/home/ubuntu/VPSsync/01-WorkspaceSync/modelica-shared/CustomLib/PropulsionSystem/.git/objects/31/2b88d763130a19b3a57a7a8287e1406b0a2a56' (938)
2025-12-21 02:33:17: Copy New 'C:/Users/grabacr/VPSsync/01-WorkspaceSync/modelica-shared/CustomLib/PropulsionSystem/.git/objects/31/3ae3b08bc381212d5ee8a5ff4654b69833a1bd' -> 'sftp://os3-310-44666.vs.sakura.ne.jp/home/ubuntu/VPSsync/01-WorkspaceSync/modelica-shared/CustomLib/PropulsionSystem/.git/objects/31/3ae3b08bc381212d5ee8a5ff4654b69833a1bd' (934)
2025-12-21 02:33:17: Copy New 'C:/Users/grabacr/VPSsync/01-WorkspaceSync/modelica-shared/CustomLib/PropulsionSystem/.git/objects/31/025d06f2dfa65c596b67c329858d685196968f' -> 'sftp://os3-310-44666.vs.sakura.ne.jp/home/ubuntu/VPSsync/01-WorkspaceSync/modelica-shared/CustomLib/PropulsionSystem/.git/objects/31/025d06f2dfa65c596b67c329858d685196968f' (213)
2025-12-21 02:33:17: Copy New 'C:/Users/grabacr/VPSsync/01-WorkspaceSync/modelica-shared/CustomLib/PropulsionSystem/.git/objects/31/4948e95273684599bffc32297b0768bc163e5f' -> 'sftp://os3-310-44666.vs.sakura.ne.jp/home/ubuntu/VPSsync/01-WorkspaceSync/modelica-shared/CustomLib/PropulsionSystem/.git/objects/31/4948e95273684599bffc32297b0768bc163e5f' (668)
2025-12-21 02:33:18: Copy New 'C:/Users/grabacr/VPSsync/01-WorkspaceSync/modelica-shared/CustomLib/PropulsionSystem/.git/objects/31/d44a3568d4c8dc6fb776653f56d43eeb19de73' -> 'sftp://os3-310-44666.vs.sakura.ne.jp/home/ubuntu/VPSsync/01-WorkspaceSync/modelica-shared/CustomLib/PropulsionSystem/.git/objects/31/d44a3568d4c8dc6fb776653f56d43eeb19de73' (668)
2025-12-21 02:33:18: Copy New 'C:/Users/grabacr/VPSsync/01-WorkspaceSync/modelica-shared/CustomLib/PropulsionSystem/.git/objects/31/d804b1b4da76a6cfa5d4c812c9289812220be0' -> 'sftp://os3-310-44666.vs.sakura.ne.jp/home/ubuntu/VPSsync/01-WorkspaceSync/modelica-shared/CustomLib/PropulsionSystem/.git/objects/31/d804b1b4da76a6cfa5d4c812c9289812220be0' (676)
2025-12-21 02:33:18: Copy New 'C:/Users/grabacr/VPSsync/01-WorkspaceSync/modelica-shared/CustomLib/PropulsionSystem/.git/objects/35/7ae6bf9aaad621c681c1888e38ab992a4a04b4' -> 'sftp://os3-310-44666.vs.sakura.ne.jp/home/ubuntu/VPSsync/01-WorkspaceSync/modelica-shared/CustomLib/PropulsionSystem/.git/objects/35/7ae6bf9aaad621c681c1888e38ab992a4a04b4' (937)
2025-12-21 02:33:18: Copy New 'C:/Users/grabacr/VPSsync/01-WorkspaceSync/modelica-shared/CustomLib/PropulsionSystem/.git/objects/34/1ee834dfac1d502cc790eefad204668c828b24' -> 'sftp://os3-310-44666.vs.sakura.ne.jp/home/ubuntu/VPSsync/01-WorkspaceSync/modelica-shared/CustomLib/PropulsionSystem/.git/objects/34/1ee834dfac1d502cc790eefad204668c828b24' (787)
2025-12-21 02:33:18: Copy New 'C:/Users/grabacr/VPSsync/01-WorkspaceSync/modelica-shared/CustomLib/PropulsionSystem/.git/objects/34/3ad8ed09bff60d7d5fdcfed17d8aef7e2a318d' -> 'sftp://os3-310-44666.vs.sakura.ne.jp/home/ubuntu/VPSsync/01-WorkspaceSync/modelica-shared/CustomLib/PropulsionSystem/.git/objects/34/3ad8ed09bff60d7d5fdcfed17d8aef7e2a318d' (790)
2025-12-21 02:33:18: Copy New 'C:/Users/grabacr/VPSsync/01-WorkspaceSync/modelica-shared/CustomLib/PropulsionSystem/.git/objects/34/b296d3e988fc2688dfbb64f4904123fa054088' -> 'sftp://os3-310-44666.vs.sakura.ne.jp/home/ubuntu/VPSsync/01-WorkspaceSync/modelica-shared/CustomLib/PropulsionSystem/.git/objects/34/b296d3e988fc2688dfbb64f4904123fa054088' (188)
2025-12-21 02:33:18: Copy New 'C:/Users/grabacr/VPSsync/01-WorkspaceSync/modelica-shared/CustomLib/PropulsionSystem/.git/objects/34/f985981a0203f21688ecb0cf41904b88c2e8be' -> 'sftp://os3-310-44666.vs.sakura.ne.jp/home/ubuntu/VPSsync/01-WorkspaceSync/modelica-shared/CustomLib/PropulsionSystem/.git/objects/34/f985981a0203f21688ecb0cf41904b88c2e8be' (790)
2025-12-21 02:33:18: Copy New 'C:/Users/grabacr/VPSsync/01-WorkspaceSync/modelica-shared/CustomLib/PropulsionSystem/.git/objects/37/f9eb87eb5d6d5857ecf8d85e40536dd64f0638' -> 'sftp://os3-310-44666.vs.sakura.ne.jp/home/ubuntu/VPSsync/01-WorkspaceSync/modelica-shared/CustomLib/PropulsionSystem/.git/objects/37/f9eb87eb5d6d5857ecf8d85e40536dd64f0638' (933)
2025-12-21 02:33:18: Copy New 'C:/Users/grabacr/VPSsync/01-WorkspaceSync/modelica-shared/CustomLib/PropulsionSystem/.git/objects/38/0a5efa02c1d432214ae56814507eef93a649c9' -> 'sftp://os3-310-44666.vs.sakura.ne.jp/home/ubuntu/VPSsync/01-WorkspaceSync/modelica-shared/CustomLib/PropulsionSystem/.git/objects/38/0a5efa02c1d432214ae56814507eef93a649c9' (936)
2025-12-21 02:33:18: Copy New 'C:/Users/grabacr/VPSsync/01-WorkspaceSync/modelica-shared/CustomLib/PropulsionSystem/.git/objects/39/4c56690f27b1c903c83be6f414017f14d8b881' -> 'sftp://os3-310-44666.vs.sakura.ne.jp/home/ubuntu/VPSsync/01-WorkspaceSync/modelica-shared/CustomLib/PropulsionSystem/.git/objects/39/4c56690f27b1c903c83be6f414017f14d8b881' (668)
2025-12-21 02:33:18: Copy New 'C:/Users/grabacr/VPSsync/01-WorkspaceSync/modelica-shared/CustomLib/PropulsionSystem/.git/objects/3a/cc851a526afd9e41e95d242c9c0dff57d31d5a' -> 'sftp://os3-310-44666.vs.sakura.ne.jp/home/ubuntu/VPSsync/01-WorkspaceSync/modelica-shared/CustomLib/PropulsionSystem/.git/objects/3a/cc851a526afd9e41e95d242c9c0dff57d31d5a' (666)
2025-12-21 02:33:18: Copy New 'C:/Users/grabacr/VPSsync/01-WorkspaceSync/modelica-shared/CustomLib/PropulsionSystem/.git/objects/39/5a19d82e924b423cfcbf40caabf06ca54a2254' -> 'sftp://os3-310-44666.vs.sakura.ne.jp/home/ubuntu/VPSsync/01-WorkspaceSync/modelica-shared/CustomLib/PropulsionSystem/.git/objects/39/5a19d82e924b423cfcbf40caabf06ca54a2254' (842)
2025-12-21 02:33:18: Copy New 'C:/Users/grabacr/VPSsync/01-WorkspaceSync/modelica-shared/CustomLib/PropulsionSystem/.git/objects/3b/060fd6bbd7276d025b4307deb7a8f2498467f0' -> 'sftp://os3-310-44666.vs.sakura.ne.jp/home/ubuntu/VPSsync/01-WorkspaceSync/modelica-shared/CustomLib/PropulsionSystem/.git/objects/3b/060fd6bbd7276d025b4307deb7a8f2498467f0' (1,511)
2025-12-21 02:33:18: Copy New 'C:/Users/grabacr/VPSsync/01-WorkspaceSync/modelica-shared/CustomLib/PropulsionSystem/.git/objects/3c/84078b303f6b4f4a27833d941317f60d4a52cb' -> 'sftp://os3-310-44666.vs.sakura.ne.jp/home/ubuntu/VPSsync/01-WorkspaceSync/modelica-shared/CustomLib/PropulsionSystem/.git/objects/3c/84078b303f6b4f4a27833d941317f60d4a52cb' (3,184)
2025-12-21 02:33:18: Copy New 'C:/Users/grabacr/VPSsync/01-WorkspaceSync/modelica-shared/CustomLib/PropulsionSystem/.git/objects/3b/4d201dec66a63359a678a3185991f4a3d30fd4' -> 'sftp://os3-310-44666.vs.sakura.ne.jp/home/ubuntu/VPSsync/01-WorkspaceSync/modelica-shared/CustomLib/PropulsionSystem/.git/objects/3b/4d201dec66a63359a678a3185991f4a3d30fd4' (940)
2025-12-21 02:33:18: Copy New 'C:/Users/grabacr/VPSsync/01-WorkspaceSync/modelica-shared/CustomLib/PropulsionSystem/.git/objects/3b/2feaad4a06ea8e4af26a66b9b41c3d37194080' -> 'sftp://os3-310-44666.vs.sakura.ne.jp/home/ubuntu/VPSsync/01-WorkspaceSync/modelica-shared/CustomLib/PropulsionSystem/.git/objects/3b/2feaad4a06ea8e4af26a66b9b41c3d37194080' (325)
2025-12-21 02:33:18: Copy New 'C:/Users/grabacr/VPSsync/01-WorkspaceSync/modelica-shared/CustomLib/PropulsionSystem/.git/objects/3b/5f87a954f237e6c4d94b400dfa093b78d26bc1' -> 'sftp://os3-310-44666.vs.sakura.ne.jp/home/ubuntu/VPSsync/01-WorkspaceSync/modelica-shared/CustomLib/PropulsionSystem/.git/objects/3b/5f87a954f237e6c4d94b400dfa093b78d26bc1' (938)
2025-12-21 02:33:19: Copy New 'C:/Users/grabacr/VPSsync/01-WorkspaceSync/modelica-shared/CustomLib/PropulsionSystem/.git/objects/3f/0c77a48d3d9b71e2226df4f3893dd31cc8346d' -> 'sftp://os3-310-44666.vs.sakura.ne.jp/home/ubuntu/VPSsync/01-WorkspaceSync/modelica-shared/CustomLib/PropulsionSystem/.git/objects/3f/0c77a48d3d9b71e2226df4f3893dd31cc8346d' (786)
2025-12-21 02:33:19: Copy New 'C:/Users/grabacr/VPSsync/01-WorkspaceSync/modelica-shared/CustomLib/PropulsionSystem/.git/objects/3d/0bbe954d0ddc84cf66e5f1d5f562ead11c8724' -> 'sftp://os3-310-44666.vs.sakura.ne.jp/home/ubuntu/VPSsync/01-WorkspaceSync/modelica-shared/CustomLib/PropulsionSystem/.git/objects/3d/0bbe954d0ddc84cf66e5f1d5f562ead11c8724' (935)
2025-12-21 02:33:19: Copy New 'C:/Users/grabacr/VPSsync/01-WorkspaceSync/modelica-shared/CustomLib/PropulsionSystem/.git/objects/3f/83b460e115f39a59312b141169c824ca8298c6' -> 'sftp://os3-310-44666.vs.sakura.ne.jp/home/ubuntu/VPSsync/01-WorkspaceSync/modelica-shared/CustomLib/PropulsionSystem/.git/objects/3f/83b460e115f39a59312b141169c824ca8298c6' (783)
2025-12-21 02:33:19: Copy New 'C:/Users/grabacr/VPSsync/01-WorkspaceSync/modelica-shared/CustomLib/PropulsionSystem/.git/objects/3f/8babff9e19b1a1145cbd0b9a97899fbd11beef' -> 'sftp://os3-310-44666.vs.sakura.ne.jp/home/ubuntu/VPSsync/01-WorkspaceSync/modelica-shared/CustomLib/PropulsionSystem/.git/objects/3f/8babff9e19b1a1145cbd0b9a97899fbd11beef' (786)
2025-12-21 02:33:19: Copy New 'C:/Users/grabacr/VPSsync/01-WorkspaceSync/modelica-shared/CustomLib/PropulsionSystem/.git/objects/3d/7dab05c908440d6313e62dfe9ad98d680db466' -> 'sftp://os3-310-44666.vs.sakura.ne.jp/home/ubuntu/VPSsync/01-WorkspaceSync/modelica-shared/CustomLib/PropulsionSystem/.git/objects/3d/7dab05c908440d6313e62dfe9ad98d680db466' (787)
2025-12-21 02:33:19: Copy New 'C:/Users/grabacr/VPSsync/01-WorkspaceSync/modelica-shared/CustomLib/PropulsionSystem/.git/objects/3d/9d9e8901d2c68ddd4ee7fedf12260b332f2a1e' -> 'sftp://os3-310-44666.vs.sakura.ne.jp/home/ubuntu/VPSsync/01-WorkspaceSync/modelica-shared/CustomLib/PropulsionSystem/.git/objects/3d/9d9e8901d2c68ddd4ee7fedf12260b332f2a1e' (667)
2025-12-21 02:33:19: Copy New 'C:/Users/grabacr/VPSsync/01-WorkspaceSync/modelica-shared/CustomLib/PropulsionSystem/.git/objects/41/3bc63fa065826d4c8b121c143e52476b4424c6' -> 'sftp://os3-310-44666.vs.sakura.ne.jp/home/ubuntu/VPSsync/01-WorkspaceSync/modelica-shared/CustomLib/PropulsionSystem/.git/objects/41/3bc63fa065826d4c8b121c143e52476b4424c6' (787)
2025-12-21 02:33:19: Copy New 'C:/Users/grabacr/VPSsync/01-WorkspaceSync/modelica-shared/CustomLib/PropulsionSystem/.git/objects/41/bb6598ed00970045eca718af1bbbeaa6ae0d9b' -> 'sftp://os3-310-44666.vs.sakura.ne.jp/home/ubuntu/VPSsync/01-WorkspaceSync/modelica-shared/CustomLib/PropulsionSystem/.git/objects/41/bb6598ed00970045eca718af1bbbeaa6ae0d9b' (669)
2025-12-21 02:33:19: Copy New 'C:/Users/grabacr/VPSsync/01-WorkspaceSync/modelica-shared/CustomLib/PropulsionSystem/.git/objects/41/f45d9e02d5f5f422a345b3762c30d859745e81' -> 'sftp://os3-310-44666.vs.sakura.ne.jp/home/ubuntu/VPSsync/01-WorkspaceSync/modelica-shared/CustomLib/PropulsionSystem/.git/objects/41/f45d9e02d5f5f422a345b3762c30d859745e81' (789)
2025-12-21 02:33:19: Copy New 'C:/Users/grabacr/VPSsync/01-WorkspaceSync/modelica-shared/CustomLib/PropulsionSystem/.git/objects/40/ce909898353863992a1bcd58da6ea61f04e32c' -> 'sftp://os3-310-44666.vs.sakura.ne.jp/home/ubuntu/VPSsync/01-WorkspaceSync/modelica-shared/CustomLib/PropulsionSystem/.git/objects/40/ce909898353863992a1bcd58da6ea61f04e32c' (789)
2025-12-21 02:33:19: Copy New 'C:/Users/grabacr/VPSsync/01-WorkspaceSync/modelica-shared/CustomLib/PropulsionSystem/.git/objects/42/43f595e912454f157353eee98af09bf3b36b32' -> 'sftp://os3-310-44666.vs.sakura.ne.jp/home/ubuntu/VPSsync/01-WorkspaceSync/modelica-shared/CustomLib/PropulsionSystem/.git/objects/42/43f595e912454f157353eee98af09bf3b36b32' (785)
2025-12-21 02:33:19: Copy New 'C:/Users/grabacr/VPSsync/01-WorkspaceSync/modelica-shared/CustomLib/PropulsionSystem/.git/objects/42/bfe78546bab98ccf24cf9881e8bcc78206e1e1' -> 'sftp://os3-310-44666.vs.sakura.ne.jp/home/ubuntu/VPSsync/01-WorkspaceSync/modelica-shared/CustomLib/PropulsionSystem/.git/objects/42/bfe78546bab98ccf24cf9881e8bcc78206e1e1' (938)
2025-12-21 02:33:19: Copy New 'C:/Users/grabacr/VPSsync/01-WorkspaceSync/modelica-shared/CustomLib/PropulsionSystem/.git/objects/45/006f0768a22b78fbf3e8723d5a19212380e5e0' -> 'sftp://os3-310-44666.vs.sakura.ne.jp/home/ubuntu/VPSsync/01-WorkspaceSync/modelica-shared/CustomLib/PropulsionSystem/.git/objects/45/006f0768a22b78fbf3e8723d5a19212380e5e0' (936)
2025-12-21 02:33:19: Copy New 'C:/Users/grabacr/VPSsync/01-WorkspaceSync/modelica-shared/CustomLib/PropulsionSystem/.git/objects/46/82d7b0a60f33132e26a8abfc7d3f155758aa17' -> 'sftp://os3-310-44666.vs.sakura.ne.jp/home/ubuntu/VPSsync/01-WorkspaceSync/modelica-shared/CustomLib/PropulsionSystem/.git/objects/46/82d7b0a60f33132e26a8abfc7d3f155758aa17' (787)
2025-12-21 02:33:19: Copy New 'C:/Users/grabacr/VPSsync/01-WorkspaceSync/modelica-shared/CustomLib/PropulsionSystem/.git/objects/46/be851fc0ceb4f5ccaca177231bff0ebb9f71c2' -> 'sftp://os3-310-44666.vs.sakura.ne.jp/home/ubuntu/VPSsync/01-WorkspaceSync/modelica-shared/CustomLib/PropulsionSystem/.git/objects/46/be851fc0ceb4f5ccaca177231bff0ebb9f71c2' (195)
2025-12-21 02:33:19: Copy New 'C:/Users/grabacr/VPSsync/01-WorkspaceSync/modelica-shared/CustomLib/PropulsionSystem/.git/objects/46/c9916662b6f607d833899356de298fc5b558d7' -> 'sftp://os3-310-44666.vs.sakura.ne.jp/home/ubuntu/VPSsync/01-WorkspaceSync/modelica-shared/CustomLib/PropulsionSystem/.git/objects/46/c9916662b6f607d833899356de298fc5b558d7' (783)
2025-12-21 02:33:19: Copy New 'C:/Users/grabacr/VPSsync/01-WorkspaceSync/modelica-shared/CustomLib/PropulsionSystem/.git/objects/47/0459c80b8ebd9d776cf60b6b8825288215822f' -> 'sftp://os3-310-44666.vs.sakura.ne.jp/home/ubuntu/VPSsync/01-WorkspaceSync/modelica-shared/CustomLib/PropulsionSystem/.git/objects/47/0459c80b8ebd9d776cf60b6b8825288215822f' (784)
2025-12-21 02:33:19: Copy New 'C:/Users/grabacr/VPSsync/01-WorkspaceSync/modelica-shared/CustomLib/PropulsionSystem/.git/objects/48/4567b077558e1afb7af810fe02fb26eebf8591' -> 'sftp://os3-310-44666.vs.sakura.ne.jp/home/ubuntu/VPSsync/01-WorkspaceSync/modelica-shared/CustomLib/PropulsionSystem/.git/objects/48/4567b077558e1afb7af810fe02fb26eebf8591' (668)
2025-12-21 02:33:19: Copy New 'C:/Users/grabacr/VPSsync/01-WorkspaceSync/modelica-shared/CustomLib/PropulsionSystem/.git/objects/47/4ea58daa9715773395818741e859a68d493767' -> 'sftp://os3-310-44666.vs.sakura.ne.jp/home/ubuntu/VPSsync/01-WorkspaceSync/modelica-shared/CustomLib/PropulsionSystem/.git/objects/47/4ea58daa9715773395818741e859a68d493767' (670)
2025-12-21 02:33:19: Copy New 'C:/Users/grabacr/VPSsync/01-WorkspaceSync/modelica-shared/CustomLib/PropulsionSystem/.git/objects/47/77af759d0de2216170574f23ac1402db2b77b5' -> 'sftp://os3-310-44666.vs.sakura.ne.jp/home/ubuntu/VPSsync/01-WorkspaceSync/modelica-shared/CustomLib/PropulsionSystem/.git/objects/47/77af759d0de2216170574f23ac1402db2b77b5' (786)
2025-12-21 02:33:20: Copy New 'C:/Users/grabacr/VPSsync/01-WorkspaceSync/modelica-shared/CustomLib/PropulsionSystem/.git/objects/47/89eec032dfa9e60af0f865097aea611f57b585' -> 'sftp://os3-310-44666.vs.sakura.ne.jp/home/ubuntu/VPSsync/01-WorkspaceSync/modelica-shared/CustomLib/PropulsionSystem/.git/objects/47/89eec032dfa9e60af0f865097aea611f57b585' (1,005)
2025-12-21 02:33:20: Copy New 'C:/Users/grabacr/VPSsync/01-WorkspaceSync/modelica-shared/CustomLib/PropulsionSystem/.git/objects/47/c1a11c2212837e8cf2b8575d91f87a351dbdab' -> 'sftp://os3-310-44666.vs.sakura.ne.jp/home/ubuntu/VPSsync/01-WorkspaceSync/modelica-shared/CustomLib/PropulsionSystem/.git/objects/47/c1a11c2212837e8cf2b8575d91f87a351dbdab' (937)
2025-12-21 02:33:20: Copy New 'C:/Users/grabacr/VPSsync/01-WorkspaceSync/modelica-shared/CustomLib/PropulsionSystem/.git/objects/49/e724bef18470235f4909ba5a7fdf8450fa21a5' -> 'sftp://os3-310-44666.vs.sakura.ne.jp/home/ubuntu/VPSsync/01-WorkspaceSync/modelica-shared/CustomLib/PropulsionSystem/.git/objects/49/e724bef18470235f4909ba5a7fdf8450fa21a5' (668)
2025-12-21 02:33:20: Copy New 'C:/Users/grabacr/VPSsync/01-WorkspaceSync/modelica-shared/CustomLib/PropulsionSystem/.git/objects/4a/85b153034706ffb18792fbe1e660409c996574' -> 'sftp://os3-310-44666.vs.sakura.ne.jp/home/ubuntu/VPSsync/01-WorkspaceSync/modelica-shared/CustomLib/PropulsionSystem/.git/objects/4a/85b153034706ffb18792fbe1e660409c996574' (937)
2025-12-21 02:33:20: Copy New 'C:/Users/grabacr/VPSsync/01-WorkspaceSync/modelica-shared/CustomLib/PropulsionSystem/.git/objects/49/f439635f52382b4d4cfa8e79106b13a27c0977' -> 'sftp://os3-310-44666.vs.sakura.ne.jp/home/ubuntu/VPSsync/01-WorkspaceSync/modelica-shared/CustomLib/PropulsionSystem/.git/objects/49/f439635f52382b4d4cfa8e79106b13a27c0977' (788)
2025-12-21 02:33:20: Copy New 'C:/Users/grabacr/VPSsync/01-WorkspaceSync/modelica-shared/CustomLib/PropulsionSystem/.git/objects/4b/0ecefa592377fbced1f44884cfc6ac924ee4c7' -> 'sftp://os3-310-44666.vs.sakura.ne.jp/home/ubuntu/VPSsync/01-WorkspaceSync/modelica-shared/CustomLib/PropulsionSystem/.git/objects/4b/0ecefa592377fbced1f44884cfc6ac924ee4c7' (937)
2025-12-21 02:33:20: Copy New 'C:/Users/grabacr/VPSsync/01-WorkspaceSync/modelica-shared/CustomLib/PropulsionSystem/.git/objects/4b/3c531ae0c9f9ceb7e408adf6469127c5035ab0' -> 'sftp://os3-310-44666.vs.sakura.ne.jp/home/ubuntu/VPSsync/01-WorkspaceSync/modelica-shared/CustomLib/PropulsionSystem/.git/objects/4b/3c531ae0c9f9ceb7e408adf6469127c5035ab0' (934)
2025-12-21 02:33:20: Copy New 'C:/Users/grabacr/VPSsync/01-WorkspaceSync/modelica-shared/CustomLib/PropulsionSystem/.git/objects/4c/df4e7280918aea0187b8ed94704d8a6412ced4' -> 'sftp://os3-310-44666.vs.sakura.ne.jp/home/ubuntu/VPSsync/01-WorkspaceSync/modelica-shared/CustomLib/PropulsionSystem/.git/objects/4c/df4e7280918aea0187b8ed94704d8a6412ced4' (1,113)
2025-12-21 02:33:20: Copy New 'C:/Users/grabacr/VPSsync/01-WorkspaceSync/modelica-shared/CustomLib/PropulsionSystem/.git/objects/4b/92cc5ded11ae4ebb73f277ea28e47407641796' -> 'sftp://os3-310-44666.vs.sakura.ne.jp/home/ubuntu/VPSsync/01-WorkspaceSync/modelica-shared/CustomLib/PropulsionSystem/.git/objects/4b/92cc5ded11ae4ebb73f277ea28e47407641796' (137)
2025-12-21 02:33:20: Copy New 'C:/Users/grabacr/VPSsync/01-WorkspaceSync/modelica-shared/CustomLib/PropulsionSystem/.git/objects/4b/f64f9ad998bfff4de4851c5726e16369afd234' -> 'sftp://os3-310-44666.vs.sakura.ne.jp/home/ubuntu/VPSsync/01-WorkspaceSync/modelica-shared/CustomLib/PropulsionSystem/.git/objects/4b/f64f9ad998bfff4de4851c5726e16369afd234' (936)
2025-12-21 02:33:20: Copy New 'C:/Users/grabacr/VPSsync/01-WorkspaceSync/modelica-shared/CustomLib/PropulsionSystem/.git/objects/4d/fba39acc252a963ca6bfd7932bdcbe7b126425' -> 'sftp://os3-310-44666.vs.sakura.ne.jp/home/ubuntu/VPSsync/01-WorkspaceSync/modelica-shared/CustomLib/PropulsionSystem/.git/objects/4d/fba39acc252a963ca6bfd7932bdcbe7b126425' (937)
2025-12-21 02:33:20: Copy New 'C:/Users/grabacr/VPSsync/01-WorkspaceSync/modelica-shared/CustomLib/PropulsionSystem/.git/objects/4e/2fcd7308780b27c0bbb2133fdfeaad60845be7' -> 'sftp://os3-310-44666.vs.sakura.ne.jp/home/ubuntu/VPSsync/01-WorkspaceSync/modelica-shared/CustomLib/PropulsionSystem/.git/objects/4e/2fcd7308780b27c0bbb2133fdfeaad60845be7' (935)
2025-12-21 02:33:20: Copy New 'C:/Users/grabacr/VPSsync/01-WorkspaceSync/modelica-shared/CustomLib/PropulsionSystem/.git/objects/4f/67c3d419118be8fe81141d1061c2cd2c405007' -> 'sftp://os3-310-44666.vs.sakura.ne.jp/home/ubuntu/VPSsync/01-WorkspaceSync/modelica-shared/CustomLib/PropulsionSystem/.git/objects/4f/67c3d419118be8fe81141d1061c2cd2c405007' (937)
2025-12-21 02:33:20: Copy New 'C:/Users/grabacr/VPSsync/01-WorkspaceSync/modelica-shared/CustomLib/PropulsionSystem/.git/objects/50/b21cea644c40831bc7dcf73de0f5486530e68d' -> 'sftp://os3-310-44666.vs.sakura.ne.jp/home/ubuntu/VPSsync/01-WorkspaceSync/modelica-shared/CustomLib/PropulsionSystem/.git/objects/50/b21cea644c40831bc7dcf73de0f5486530e68d' (1,114)
2025-12-21 02:33:20: Copy New 'C:/Users/grabacr/VPSsync/01-WorkspaceSync/modelica-shared/CustomLib/PropulsionSystem/.git/objects/4f/93bf2ef9c061abdbe7fa522eb3f09572a2d549' -> 'sftp://os3-310-44666.vs.sakura.ne.jp/home/ubuntu/VPSsync/01-WorkspaceSync/modelica-shared/CustomLib/PropulsionSystem/.git/objects/4f/93bf2ef9c061abdbe7fa522eb3f09572a2d549' (885)
2025-12-21 02:33:20: Copy New 'C:/Users/grabacr/VPSsync/01-WorkspaceSync/modelica-shared/CustomLib/PropulsionSystem/.git/objects/4f/c64c9f7e8eeb9853bf2e8034288868b1982e13' -> 'sftp://os3-310-44666.vs.sakura.ne.jp/home/ubuntu/VPSsync/01-WorkspaceSync/modelica-shared/CustomLib/PropulsionSystem/.git/objects/4f/c64c9f7e8eeb9853bf2e8034288868b1982e13' (935)
2025-12-21 02:33:21: Copy New 'C:/Users/grabacr/VPSsync/01-WorkspaceSync/modelica-shared/CustomLib/PropulsionSystem/.git/objects/52/c9ad1ffd5bc0485b282a5422b92516b74b17e5' -> 'sftp://os3-310-44666.vs.sakura.ne.jp/home/ubuntu/VPSsync/01-WorkspaceSync/modelica-shared/CustomLib/PropulsionSystem/.git/objects/52/c9ad1ffd5bc0485b282a5422b92516b74b17e5' (936)
2025-12-21 02:33:21: Copy New 'C:/Users/grabacr/VPSsync/01-WorkspaceSync/modelica-shared/CustomLib/PropulsionSystem/.git/objects/51/bac3bf46546052132a7264c9771157b373d336' -> 'sftp://os3-310-44666.vs.sakura.ne.jp/home/ubuntu/VPSsync/01-WorkspaceSync/modelica-shared/CustomLib/PropulsionSystem/.git/objects/51/bac3bf46546052132a7264c9771157b373d336' (791)
2025-12-21 02:33:21: Copy New 'C:/Users/grabacr/VPSsync/01-WorkspaceSync/modelica-shared/CustomLib/PropulsionSystem/.git/objects/51/e3089b392e3647c6bf11d1c9b83a62afd14e82' -> 'sftp://os3-310-44666.vs.sakura.ne.jp/home/ubuntu/VPSsync/01-WorkspaceSync/modelica-shared/CustomLib/PropulsionSystem/.git/objects/51/e3089b392e3647c6bf11d1c9b83a62afd14e82' (936)
2025-12-21 02:33:21: Copy New 'C:/Users/grabacr/VPSsync/01-WorkspaceSync/modelica-shared/CustomLib/PropulsionSystem/.git/objects/51/ed9d4a857437993018f8b1d7b720bf18717e3c' -> 'sftp://os3-310-44666.vs.sakura.ne.jp/home/ubuntu/VPSsync/01-WorkspaceSync/modelica-shared/CustomLib/PropulsionSystem/.git/objects/51/ed9d4a857437993018f8b1d7b720bf18717e3c' (784)
2025-12-21 02:33:21: Copy New 'C:/Users/grabacr/VPSsync/01-WorkspaceSync/modelica-shared/CustomLib/PropulsionSystem/.git/objects/53/cb531ed7af6606f9e783d0b339927451af2e7e' -> 'sftp://os3-310-44666.vs.sakura.ne.jp/home/ubuntu/VPSsync/01-WorkspaceSync/modelica-shared/CustomLib/PropulsionSystem/.git/objects/53/cb531ed7af6606f9e783d0b339927451af2e7e' (786)
2025-12-21 02:33:21: Copy New 'C:/Users/grabacr/VPSsync/01-WorkspaceSync/modelica-shared/CustomLib/PropulsionSystem/.git/objects/54/02b2b1a7a3536917e9702f230069bc05ec3cc8' -> 'sftp://os3-310-44666.vs.sakura.ne.jp/home/ubuntu/VPSsync/01-WorkspaceSync/modelica-shared/CustomLib/PropulsionSystem/.git/objects/54/02b2b1a7a3536917e9702f230069bc05ec3cc8' (943)
2025-12-21 02:33:21: Copy New 'C:/Users/grabacr/VPSsync/01-WorkspaceSync/modelica-shared/CustomLib/PropulsionSystem/.git/objects/54/825390c1c995c8fff913f049fd40ad6f2624a1' -> 'sftp://os3-310-44666.vs.sakura.ne.jp/home/ubuntu/VPSsync/01-WorkspaceSync/modelica-shared/CustomLib/PropulsionSystem/.git/objects/54/825390c1c995c8fff913f049fd40ad6f2624a1' (788)
2025-12-21 02:33:21: Copy New 'C:/Users/grabacr/VPSsync/01-WorkspaceSync/modelica-shared/CustomLib/PropulsionSystem/.git/objects/54/644b08e0d85ecc1496a3cc749f4d46b4ca18e4' -> 'sftp://os3-310-44666.vs.sakura.ne.jp/home/ubuntu/VPSsync/01-WorkspaceSync/modelica-shared/CustomLib/PropulsionSystem/.git/objects/54/644b08e0d85ecc1496a3cc749f4d46b4ca18e4' (667)
2025-12-21 02:33:21: Copy New 'C:/Users/grabacr/VPSsync/01-WorkspaceSync/modelica-shared/CustomLib/PropulsionSystem/.git/objects/54/d69927e7459ada8a3b6523a84b2f56b30dae5d' -> 'sftp://os3-310-44666.vs.sakura.ne.jp/home/ubuntu/VPSsync/01-WorkspaceSync/modelica-shared/CustomLib/PropulsionSystem/.git/objects/54/d69927e7459ada8a3b6523a84b2f56b30dae5d' (787)
2025-12-21 02:33:21: Copy New 'C:/Users/grabacr/VPSsync/01-WorkspaceSync/modelica-shared/CustomLib/PropulsionSystem/.git/objects/55/7fa8dc4e06879c2ffec3736b98cbcaccf709d8' -> 'sftp://os3-310-44666.vs.sakura.ne.jp/home/ubuntu/VPSsync/01-WorkspaceSync/modelica-shared/CustomLib/PropulsionSystem/.git/objects/55/7fa8dc4e06879c2ffec3736b98cbcaccf709d8' (787)
2025-12-21 02:33:21: Copy New 'C:/Users/grabacr/VPSsync/01-WorkspaceSync/modelica-shared/CustomLib/PropulsionSystem/.git/objects/56/181c8447146bfcd3ae2d069861769b3f158907' -> 'sftp://os3-310-44666.vs.sakura.ne.jp/home/ubuntu/VPSsync/01-WorkspaceSync/modelica-shared/CustomLib/PropulsionSystem/.git/objects/56/181c8447146bfcd3ae2d069861769b3f158907' (668)
2025-12-21 02:33:21: Copy New 'C:/Users/grabacr/VPSsync/01-WorkspaceSync/modelica-shared/CustomLib/PropulsionSystem/.git/objects/53/e88c2e05d016244bc26fc2a1ed3e8a6392792a' -> 'sftp://os3-310-44666.vs.sakura.ne.jp/home/ubuntu/VPSsync/01-WorkspaceSync/modelica-shared/CustomLib/PropulsionSystem/.git/objects/53/e88c2e05d016244bc26fc2a1ed3e8a6392792a' (1,457)
2025-12-21 02:33:21: Copy New 'C:/Users/grabacr/VPSsync/01-WorkspaceSync/modelica-shared/CustomLib/PropulsionSystem/.git/objects/56/602aba5137bb2884aa292f24f7e8c28589deaf' -> 'sftp://os3-310-44666.vs.sakura.ne.jp/home/ubuntu/VPSsync/01-WorkspaceSync/modelica-shared/CustomLib/PropulsionSystem/.git/objects/56/602aba5137bb2884aa292f24f7e8c28589deaf' (787)
2025-12-21 02:33:21: Copy New 'C:/Users/grabacr/VPSsync/01-WorkspaceSync/modelica-shared/CustomLib/PropulsionSystem/.git/objects/56/779ebf0a888cf77626f95c9d76c07831a4ef1e' -> 'sftp://os3-310-44666.vs.sakura.ne.jp/home/ubuntu/VPSsync/01-WorkspaceSync/modelica-shared/CustomLib/PropulsionSystem/.git/objects/56/779ebf0a888cf77626f95c9d76c07831a4ef1e' (788)
2025-12-21 02:33:21: Copy New 'C:/Users/grabacr/VPSsync/01-WorkspaceSync/modelica-shared/CustomLib/PropulsionSystem/.git/objects/56/d7fa170d9d29b722457156d0206743a464d5f4' -> 'sftp://os3-310-44666.vs.sakura.ne.jp/home/ubuntu/VPSsync/01-WorkspaceSync/modelica-shared/CustomLib/PropulsionSystem/.git/objects/56/d7fa170d9d29b722457156d0206743a464d5f4' (885)
2025-12-21 02:33:21: Copy New 'C:/Users/grabacr/VPSsync/01-WorkspaceSync/modelica-shared/CustomLib/PropulsionSystem/.git/objects/57/832f922b327389c70985d6cefd44d45fc0f759' -> 'sftp://os3-310-44666.vs.sakura.ne.jp/home/ubuntu/VPSsync/01-WorkspaceSync/modelica-shared/CustomLib/PropulsionSystem/.git/objects/57/832f922b327389c70985d6cefd44d45fc0f759' (937)
2025-12-21 02:33:21: Copy New 'C:/Users/grabacr/VPSsync/01-WorkspaceSync/modelica-shared/CustomLib/PropulsionSystem/.git/objects/58/00ed5904a04c12585ab7ca44d5d032df8cc37e' -> 'sftp://os3-310-44666.vs.sakura.ne.jp/home/ubuntu/VPSsync/01-WorkspaceSync/modelica-shared/CustomLib/PropulsionSystem/.git/objects/58/00ed5904a04c12585ab7ca44d5d032df8cc37e' (787)
2025-12-21 02:33:21: Copy New 'C:/Users/grabacr/VPSsync/01-WorkspaceSync/modelica-shared/CustomLib/PropulsionSystem/.git/objects/58/1b461af535d5cdc40930d2bd99d9b473803cae' -> 'sftp://os3-310-44666.vs.sakura.ne.jp/home/ubuntu/VPSsync/01-WorkspaceSync/modelica-shared/CustomLib/PropulsionSystem/.git/objects/58/1b461af535d5cdc40930d2bd99d9b473803cae' (668)
2025-12-21 02:33:22: Copy New 'C:/Users/grabacr/VPSsync/01-WorkspaceSync/modelica-shared/CustomLib/PropulsionSystem/.git/objects/58/b35d5482d22ce2c8502fb652121786099acb30' -> 'sftp://os3-310-44666.vs.sakura.ne.jp/home/ubuntu/VPSsync/01-WorkspaceSync/modelica-shared/CustomLib/PropulsionSystem/.git/objects/58/b35d5482d22ce2c8502fb652121786099acb30' (93)
2025-12-21 02:33:22: Copy New 'C:/Users/grabacr/VPSsync/01-WorkspaceSync/modelica-shared/CustomLib/PropulsionSystem/.git/objects/58/63120ebb1bce173b08a99c99cbba589193254c' -> 'sftp://os3-310-44666.vs.sakura.ne.jp/home/ubuntu/VPSsync/01-WorkspaceSync/modelica-shared/CustomLib/PropulsionSystem/.git/objects/58/63120ebb1bce173b08a99c99cbba589193254c' (54)
2025-12-21 02:33:22: Copy New 'C:/Users/grabacr/VPSsync/01-WorkspaceSync/modelica-shared/CustomLib/PropulsionSystem/.git/objects/58/e2b051d103201f71af188839c38419d32a5ff8' -> 'sftp://os3-310-44666.vs.sakura.ne.jp/home/ubuntu/VPSsync/01-WorkspaceSync/modelica-shared/CustomLib/PropulsionSystem/.git/objects/58/e2b051d103201f71af188839c38419d32a5ff8' (937)
2025-12-21 02:33:22: Copy New 'C:/Users/grabacr/VPSsync/01-WorkspaceSync/modelica-shared/CustomLib/PropulsionSystem/.git/objects/5a/3c546e5969712c82e87104d9923f036772ce7d' -> 'sftp://os3-310-44666.vs.sakura.ne.jp/home/ubuntu/VPSsync/01-WorkspaceSync/modelica-shared/CustomLib/PropulsionSystem/.git/objects/5a/3c546e5969712c82e87104d9923f036772ce7d' (838)
2025-12-21 02:33:22: Copy New 'C:/Users/grabacr/VPSsync/01-WorkspaceSync/modelica-shared/CustomLib/PropulsionSystem/.git/objects/5c/631edf4c379c9c11680e92531f4deefea16392' -> 'sftp://os3-310-44666.vs.sakura.ne.jp/home/ubuntu/VPSsync/01-WorkspaceSync/modelica-shared/CustomLib/PropulsionSystem/.git/objects/5c/631edf4c379c9c11680e92531f4deefea16392' (937)
2025-12-21 02:33:22: Copy New 'C:/Users/grabacr/VPSsync/01-WorkspaceSync/modelica-shared/CustomLib/PropulsionSystem/.git/objects/5c/6a8c3d91cecccecadb7c76f558b1127ce34c73' -> 'sftp://os3-310-44666.vs.sakura.ne.jp/home/ubuntu/VPSsync/01-WorkspaceSync/modelica-shared/CustomLib/PropulsionSystem/.git/objects/5c/6a8c3d91cecccecadb7c76f558b1127ce34c73' (787)
2025-12-21 02:33:22: Copy New 'C:/Users/grabacr/VPSsync/01-WorkspaceSync/modelica-shared/CustomLib/PropulsionSystem/.git/objects/5c/7115d3eb3d9f967460407f72b6bc0e62716b9e' -> 'sftp://os3-310-44666.vs.sakura.ne.jp/home/ubuntu/VPSsync/01-WorkspaceSync/modelica-shared/CustomLib/PropulsionSystem/.git/objects/5c/7115d3eb3d9f967460407f72b6bc0e62716b9e' (936)
2025-12-21 02:33:22: Copy New 'C:/Users/grabacr/VPSsync/01-WorkspaceSync/modelica-shared/CustomLib/PropulsionSystem/.git/objects/5e/9a7247f22378b85b033af053d21ff8ce503a95' -> 'sftp://os3-310-44666.vs.sakura.ne.jp/home/ubuntu/VPSsync/01-WorkspaceSync/modelica-shared/CustomLib/PropulsionSystem/.git/objects/5e/9a7247f22378b85b033af053d21ff8ce503a95' (784)
2025-12-21 02:33:22: Copy New 'C:/Users/grabacr/VPSsync/01-WorkspaceSync/modelica-shared/CustomLib/PropulsionSystem/.git/objects/5f/463f389d6959782e18fa24827dfdd174bba950' -> 'sftp://os3-310-44666.vs.sakura.ne.jp/home/ubuntu/VPSsync/01-WorkspaceSync/modelica-shared/CustomLib/PropulsionSystem/.git/objects/5f/463f389d6959782e18fa24827dfdd174bba950' (710)
2025-12-21 02:33:22: Copy New 'C:/Users/grabacr/VPSsync/01-WorkspaceSync/modelica-shared/CustomLib/PropulsionSystem/.git/objects/5f/79f080f894031eb84876c06f28f2f1c27ef4c9' -> 'sftp://os3-310-44666.vs.sakura.ne.jp/home/ubuntu/VPSsync/01-WorkspaceSync/modelica-shared/CustomLib/PropulsionSystem/.git/objects/5f/79f080f894031eb84876c06f28f2f1c27ef4c9' (668)
2025-12-21 02:33:22: Copy New 'C:/Users/grabacr/VPSsync/01-WorkspaceSync/modelica-shared/CustomLib/PropulsionSystem/.git/objects/5f/c84e37eb0f119980f9151bec5668b1b5d3bef1' -> 'sftp://os3-310-44666.vs.sakura.ne.jp/home/ubuntu/VPSsync/01-WorkspaceSync/modelica-shared/CustomLib/PropulsionSystem/.git/objects/5f/c84e37eb0f119980f9151bec5668b1b5d3bef1' (787)
2025-12-21 02:33:22: Copy New 'C:/Users/grabacr/VPSsync/01-WorkspaceSync/modelica-shared/CustomLib/PropulsionSystem/.git/objects/60/8520e2a8616c61137d5f33fd173bb7429e6749' -> 'sftp://os3-310-44666.vs.sakura.ne.jp/home/ubuntu/VPSsync/01-WorkspaceSync/modelica-shared/CustomLib/PropulsionSystem/.git/objects/60/8520e2a8616c61137d5f33fd173bb7429e6749' (667)
2025-12-21 02:33:22: Copy New 'C:/Users/grabacr/VPSsync/01-WorkspaceSync/modelica-shared/CustomLib/PropulsionSystem/.git/objects/60/88630b87a823e57de2a9502bec62ab45e439eb' -> 'sftp://os3-310-44666.vs.sakura.ne.jp/home/ubuntu/VPSsync/01-WorkspaceSync/modelica-shared/CustomLib/PropulsionSystem/.git/objects/60/88630b87a823e57de2a9502bec62ab45e439eb' (667)
2025-12-21 02:33:22: Copy New 'C:/Users/grabacr/VPSsync/01-WorkspaceSync/modelica-shared/CustomLib/PropulsionSystem/.git/objects/5e/9f7df3d04f04dae085baac39d3661ae06d873b' -> 'sftp://os3-310-44666.vs.sakura.ne.jp/home/ubuntu/VPSsync/01-WorkspaceSync/modelica-shared/CustomLib/PropulsionSystem/.git/objects/5e/9f7df3d04f04dae085baac39d3661ae06d873b' (125)
2025-12-21 02:33:22: Copy New 'C:/Users/grabacr/VPSsync/01-WorkspaceSync/modelica-shared/CustomLib/PropulsionSystem/.git/objects/60/944159c4ed63c4f94852f40459d65996dad41b' -> 'sftp://os3-310-44666.vs.sakura.ne.jp/home/ubuntu/VPSsync/01-WorkspaceSync/modelica-shared/CustomLib/PropulsionSystem/.git/objects/60/944159c4ed63c4f94852f40459d65996dad41b' (789)
2025-12-21 02:33:22: Copy New 'C:/Users/grabacr/VPSsync/01-WorkspaceSync/modelica-shared/CustomLib/PropulsionSystem/.git/objects/60/ebd5e42230988d8b62422113896b4ae82f7537' -> 'sftp://os3-310-44666.vs.sakura.ne.jp/home/ubuntu/VPSsync/01-WorkspaceSync/modelica-shared/CustomLib/PropulsionSystem/.git/objects/60/ebd5e42230988d8b62422113896b4ae82f7537' (936)
2025-12-21 02:33:22: Copy New 'C:/Users/grabacr/VPSsync/01-WorkspaceSync/modelica-shared/CustomLib/PropulsionSystem/.git/objects/60/c121b768372f06f176cf19e9163e96b97446ff' -> 'sftp://os3-310-44666.vs.sakura.ne.jp/home/ubuntu/VPSsync/01-WorkspaceSync/modelica-shared/CustomLib/PropulsionSystem/.git/objects/60/c121b768372f06f176cf19e9163e96b97446ff' (935)
2025-12-21 02:33:22: Copy New 'C:/Users/grabacr/VPSsync/01-WorkspaceSync/modelica-shared/CustomLib/PropulsionSystem/.git/objects/60/f6880dd85d4db02f82a832b945936063bf3f42' -> 'sftp://os3-310-44666.vs.sakura.ne.jp/home/ubuntu/VPSsync/01-WorkspaceSync/modelica-shared/CustomLib/PropulsionSystem/.git/objects/60/f6880dd85d4db02f82a832b945936063bf3f42' (844)
2025-12-21 02:33:22: Copy New 'C:/Users/grabacr/VPSsync/01-WorkspaceSync/modelica-shared/CustomLib/PropulsionSystem/.git/objects/61/f5d9af664d7111651fb5180310caa288d7c99f' -> 'sftp://os3-310-44666.vs.sakura.ne.jp/home/ubuntu/VPSsync/01-WorkspaceSync/modelica-shared/CustomLib/PropulsionSystem/.git/objects/61/f5d9af664d7111651fb5180310caa288d7c99f' (738)
2025-12-21 02:33:22: Copy New 'C:/Users/grabacr/VPSsync/01-WorkspaceSync/modelica-shared/CustomLib/PropulsionSystem/.git/objects/61/4640bdcc47d2f7718d63e73b105dda1cd54302' -> 'sftp://os3-310-44666.vs.sakura.ne.jp/home/ubuntu/VPSsync/01-WorkspaceSync/modelica-shared/CustomLib/PropulsionSystem/.git/objects/61/4640bdcc47d2f7718d63e73b105dda1cd54302' (935)
2025-12-21 02:33:23: Copy New 'C:/Users/grabacr/VPSsync/01-WorkspaceSync/modelica-shared/CustomLib/PropulsionSystem/.git/objects/64/2dabd14b4e0826b4b20fe3dd88f48723a91f6e' -> 'sftp://os3-310-44666.vs.sakura.ne.jp/home/ubuntu/VPSsync/01-WorkspaceSync/modelica-shared/CustomLib/PropulsionSystem/.git/objects/64/2dabd14b4e0826b4b20fe3dd88f48723a91f6e' (787)
2025-12-21 02:33:23: Copy New 'C:/Users/grabacr/VPSsync/01-WorkspaceSync/modelica-shared/CustomLib/PropulsionSystem/.git/objects/64/313ff5e407e1185cfb18e33aeec05b623f4a8e' -> 'sftp://os3-310-44666.vs.sakura.ne.jp/home/ubuntu/VPSsync/01-WorkspaceSync/modelica-shared/CustomLib/PropulsionSystem/.git/objects/64/313ff5e407e1185cfb18e33aeec05b623f4a8e' (939)
2025-12-21 02:33:23: Copy New 'C:/Users/grabacr/VPSsync/01-WorkspaceSync/modelica-shared/CustomLib/PropulsionSystem/.git/objects/64/4104683b1e4576a28cbabad1064ce4dd15253a' -> 'sftp://os3-310-44666.vs.sakura.ne.jp/home/ubuntu/VPSsync/01-WorkspaceSync/modelica-shared/CustomLib/PropulsionSystem/.git/objects/64/4104683b1e4576a28cbabad1064ce4dd15253a' (266)
2025-12-21 02:33:23: Copy New 'C:/Users/grabacr/VPSsync/01-WorkspaceSync/modelica-shared/CustomLib/PropulsionSystem/.git/objects/64/4b58091eec3cdabac764fa0bd019bb8e865068' -> 'sftp://os3-310-44666.vs.sakura.ne.jp/home/ubuntu/VPSsync/01-WorkspaceSync/modelica-shared/CustomLib/PropulsionSystem/.git/objects/64/4b58091eec3cdabac764fa0bd019bb8e865068' (935)
2025-12-21 02:33:23: Copy New 'C:/Users/grabacr/VPSsync/01-WorkspaceSync/modelica-shared/CustomLib/PropulsionSystem/.git/objects/65/27bf5ee3411842fd18ea30aa7a853f21330945' -> 'sftp://os3-310-44666.vs.sakura.ne.jp/home/ubuntu/VPSsync/01-WorkspaceSync/modelica-shared/CustomLib/PropulsionSystem/.git/objects/65/27bf5ee3411842fd18ea30aa7a853f21330945' (839)
2025-12-21 02:33:23: Copy New 'C:/Users/grabacr/VPSsync/01-WorkspaceSync/modelica-shared/CustomLib/PropulsionSystem/.git/objects/66/a3d500377845d45029c88d60b7f0ec249919af' -> 'sftp://os3-310-44666.vs.sakura.ne.jp/home/ubuntu/VPSsync/01-WorkspaceSync/modelica-shared/CustomLib/PropulsionSystem/.git/objects/66/a3d500377845d45029c88d60b7f0ec249919af' (936)
2025-12-21 02:33:23: Copy New 'C:/Users/grabacr/VPSsync/01-WorkspaceSync/modelica-shared/CustomLib/PropulsionSystem/.git/objects/65/55705840125fa0e41f2b7ce612fed373408f4b' -> 'sftp://os3-310-44666.vs.sakura.ne.jp/home/ubuntu/VPSsync/01-WorkspaceSync/modelica-shared/CustomLib/PropulsionSystem/.git/objects/65/55705840125fa0e41f2b7ce612fed373408f4b' (667)
2025-12-21 02:33:23: Copy New 'C:/Users/grabacr/VPSsync/01-WorkspaceSync/modelica-shared/CustomLib/PropulsionSystem/.git/objects/65/d3db89867507f6656cfbf5cbdb335e17f4b422' -> 'sftp://os3-310-44666.vs.sakura.ne.jp/home/ubuntu/VPSsync/01-WorkspaceSync/modelica-shared/CustomLib/PropulsionSystem/.git/objects/65/d3db89867507f6656cfbf5cbdb335e17f4b422' (674)
2025-12-21 02:33:23: Copy New 'C:/Users/grabacr/VPSsync/01-WorkspaceSync/modelica-shared/CustomLib/PropulsionSystem/.git/objects/67/002e7de3c3d68b0336af7b59ca604f5a2611a0' -> 'sftp://os3-310-44666.vs.sakura.ne.jp/home/ubuntu/VPSsync/01-WorkspaceSync/modelica-shared/CustomLib/PropulsionSystem/.git/objects/67/002e7de3c3d68b0336af7b59ca604f5a2611a0' (667)
2025-12-21 02:33:23: Copy New 'C:/Users/grabacr/VPSsync/01-WorkspaceSync/modelica-shared/CustomLib/PropulsionSystem/.git/objects/68/59efe07d53adda3138d84ad8350a37e7c83fb2' -> 'sftp://os3-310-44666.vs.sakura.ne.jp/home/ubuntu/VPSsync/01-WorkspaceSync/modelica-shared/CustomLib/PropulsionSystem/.git/objects/68/59efe07d53adda3138d84ad8350a37e7c83fb2' (154)
2025-12-21 02:33:23: Copy New 'C:/Users/grabacr/VPSsync/01-WorkspaceSync/modelica-shared/CustomLib/PropulsionSystem/.git/objects/68/1214d6ec46329d0e17cafbaeae8853f0495c73' -> 'sftp://os3-310-44666.vs.sakura.ne.jp/home/ubuntu/VPSsync/01-WorkspaceSync/modelica-shared/CustomLib/PropulsionSystem/.git/objects/68/1214d6ec46329d0e17cafbaeae8853f0495c73' (939)
2025-12-21 02:33:23: Copy New 'C:/Users/grabacr/VPSsync/01-WorkspaceSync/modelica-shared/CustomLib/PropulsionSystem/.git/objects/68/7514394eeab9d35275393da81dc2c8603b8302' -> 'sftp://os3-310-44666.vs.sakura.ne.jp/home/ubuntu/VPSsync/01-WorkspaceSync/modelica-shared/CustomLib/PropulsionSystem/.git/objects/68/7514394eeab9d35275393da81dc2c8603b8302' (786)
2025-12-21 02:33:23: Copy New 'C:/Users/grabacr/VPSsync/01-WorkspaceSync/modelica-shared/CustomLib/PropulsionSystem/.git/objects/68/89a9bbd2937f950678d446fa7b85e5000e1a89' -> 'sftp://os3-310-44666.vs.sakura.ne.jp/home/ubuntu/VPSsync/01-WorkspaceSync/modelica-shared/CustomLib/PropulsionSystem/.git/objects/68/89a9bbd2937f950678d446fa7b85e5000e1a89' (754)
2025-12-21 02:33:23: Copy New 'C:/Users/grabacr/VPSsync/01-WorkspaceSync/modelica-shared/CustomLib/PropulsionSystem/.git/objects/68/9797269b896aa1449bc9ddd0250fc003612019' -> 'sftp://os3-310-44666.vs.sakura.ne.jp/home/ubuntu/VPSsync/01-WorkspaceSync/modelica-shared/CustomLib/PropulsionSystem/.git/objects/68/9797269b896aa1449bc9ddd0250fc003612019' (939)
2025-12-21 02:33:23: Copy New 'C:/Users/grabacr/VPSsync/01-WorkspaceSync/modelica-shared/CustomLib/PropulsionSystem/.git/objects/68/ceeaa142058c9ac0b71a82aefc56bfe7a7c171' -> 'sftp://os3-310-44666.vs.sakura.ne.jp/home/ubuntu/VPSsync/01-WorkspaceSync/modelica-shared/CustomLib/PropulsionSystem/.git/objects/68/ceeaa142058c9ac0b71a82aefc56bfe7a7c171' (815)
2025-12-21 02:33:23: Copy New 'C:/Users/grabacr/VPSsync/01-WorkspaceSync/modelica-shared/CustomLib/PropulsionSystem/.git/objects/67/6bebedd2cc56cb2dbb483f05475712f8e10296' -> 'sftp://os3-310-44666.vs.sakura.ne.jp/home/ubuntu/VPSsync/01-WorkspaceSync/modelica-shared/CustomLib/PropulsionSystem/.git/objects/67/6bebedd2cc56cb2dbb483f05475712f8e10296' (938)
2025-12-21 02:33:24: Copy New 'C:/Users/grabacr/VPSsync/01-WorkspaceSync/modelica-shared/CustomLib/PropulsionSystem/.git/objects/69/661c8b0f9ad3db1c6f5d983610c4827b9950d3' -> 'sftp://os3-310-44666.vs.sakura.ne.jp/home/ubuntu/VPSsync/01-WorkspaceSync/modelica-shared/CustomLib/PropulsionSystem/.git/objects/69/661c8b0f9ad3db1c6f5d983610c4827b9950d3' (668)
2025-12-21 02:33:24: Copy New 'C:/Users/grabacr/VPSsync/01-WorkspaceSync/modelica-shared/CustomLib/PropulsionSystem/.git/objects/6a/0d8219f3603b2a715e2b8e37638aa2aaf699bf' -> 'sftp://os3-310-44666.vs.sakura.ne.jp/home/ubuntu/VPSsync/01-WorkspaceSync/modelica-shared/CustomLib/PropulsionSystem/.git/objects/6a/0d8219f3603b2a715e2b8e37638aa2aaf699bf' (783)
2025-12-21 02:33:24: Copy New 'C:/Users/grabacr/VPSsync/01-WorkspaceSync/modelica-shared/CustomLib/PropulsionSystem/.git/objects/69/742b7c51edb637fd4ec0f38265de606ec447bb' -> 'sftp://os3-310-44666.vs.sakura.ne.jp/home/ubuntu/VPSsync/01-WorkspaceSync/modelica-shared/CustomLib/PropulsionSystem/.git/objects/69/742b7c51edb637fd4ec0f38265de606ec447bb' (1,004)
2025-12-21 02:33:24: Copy New 'C:/Users/grabacr/VPSsync/01-WorkspaceSync/modelica-shared/CustomLib/PropulsionSystem/.git/objects/6d/75bb03aab6e7d776b3f646573e2efafc1baa3e' -> 'sftp://os3-310-44666.vs.sakura.ne.jp/home/ubuntu/VPSsync/01-WorkspaceSync/modelica-shared/CustomLib/PropulsionSystem/.git/objects/6d/75bb03aab6e7d776b3f646573e2efafc1baa3e' (667)
2025-12-21 02:33:24: Copy New 'C:/Users/grabacr/VPSsync/01-WorkspaceSync/modelica-shared/CustomLib/PropulsionSystem/.git/objects/6c/123d3ad3554afd2f0afbf19113fd7ba9202d59' -> 'sftp://os3-310-44666.vs.sakura.ne.jp/home/ubuntu/VPSsync/01-WorkspaceSync/modelica-shared/CustomLib/PropulsionSystem/.git/objects/6c/123d3ad3554afd2f0afbf19113fd7ba9202d59' (123)
2025-12-21 02:33:24: Copy New 'C:/Users/grabacr/VPSsync/01-WorkspaceSync/modelica-shared/CustomLib/PropulsionSystem/.git/objects/6c/7beca93ca1b7f43f0c421a4e17eacc5119dbe8' -> 'sftp://os3-310-44666.vs.sakura.ne.jp/home/ubuntu/VPSsync/01-WorkspaceSync/modelica-shared/CustomLib/PropulsionSystem/.git/objects/6c/7beca93ca1b7f43f0c421a4e17eacc5119dbe8' (135)
2025-12-21 02:33:24: Copy New 'C:/Users/grabacr/VPSsync/01-WorkspaceSync/modelica-shared/CustomLib/PropulsionSystem/.git/objects/6c/aa3ca5e82de2f13201f853afefb3b1a9b2ac7f' -> 'sftp://os3-310-44666.vs.sakura.ne.jp/home/ubuntu/VPSsync/01-WorkspaceSync/modelica-shared/CustomLib/PropulsionSystem/.git/objects/6c/aa3ca5e82de2f13201f853afefb3b1a9b2ac7f' (667)
2025-12-21 02:33:24: Copy New 'C:/Users/grabacr/VPSsync/01-WorkspaceSync/modelica-shared/CustomLib/PropulsionSystem/.git/objects/6e/6be51ea761e58e0b450413f774d09327c72d8d' -> 'sftp://os3-310-44666.vs.sakura.ne.jp/home/ubuntu/VPSsync/01-WorkspaceSync/modelica-shared/CustomLib/PropulsionSystem/.git/objects/6e/6be51ea761e58e0b450413f774d09327c72d8d' (1,007)
2025-12-21 02:33:24: Copy New 'C:/Users/grabacr/VPSsync/01-WorkspaceSync/modelica-shared/CustomLib/PropulsionSystem/.git/objects/6f/433cbd9eb4d720b0504aa3f16aa571d0625b86' -> 'sftp://os3-310-44666.vs.sakura.ne.jp/home/ubuntu/VPSsync/01-WorkspaceSync/modelica-shared/CustomLib/PropulsionSystem/.git/objects/6f/433cbd9eb4d720b0504aa3f16aa571d0625b86' (940)
2025-12-21 02:33:24: Copy New 'C:/Users/grabacr/VPSsync/01-WorkspaceSync/modelica-shared/CustomLib/PropulsionSystem/.git/objects/6e/cf97aa8ea1f5fe5c5a7f3b33fd41dafe63f656' -> 'sftp://os3-310-44666.vs.sakura.ne.jp/home/ubuntu/VPSsync/01-WorkspaceSync/modelica-shared/CustomLib/PropulsionSystem/.git/objects/6e/cf97aa8ea1f5fe5c5a7f3b33fd41dafe63f656' (1,041)
2025-12-21 02:33:24: Copy New 'C:/Users/grabacr/VPSsync/01-WorkspaceSync/modelica-shared/CustomLib/PropulsionSystem/.git/objects/71/da58f0dcaef13d7d42198339f891630efbb78c' -> 'sftp://os3-310-44666.vs.sakura.ne.jp/home/ubuntu/VPSsync/01-WorkspaceSync/modelica-shared/CustomLib/PropulsionSystem/.git/objects/71/da58f0dcaef13d7d42198339f891630efbb78c' (783)
2025-12-21 02:33:24: Copy New 'C:/Users/grabacr/VPSsync/01-WorkspaceSync/modelica-shared/CustomLib/PropulsionSystem/.git/objects/72/90bc096cf421e89ff638dc781ac8793155b5fb' -> 'sftp://os3-310-44666.vs.sakura.ne.jp/home/ubuntu/VPSsync/01-WorkspaceSync/modelica-shared/CustomLib/PropulsionSystem/.git/objects/72/90bc096cf421e89ff638dc781ac8793155b5fb' (784)
2025-12-21 02:33:24: Copy New 'C:/Users/grabacr/VPSsync/01-WorkspaceSync/modelica-shared/CustomLib/PropulsionSystem/.git/objects/72/f5c797cd343ca26937617f6c665e9d85860093' -> 'sftp://os3-310-44666.vs.sakura.ne.jp/home/ubuntu/VPSsync/01-WorkspaceSync/modelica-shared/CustomLib/PropulsionSystem/.git/objects/72/f5c797cd343ca26937617f6c665e9d85860093' (784)
2025-12-21 02:33:24: Copy New 'C:/Users/grabacr/VPSsync/01-WorkspaceSync/modelica-shared/CustomLib/PropulsionSystem/.git/objects/73/1c348c6ae45d3c3f66b05d449f12978eeadf4d' -> 'sftp://os3-310-44666.vs.sakura.ne.jp/home/ubuntu/VPSsync/01-WorkspaceSync/modelica-shared/CustomLib/PropulsionSystem/.git/objects/73/1c348c6ae45d3c3f66b05d449f12978eeadf4d' (937)
2025-12-21 02:33:24: Copy New 'C:/Users/grabacr/VPSsync/01-WorkspaceSync/modelica-shared/CustomLib/PropulsionSystem/.git/objects/74/04efaf92dc417a1ca958d4bf05f6f65c7dca27' -> 'sftp://os3-310-44666.vs.sakura.ne.jp/home/ubuntu/VPSsync/01-WorkspaceSync/modelica-shared/CustomLib/PropulsionSystem/.git/objects/74/04efaf92dc417a1ca958d4bf05f6f65c7dca27' (837)
2025-12-21 02:33:24: Copy New 'C:/Users/grabacr/VPSsync/01-WorkspaceSync/modelica-shared/CustomLib/PropulsionSystem/.git/objects/74/16d9b48d2bbfe028424cb2831e800fcb217636' -> 'sftp://os3-310-44666.vs.sakura.ne.jp/home/ubuntu/VPSsync/01-WorkspaceSync/modelica-shared/CustomLib/PropulsionSystem/.git/objects/74/16d9b48d2bbfe028424cb2831e800fcb217636' (935)
2025-12-21 02:33:24: Copy New 'C:/Users/grabacr/VPSsync/01-WorkspaceSync/modelica-shared/CustomLib/PropulsionSystem/.git/objects/74/9366f293e56b75ddf1bea4c12f8152123c24b2' -> 'sftp://os3-310-44666.vs.sakura.ne.jp/home/ubuntu/VPSsync/01-WorkspaceSync/modelica-shared/CustomLib/PropulsionSystem/.git/objects/74/9366f293e56b75ddf1bea4c12f8152123c24b2' (787)
2025-12-21 02:33:25: Copy New 'C:/Users/grabacr/VPSsync/01-WorkspaceSync/modelica-shared/CustomLib/PropulsionSystem/.git/objects/74/b976961ea2a4f2be10576c66ed87eb779dd3ae' -> 'sftp://os3-310-44666.vs.sakura.ne.jp/home/ubuntu/VPSsync/01-WorkspaceSync/modelica-shared/CustomLib/PropulsionSystem/.git/objects/74/b976961ea2a4f2be10576c66ed87eb779dd3ae' (175)
2025-12-21 02:33:25: Copy New 'C:/Users/grabacr/VPSsync/01-WorkspaceSync/modelica-shared/CustomLib/PropulsionSystem/.git/objects/73/d1a15f272f186745a698e692866c6e2385d170' -> 'sftp://os3-310-44666.vs.sakura.ne.jp/home/ubuntu/VPSsync/01-WorkspaceSync/modelica-shared/CustomLib/PropulsionSystem/.git/objects/73/d1a15f272f186745a698e692866c6e2385d170' (935)
2025-12-21 02:33:25: Copy New 'C:/Users/grabacr/VPSsync/01-WorkspaceSync/modelica-shared/CustomLib/PropulsionSystem/.git/objects/75/d2481bbb6a42153e21c77b8ed49692584962d5' -> 'sftp://os3-310-44666.vs.sakura.ne.jp/home/ubuntu/VPSsync/01-WorkspaceSync/modelica-shared/CustomLib/PropulsionSystem/.git/objects/75/d2481bbb6a42153e21c77b8ed49692584962d5' (667)
2025-12-21 02:33:25: Copy New 'C:/Users/grabacr/VPSsync/01-WorkspaceSync/modelica-shared/CustomLib/PropulsionSystem/.git/objects/76/8a0c619e1907a76ea931b7662d0e3647e6bac5' -> 'sftp://os3-310-44666.vs.sakura.ne.jp/home/ubuntu/VPSsync/01-WorkspaceSync/modelica-shared/CustomLib/PropulsionSystem/.git/objects/76/8a0c619e1907a76ea931b7662d0e3647e6bac5' (936)
2025-12-21 02:33:25: Copy New 'C:/Users/grabacr/VPSsync/01-WorkspaceSync/modelica-shared/CustomLib/PropulsionSystem/.git/objects/75/d2609d15d1e64d87b6fe16f12c63679ef1f866' -> 'sftp://os3-310-44666.vs.sakura.ne.jp/home/ubuntu/VPSsync/01-WorkspaceSync/modelica-shared/CustomLib/PropulsionSystem/.git/objects/75/d2609d15d1e64d87b6fe16f12c63679ef1f866' (842)
2025-12-21 02:33:25: Copy New 'C:/Users/grabacr/VPSsync/01-WorkspaceSync/modelica-shared/CustomLib/PropulsionSystem/.git/objects/77/ffd049c54ad9892544d419c7932489f3585106' -> 'sftp://os3-310-44666.vs.sakura.ne.jp/home/ubuntu/VPSsync/01-WorkspaceSync/modelica-shared/CustomLib/PropulsionSystem/.git/objects/77/ffd049c54ad9892544d419c7932489f3585106' (937)
2025-12-21 02:33:25: Copy New 'C:/Users/grabacr/VPSsync/01-WorkspaceSync/modelica-shared/CustomLib/PropulsionSystem/.git/objects/78/0ef1aa2b3c333f662d7c104f7aeba3ad649fea' -> 'sftp://os3-310-44666.vs.sakura.ne.jp/home/ubuntu/VPSsync/01-WorkspaceSync/modelica-shared/CustomLib/PropulsionSystem/.git/objects/78/0ef1aa2b3c333f662d7c104f7aeba3ad649fea' (937)
2025-12-21 02:33:25: Copy New 'C:/Users/grabacr/VPSsync/01-WorkspaceSync/modelica-shared/CustomLib/PropulsionSystem/.git/objects/79/160bed22c1822e017d87b808dc973723d7b445' -> 'sftp://os3-310-44666.vs.sakura.ne.jp/home/ubuntu/VPSsync/01-WorkspaceSync/modelica-shared/CustomLib/PropulsionSystem/.git/objects/79/160bed22c1822e017d87b808dc973723d7b445' (936)
2025-12-21 02:33:25: Copy New 'C:/Users/grabacr/VPSsync/01-WorkspaceSync/modelica-shared/CustomLib/PropulsionSystem/.git/objects/78/c43b05a189962705ed46c1f8877769d138cb93' -> 'sftp://os3-310-44666.vs.sakura.ne.jp/home/ubuntu/VPSsync/01-WorkspaceSync/modelica-shared/CustomLib/PropulsionSystem/.git/objects/78/c43b05a189962705ed46c1f8877769d138cb93' (57)
2025-12-21 02:33:25: Copy New 'C:/Users/grabacr/VPSsync/01-WorkspaceSync/modelica-shared/CustomLib/PropulsionSystem/.git/objects/7a/5206a9c71524a77f3da7de0ac4170c8370b872' -> 'sftp://os3-310-44666.vs.sakura.ne.jp/home/ubuntu/VPSsync/01-WorkspaceSync/modelica-shared/CustomLib/PropulsionSystem/.git/objects/7a/5206a9c71524a77f3da7de0ac4170c8370b872' (936)
2025-12-21 02:33:25: Copy New 'C:/Users/grabacr/VPSsync/01-WorkspaceSync/modelica-shared/CustomLib/PropulsionSystem/.git/objects/7a/e2da600bb9c8f7a8ab477ecd6fb7a517aeeedb' -> 'sftp://os3-310-44666.vs.sakura.ne.jp/home/ubuntu/VPSsync/01-WorkspaceSync/modelica-shared/CustomLib/PropulsionSystem/.git/objects/7a/e2da600bb9c8f7a8ab477ecd6fb7a517aeeedb' (667)
2025-12-21 02:33:25: Copy New 'C:/Users/grabacr/VPSsync/01-WorkspaceSync/modelica-shared/CustomLib/PropulsionSystem/.git/objects/7c/9db15a7992b0517bd1269410d13a7e49509be0' -> 'sftp://os3-310-44666.vs.sakura.ne.jp/home/ubuntu/VPSsync/01-WorkspaceSync/modelica-shared/CustomLib/PropulsionSystem/.git/objects/7c/9db15a7992b0517bd1269410d13a7e49509be0' (671)
2025-12-21 02:33:25: Copy New 'C:/Users/grabacr/VPSsync/01-WorkspaceSync/modelica-shared/CustomLib/PropulsionSystem/.git/objects/7d/8055dac1db17893fcbab45ff051879dde7b0a7' -> 'sftp://os3-310-44666.vs.sakura.ne.jp/home/ubuntu/VPSsync/01-WorkspaceSync/modelica-shared/CustomLib/PropulsionSystem/.git/objects/7d/8055dac1db17893fcbab45ff051879dde7b0a7' (583)
2025-12-21 02:33:25: Copy New 'C:/Users/grabacr/VPSsync/01-WorkspaceSync/modelica-shared/CustomLib/PropulsionSystem/.git/objects/7c/d8f1db89af02788b2ee2e1dff8d74020a2a05f' -> 'sftp://os3-310-44666.vs.sakura.ne.jp/home/ubuntu/VPSsync/01-WorkspaceSync/modelica-shared/CustomLib/PropulsionSystem/.git/objects/7c/d8f1db89af02788b2ee2e1dff8d74020a2a05f' (668)
2025-12-21 02:33:25: Copy New 'C:/Users/grabacr/VPSsync/01-WorkspaceSync/modelica-shared/CustomLib/PropulsionSystem/.git/objects/7e/d2d4f9e734001a2fdc90b93c291ea500ff81d6' -> 'sftp://os3-310-44666.vs.sakura.ne.jp/home/ubuntu/VPSsync/01-WorkspaceSync/modelica-shared/CustomLib/PropulsionSystem/.git/objects/7e/d2d4f9e734001a2fdc90b93c291ea500ff81d6' (1,005)
2025-12-21 02:33:25: Copy New 'C:/Users/grabacr/VPSsync/01-WorkspaceSync/modelica-shared/CustomLib/PropulsionSystem/.git/objects/7f/4905277971078b7f50963c90acf1c18e4b23a3' -> 'sftp://os3-310-44666.vs.sakura.ne.jp/home/ubuntu/VPSsync/01-WorkspaceSync/modelica-shared/CustomLib/PropulsionSystem/.git/objects/7f/4905277971078b7f50963c90acf1c18e4b23a3' (784)
2025-12-21 02:33:25: Copy New 'C:/Users/grabacr/VPSsync/01-WorkspaceSync/modelica-shared/CustomLib/PropulsionSystem/.git/objects/7f/4d0f99c9773245d89a0b516b8abf19d11fbaf3' -> 'sftp://os3-310-44666.vs.sakura.ne.jp/home/ubuntu/VPSsync/01-WorkspaceSync/modelica-shared/CustomLib/PropulsionSystem/.git/objects/7f/4d0f99c9773245d89a0b516b8abf19d11fbaf3' (668)
2025-12-21 02:33:25: Copy New 'C:/Users/grabacr/VPSsync/01-WorkspaceSync/modelica-shared/CustomLib/PropulsionSystem/.git/objects/7f/88cc61651d49bec0de7a4fb996c969cca6b5b3' -> 'sftp://os3-310-44666.vs.sakura.ne.jp/home/ubuntu/VPSsync/01-WorkspaceSync/modelica-shared/CustomLib/PropulsionSystem/.git/objects/7f/88cc61651d49bec0de7a4fb996c969cca6b5b3' (674)
2025-12-21 02:33:26: Copy New 'C:/Users/grabacr/VPSsync/01-WorkspaceSync/modelica-shared/CustomLib/PropulsionSystem/.git/objects/81/e533798c3532ba7f90ec69de2becfb74303a97' -> 'sftp://os3-310-44666.vs.sakura.ne.jp/home/ubuntu/VPSsync/01-WorkspaceSync/modelica-shared/CustomLib/PropulsionSystem/.git/objects/81/e533798c3532ba7f90ec69de2becfb74303a97' (788)
2025-12-21 02:33:26: Copy New 'C:/Users/grabacr/VPSsync/01-WorkspaceSync/modelica-shared/CustomLib/PropulsionSystem/.git/objects/81/158cd4d5141c24d122cb45fd38791c959c3028' -> 'sftp://os3-310-44666.vs.sakura.ne.jp/home/ubuntu/VPSsync/01-WorkspaceSync/modelica-shared/CustomLib/PropulsionSystem/.git/objects/81/158cd4d5141c24d122cb45fd38791c959c3028' (675)
2025-12-21 02:33:26: Copy New 'C:/Users/grabacr/VPSsync/01-WorkspaceSync/modelica-shared/CustomLib/PropulsionSystem/.git/objects/82/27c855ea9b166e0f3a235fc824117d69961549' -> 'sftp://os3-310-44666.vs.sakura.ne.jp/home/ubuntu/VPSsync/01-WorkspaceSync/modelica-shared/CustomLib/PropulsionSystem/.git/objects/82/27c855ea9b166e0f3a235fc824117d69961549' (668)
2025-12-21 02:33:26: Copy New 'C:/Users/grabacr/VPSsync/01-WorkspaceSync/modelica-shared/CustomLib/PropulsionSystem/.git/objects/82/c17217a6cf70725459f246b5c18b640aa468ef' -> 'sftp://os3-310-44666.vs.sakura.ne.jp/home/ubuntu/VPSsync/01-WorkspaceSync/modelica-shared/CustomLib/PropulsionSystem/.git/objects/82/c17217a6cf70725459f246b5c18b640aa468ef' (785)
2025-12-21 02:33:26: Copy New 'C:/Users/grabacr/VPSsync/01-WorkspaceSync/modelica-shared/CustomLib/PropulsionSystem/.git/objects/82/f3fa2543c39916445fcb91e83c7ac1aff4a0ce' -> 'sftp://os3-310-44666.vs.sakura.ne.jp/home/ubuntu/VPSsync/01-WorkspaceSync/modelica-shared/CustomLib/PropulsionSystem/.git/objects/82/f3fa2543c39916445fcb91e83c7ac1aff4a0ce' (940)
2025-12-21 02:33:26: Copy New 'C:/Users/grabacr/VPSsync/01-WorkspaceSync/modelica-shared/CustomLib/PropulsionSystem/.git/objects/81/f6fc40428b4759f7cc25652e7395b4844753d0' -> 'sftp://os3-310-44666.vs.sakura.ne.jp/home/ubuntu/VPSsync/01-WorkspaceSync/modelica-shared/CustomLib/PropulsionSystem/.git/objects/81/f6fc40428b4759f7cc25652e7395b4844753d0' (787)
2025-12-21 02:33:26: Copy New 'C:/Users/grabacr/VPSsync/01-WorkspaceSync/modelica-shared/CustomLib/PropulsionSystem/.git/objects/80/20f2cabad6f9eb1ebd4417b939e13bf91be9f8' -> 'sftp://os3-310-44666.vs.sakura.ne.jp/home/ubuntu/VPSsync/01-WorkspaceSync/modelica-shared/CustomLib/PropulsionSystem/.git/objects/80/20f2cabad6f9eb1ebd4417b939e13bf91be9f8' (670)
2025-12-21 02:33:26: Copy New 'C:/Users/grabacr/VPSsync/01-WorkspaceSync/modelica-shared/CustomLib/PropulsionSystem/.git/objects/83/0b20b1c1376a096904ffcf3e68707197e289b3' -> 'sftp://os3-310-44666.vs.sakura.ne.jp/home/ubuntu/VPSsync/01-WorkspaceSync/modelica-shared/CustomLib/PropulsionSystem/.git/objects/83/0b20b1c1376a096904ffcf3e68707197e289b3' (362)
2025-12-21 02:33:26: Copy New 'C:/Users/grabacr/VPSsync/01-WorkspaceSync/modelica-shared/CustomLib/PropulsionSystem/.git/objects/84/54a0107d75246557067756949a83ca0c2b052d' -> 'sftp://os3-310-44666.vs.sakura.ne.jp/home/ubuntu/VPSsync/01-WorkspaceSync/modelica-shared/CustomLib/PropulsionSystem/.git/objects/84/54a0107d75246557067756949a83ca0c2b052d' (575)
2025-12-21 02:33:26: Copy New 'C:/Users/grabacr/VPSsync/01-WorkspaceSync/modelica-shared/CustomLib/PropulsionSystem/.git/objects/84/649c0746ac17ff41892a5ac186679e90da19c8' -> 'sftp://os3-310-44666.vs.sakura.ne.jp/home/ubuntu/VPSsync/01-WorkspaceSync/modelica-shared/CustomLib/PropulsionSystem/.git/objects/84/649c0746ac17ff41892a5ac186679e90da19c8' (667)
2025-12-21 02:33:26: Copy New 'C:/Users/grabacr/VPSsync/01-WorkspaceSync/modelica-shared/CustomLib/PropulsionSystem/.git/objects/83/6ced89426ac237e81b62f0a55687296a82be4a' -> 'sftp://os3-310-44666.vs.sakura.ne.jp/home/ubuntu/VPSsync/01-WorkspaceSync/modelica-shared/CustomLib/PropulsionSystem/.git/objects/83/6ced89426ac237e81b62f0a55687296a82be4a' (936)
2025-12-21 02:33:26: Copy New 'C:/Users/grabacr/VPSsync/01-WorkspaceSync/modelica-shared/CustomLib/PropulsionSystem/.git/objects/85/5973c9d8c5ba30f4019c4482ce8c6922ab88b0' -> 'sftp://os3-310-44666.vs.sakura.ne.jp/home/ubuntu/VPSsync/01-WorkspaceSync/modelica-shared/CustomLib/PropulsionSystem/.git/objects/85/5973c9d8c5ba30f4019c4482ce8c6922ab88b0' (888)
2025-12-21 02:33:26: Copy New 'C:/Users/grabacr/VPSsync/01-WorkspaceSync/modelica-shared/CustomLib/PropulsionSystem/.git/objects/86/0b937bf3e8aecc6b32072dc33afe9d5748c70d' -> 'sftp://os3-310-44666.vs.sakura.ne.jp/home/ubuntu/VPSsync/01-WorkspaceSync/modelica-shared/CustomLib/PropulsionSystem/.git/objects/86/0b937bf3e8aecc6b32072dc33afe9d5748c70d' (782)
2025-12-21 02:33:26: Copy New 'C:/Users/grabacr/VPSsync/01-WorkspaceSync/modelica-shared/CustomLib/PropulsionSystem/.git/objects/86/2a0893eb6620a1e728bec93d58e7df61128946' -> 'sftp://os3-310-44666.vs.sakura.ne.jp/home/ubuntu/VPSsync/01-WorkspaceSync/modelica-shared/CustomLib/PropulsionSystem/.git/objects/86/2a0893eb6620a1e728bec93d58e7df61128946' (937)
2025-12-21 02:33:26: Copy New 'C:/Users/grabacr/VPSsync/01-WorkspaceSync/modelica-shared/CustomLib/PropulsionSystem/.git/objects/86/412d9768af4d24026938a7d694e54717d306a8' -> 'sftp://os3-310-44666.vs.sakura.ne.jp/home/ubuntu/VPSsync/01-WorkspaceSync/modelica-shared/CustomLib/PropulsionSystem/.git/objects/86/412d9768af4d24026938a7d694e54717d306a8' (939)
2025-12-21 02:33:26: Copy New 'C:/Users/grabacr/VPSsync/01-WorkspaceSync/modelica-shared/CustomLib/PropulsionSystem/.git/objects/85/7f942580bd512350bd6e6715394dd3de5abb44' -> 'sftp://os3-310-44666.vs.sakura.ne.jp/home/ubuntu/VPSsync/01-WorkspaceSync/modelica-shared/CustomLib/PropulsionSystem/.git/objects/85/7f942580bd512350bd6e6715394dd3de5abb44' (935)
2025-12-21 02:33:26: Copy New 'C:/Users/grabacr/VPSsync/01-WorkspaceSync/modelica-shared/CustomLib/PropulsionSystem/.git/objects/85/b1166cb0b23bb329c23c33a68ef96cdac12b53' -> 'sftp://os3-310-44666.vs.sakura.ne.jp/home/ubuntu/VPSsync/01-WorkspaceSync/modelica-shared/CustomLib/PropulsionSystem/.git/objects/85/b1166cb0b23bb329c23c33a68ef96cdac12b53' (780)
2025-12-21 02:33:27: Copy New 'C:/Users/grabacr/VPSsync/01-WorkspaceSync/modelica-shared/CustomLib/PropulsionSystem/.git/objects/88/1600efa41f47ca44a307d994ff4cfa959e434b' -> 'sftp://os3-310-44666.vs.sakura.ne.jp/home/ubuntu/VPSsync/01-WorkspaceSync/modelica-shared/CustomLib/PropulsionSystem/.git/objects/88/1600efa41f47ca44a307d994ff4cfa959e434b' (936)
2025-12-21 02:33:27: Copy New 'C:/Users/grabacr/VPSsync/01-WorkspaceSync/modelica-shared/CustomLib/PropulsionSystem/.git/objects/88/9429f49a894202088b7d73f386650fb126ea3f' -> 'sftp://os3-310-44666.vs.sakura.ne.jp/home/ubuntu/VPSsync/01-WorkspaceSync/modelica-shared/CustomLib/PropulsionSystem/.git/objects/88/9429f49a894202088b7d73f386650fb126ea3f' (787)
2025-12-21 02:33:27: Copy New 'C:/Users/grabacr/VPSsync/01-WorkspaceSync/modelica-shared/CustomLib/PropulsionSystem/.git/objects/85/d6a93beb3b978d4a228f7f57b89c7f38dea241' -> 'sftp://os3-310-44666.vs.sakura.ne.jp/home/ubuntu/VPSsync/01-WorkspaceSync/modelica-shared/CustomLib/PropulsionSystem/.git/objects/85/d6a93beb3b978d4a228f7f57b89c7f38dea241' (42)
2025-12-21 02:33:27: Copy New 'C:/Users/grabacr/VPSsync/01-WorkspaceSync/modelica-shared/CustomLib/PropulsionSystem/.git/objects/87/2cc2eed9fdc7ad2a3c3d53dcb688472132249d' -> 'sftp://os3-310-44666.vs.sakura.ne.jp/home/ubuntu/VPSsync/01-WorkspaceSync/modelica-shared/CustomLib/PropulsionSystem/.git/objects/87/2cc2eed9fdc7ad2a3c3d53dcb688472132249d' (668)
2025-12-21 02:33:27: Copy New 'C:/Users/grabacr/VPSsync/01-WorkspaceSync/modelica-shared/CustomLib/PropulsionSystem/.git/objects/87/3372f5383d54e622270dfda6885200e7585992' -> 'sftp://os3-310-44666.vs.sakura.ne.jp/home/ubuntu/VPSsync/01-WorkspaceSync/modelica-shared/CustomLib/PropulsionSystem/.git/objects/87/3372f5383d54e622270dfda6885200e7585992' (937)
2025-12-21 02:33:27: Copy New 'C:/Users/grabacr/VPSsync/01-WorkspaceSync/modelica-shared/CustomLib/PropulsionSystem/.git/objects/89/23f16859c84382e92535ff579f98261b09c665' -> 'sftp://os3-310-44666.vs.sakura.ne.jp/home/ubuntu/VPSsync/01-WorkspaceSync/modelica-shared/CustomLib/PropulsionSystem/.git/objects/89/23f16859c84382e92535ff579f98261b09c665' (668)
2025-12-21 02:33:27: Copy New 'C:/Users/grabacr/VPSsync/01-WorkspaceSync/modelica-shared/CustomLib/PropulsionSystem/.git/objects/89/8e12dee16c2ca60ff1819b6af2bf861769574d' -> 'sftp://os3-310-44666.vs.sakura.ne.jp/home/ubuntu/VPSsync/01-WorkspaceSync/modelica-shared/CustomLib/PropulsionSystem/.git/objects/89/8e12dee16c2ca60ff1819b6af2bf861769574d' (667)
2025-12-21 02:33:27: Copy New 'C:/Users/grabacr/VPSsync/01-WorkspaceSync/modelica-shared/CustomLib/PropulsionSystem/.git/objects/8b/07b68f48c32f3d06c45344e14a33cd96f1e9c8' -> 'sftp://os3-310-44666.vs.sakura.ne.jp/home/ubuntu/VPSsync/01-WorkspaceSync/modelica-shared/CustomLib/PropulsionSystem/.git/objects/8b/07b68f48c32f3d06c45344e14a33cd96f1e9c8' (553)
2025-12-21 02:33:27: Copy New 'C:/Users/grabacr/VPSsync/01-WorkspaceSync/modelica-shared/CustomLib/PropulsionSystem/.git/objects/8a/7998b657249f94343a034507fcb86c2d5b5a97' -> 'sftp://os3-310-44666.vs.sakura.ne.jp/home/ubuntu/VPSsync/01-WorkspaceSync/modelica-shared/CustomLib/PropulsionSystem/.git/objects/8a/7998b657249f94343a034507fcb86c2d5b5a97' (666)
2025-12-21 02:33:27: Copy New 'C:/Users/grabacr/VPSsync/01-WorkspaceSync/modelica-shared/CustomLib/PropulsionSystem/.git/objects/8a/b271dc2b218afb7849fb1db44135fbba3514a0' -> 'sftp://os3-310-44666.vs.sakura.ne.jp/home/ubuntu/VPSsync/01-WorkspaceSync/modelica-shared/CustomLib/PropulsionSystem/.git/objects/8a/b271dc2b218afb7849fb1db44135fbba3514a0' (786)
2025-12-21 02:33:27: Copy New 'C:/Users/grabacr/VPSsync/01-WorkspaceSync/modelica-shared/CustomLib/PropulsionSystem/.git/objects/8c/affe707cbfd79ea8c26a4219801d8da8e7b976' -> 'sftp://os3-310-44666.vs.sakura.ne.jp/home/ubuntu/VPSsync/01-WorkspaceSync/modelica-shared/CustomLib/PropulsionSystem/.git/objects/8c/affe707cbfd79ea8c26a4219801d8da8e7b976' (787)
2025-12-21 02:33:27: Copy New 'C:/Users/grabacr/VPSsync/01-WorkspaceSync/modelica-shared/CustomLib/PropulsionSystem/.git/objects/8a/c0b02a281f4579f6e95ba2b6bf150cd6333433' -> 'sftp://os3-310-44666.vs.sakura.ne.jp/home/ubuntu/VPSsync/01-WorkspaceSync/modelica-shared/CustomLib/PropulsionSystem/.git/objects/8a/c0b02a281f4579f6e95ba2b6bf150cd6333433' (936)
2025-12-21 02:33:27: Copy New 'C:/Users/grabacr/VPSsync/01-WorkspaceSync/modelica-shared/CustomLib/PropulsionSystem/.git/objects/8c/ec877eb9c23e742a93e3cbf122369a159d843b' -> 'sftp://os3-310-44666.vs.sakura.ne.jp/home/ubuntu/VPSsync/01-WorkspaceSync/modelica-shared/CustomLib/PropulsionSystem/.git/objects/8c/ec877eb9c23e742a93e3cbf122369a159d843b' (783)
2025-12-21 02:33:27: Copy New 'C:/Users/grabacr/VPSsync/01-WorkspaceSync/modelica-shared/CustomLib/PropulsionSystem/.git/objects/8f/0566fdaa51320c2ad86c06682582bb279bcbd8' -> 'sftp://os3-310-44666.vs.sakura.ne.jp/home/ubuntu/VPSsync/01-WorkspaceSync/modelica-shared/CustomLib/PropulsionSystem/.git/objects/8f/0566fdaa51320c2ad86c06682582bb279bcbd8' (937)
2025-12-21 02:33:27: Copy New 'C:/Users/grabacr/VPSsync/01-WorkspaceSync/modelica-shared/CustomLib/PropulsionSystem/.git/objects/8d/743e272fe46e4ff5da043ebbb706ec24b9a867' -> 'sftp://os3-310-44666.vs.sakura.ne.jp/home/ubuntu/VPSsync/01-WorkspaceSync/modelica-shared/CustomLib/PropulsionSystem/.git/objects/8d/743e272fe46e4ff5da043ebbb706ec24b9a867' (139)
2025-12-21 02:33:27: Copy New 'C:/Users/grabacr/VPSsync/01-WorkspaceSync/modelica-shared/CustomLib/PropulsionSystem/.git/objects/8f/d76e6c27ea7801134b578f2d03e3696d8f4ad7' -> 'sftp://os3-310-44666.vs.sakura.ne.jp/home/ubuntu/VPSsync/01-WorkspaceSync/modelica-shared/CustomLib/PropulsionSystem/.git/objects/8f/d76e6c27ea7801134b578f2d03e3696d8f4ad7' (667)
2025-12-21 02:33:27: Copy New 'C:/Users/grabacr/VPSsync/01-WorkspaceSync/modelica-shared/CustomLib/PropulsionSystem/.git/objects/90/008f98a51352a8f4760aed54110c2a63738ffb' -> 'sftp://os3-310-44666.vs.sakura.ne.jp/home/ubuntu/VPSsync/01-WorkspaceSync/modelica-shared/CustomLib/PropulsionSystem/.git/objects/90/008f98a51352a8f4760aed54110c2a63738ffb' (128)
2025-12-21 02:33:27: Copy New 'C:/Users/grabacr/VPSsync/01-WorkspaceSync/modelica-shared/CustomLib/PropulsionSystem/.git/objects/91/03b361d9cf3595bb61ceeb8c5b2c65ceaabd60' -> 'sftp://os3-310-44666.vs.sakura.ne.jp/home/ubuntu/VPSsync/01-WorkspaceSync/modelica-shared/CustomLib/PropulsionSystem/.git/objects/91/03b361d9cf3595bb61ceeb8c5b2c65ceaabd60' (786)
2025-12-21 02:33:28: Copy New 'C:/Users/grabacr/VPSsync/01-WorkspaceSync/modelica-shared/CustomLib/PropulsionSystem/.git/objects/92/299ddd603fedb9cc5ab20efbd89e3d72808e38' -> 'sftp://os3-310-44666.vs.sakura.ne.jp/home/ubuntu/VPSsync/01-WorkspaceSync/modelica-shared/CustomLib/PropulsionSystem/.git/objects/92/299ddd603fedb9cc5ab20efbd89e3d72808e38' (788)
2025-12-21 02:33:28: Copy New 'C:/Users/grabacr/VPSsync/01-WorkspaceSync/modelica-shared/CustomLib/PropulsionSystem/.git/objects/92/dde2a0265affec33eff8fc6f8c6bc2a0e49dc3' -> 'sftp://os3-310-44666.vs.sakura.ne.jp/home/ubuntu/VPSsync/01-WorkspaceSync/modelica-shared/CustomLib/PropulsionSystem/.git/objects/92/dde2a0265affec33eff8fc6f8c6bc2a0e49dc3' (789)
2025-12-21 02:33:28: Copy New 'C:/Users/grabacr/VPSsync/01-WorkspaceSync/modelica-shared/CustomLib/PropulsionSystem/.git/objects/90/d4056bd079d307514c6ac56181aa4e3258070e' -> 'sftp://os3-310-44666.vs.sakura.ne.jp/home/ubuntu/VPSsync/01-WorkspaceSync/modelica-shared/CustomLib/PropulsionSystem/.git/objects/90/d4056bd079d307514c6ac56181aa4e3258070e' (840)
2025-12-21 02:33:28: Copy New 'C:/Users/grabacr/VPSsync/01-WorkspaceSync/modelica-shared/CustomLib/PropulsionSystem/.git/objects/93/52bd6d4a784767c06d73049faed8c16559bd8a' -> 'sftp://os3-310-44666.vs.sakura.ne.jp/home/ubuntu/VPSsync/01-WorkspaceSync/modelica-shared/CustomLib/PropulsionSystem/.git/objects/93/52bd6d4a784767c06d73049faed8c16559bd8a' (937)
2025-12-21 02:33:28: Copy New 'C:/Users/grabacr/VPSsync/01-WorkspaceSync/modelica-shared/CustomLib/PropulsionSystem/.git/objects/94/30dc76a1cdbdfe2cd8aa6d92afe6393332e1e9' -> 'sftp://os3-310-44666.vs.sakura.ne.jp/home/ubuntu/VPSsync/01-WorkspaceSync/modelica-shared/CustomLib/PropulsionSystem/.git/objects/94/30dc76a1cdbdfe2cd8aa6d92afe6393332e1e9' (667)
2025-12-21 02:33:28: Copy New 'C:/Users/grabacr/VPSsync/01-WorkspaceSync/modelica-shared/CustomLib/PropulsionSystem/.git/objects/94/66027d5901afc187a0e9876c708db77b9f00a8' -> 'sftp://os3-310-44666.vs.sakura.ne.jp/home/ubuntu/VPSsync/01-WorkspaceSync/modelica-shared/CustomLib/PropulsionSystem/.git/objects/94/66027d5901afc187a0e9876c708db77b9f00a8' (838)
2025-12-21 02:33:28: Copy New 'C:/Users/grabacr/VPSsync/01-WorkspaceSync/modelica-shared/CustomLib/PropulsionSystem/.git/objects/93/5ab6bcf99f82dbba0e47c7c7561d8a6a998327' -> 'sftp://os3-310-44666.vs.sakura.ne.jp/home/ubuntu/VPSsync/01-WorkspaceSync/modelica-shared/CustomLib/PropulsionSystem/.git/objects/93/5ab6bcf99f82dbba0e47c7c7561d8a6a998327' (787)
2025-12-21 02:33:28: Copy New 'C:/Users/grabacr/VPSsync/01-WorkspaceSync/modelica-shared/CustomLib/PropulsionSystem/.git/objects/93/7ffc1f859927e8bb51eb9fad56a4aca98ba907' -> 'sftp://os3-310-44666.vs.sakura.ne.jp/home/ubuntu/VPSsync/01-WorkspaceSync/modelica-shared/CustomLib/PropulsionSystem/.git/objects/93/7ffc1f859927e8bb51eb9fad56a4aca98ba907' (787)
2025-12-21 02:33:28: Copy New 'C:/Users/grabacr/VPSsync/01-WorkspaceSync/modelica-shared/CustomLib/PropulsionSystem/.git/objects/93/a50da87bf93071cb0314bb0e88e15767e24ec4' -> 'sftp://os3-310-44666.vs.sakura.ne.jp/home/ubuntu/VPSsync/01-WorkspaceSync/modelica-shared/CustomLib/PropulsionSystem/.git/objects/93/a50da87bf93071cb0314bb0e88e15767e24ec4' (1,004)
2025-12-21 02:33:28: Copy New 'C:/Users/grabacr/VPSsync/01-WorkspaceSync/modelica-shared/CustomLib/PropulsionSystem/.git/objects/95/0a7919ff50b02ab3e81f0820be4aec925d0748' -> 'sftp://os3-310-44666.vs.sakura.ne.jp/home/ubuntu/VPSsync/01-WorkspaceSync/modelica-shared/CustomLib/PropulsionSystem/.git/objects/95/0a7919ff50b02ab3e81f0820be4aec925d0748' (790)
2025-12-21 02:33:28: Copy New 'C:/Users/grabacr/VPSsync/01-WorkspaceSync/modelica-shared/CustomLib/PropulsionSystem/.git/objects/96/5f6a296e20004eead32c2f6f7a564a3b1e2c36' -> 'sftp://os3-310-44666.vs.sakura.ne.jp/home/ubuntu/VPSsync/01-WorkspaceSync/modelica-shared/CustomLib/PropulsionSystem/.git/objects/96/5f6a296e20004eead32c2f6f7a564a3b1e2c36' (2,146)
2025-12-21 02:33:28: Copy New 'C:/Users/grabacr/VPSsync/01-WorkspaceSync/modelica-shared/CustomLib/PropulsionSystem/.git/objects/95/17930c918a7277e732648caf94b9606789d51f' -> 'sftp://os3-310-44666.vs.sakura.ne.jp/home/ubuntu/VPSsync/01-WorkspaceSync/modelica-shared/CustomLib/PropulsionSystem/.git/objects/95/17930c918a7277e732648caf94b9606789d51f' (937)
2025-12-21 02:33:28: Copy New 'C:/Users/grabacr/VPSsync/01-WorkspaceSync/modelica-shared/CustomLib/PropulsionSystem/.git/objects/95/bf835a6c624ea696b58a30f5adee762bf58339' -> 'sftp://os3-310-44666.vs.sakura.ne.jp/home/ubuntu/VPSsync/01-WorkspaceSync/modelica-shared/CustomLib/PropulsionSystem/.git/objects/95/bf835a6c624ea696b58a30f5adee762bf58339' (535)
2025-12-21 02:33:28: Copy New 'C:/Users/grabacr/VPSsync/01-WorkspaceSync/modelica-shared/CustomLib/PropulsionSystem/.git/objects/97/72ce26c92e4ed118e104c5ebccee0ae742244b' -> 'sftp://os3-310-44666.vs.sakura.ne.jp/home/ubuntu/VPSsync/01-WorkspaceSync/modelica-shared/CustomLib/PropulsionSystem/.git/objects/97/72ce26c92e4ed118e104c5ebccee0ae742244b' (937)
2025-12-21 02:33:28: Copy New 'C:/Users/grabacr/VPSsync/01-WorkspaceSync/modelica-shared/CustomLib/PropulsionSystem/.git/objects/98/07e81ce95e1ccbf88cdc2e95f1924afa921b43' -> 'sftp://os3-310-44666.vs.sakura.ne.jp/home/ubuntu/VPSsync/01-WorkspaceSync/modelica-shared/CustomLib/PropulsionSystem/.git/objects/98/07e81ce95e1ccbf88cdc2e95f1924afa921b43' (669)
2025-12-21 02:33:28: Copy New 'C:/Users/grabacr/VPSsync/01-WorkspaceSync/modelica-shared/CustomLib/PropulsionSystem/.git/objects/98/5e24ee628e5af7bb5f18bcd4b6ff295ad0c748' -> 'sftp://os3-310-44666.vs.sakura.ne.jp/home/ubuntu/VPSsync/01-WorkspaceSync/modelica-shared/CustomLib/PropulsionSystem/.git/objects/98/5e24ee628e5af7bb5f18bcd4b6ff295ad0c748' (788)
2025-12-21 02:33:28: Copy New 'C:/Users/grabacr/VPSsync/01-WorkspaceSync/modelica-shared/CustomLib/PropulsionSystem/.git/objects/98/8921e25257768c71b89eefcef2e325e7682f52' -> 'sftp://os3-310-44666.vs.sakura.ne.jp/home/ubuntu/VPSsync/01-WorkspaceSync/modelica-shared/CustomLib/PropulsionSystem/.git/objects/98/8921e25257768c71b89eefcef2e325e7682f52' (940)
2025-12-21 02:33:28: Copy New 'C:/Users/grabacr/VPSsync/01-WorkspaceSync/modelica-shared/CustomLib/PropulsionSystem/.git/objects/97/c8b8eb7f33393db38e44c68e522bec374db9f3' -> 'sftp://os3-310-44666.vs.sakura.ne.jp/home/ubuntu/VPSsync/01-WorkspaceSync/modelica-shared/CustomLib/PropulsionSystem/.git/objects/97/c8b8eb7f33393db38e44c68e522bec374db9f3' (939)
2025-12-21 02:33:28: Copy New 'C:/Users/grabacr/VPSsync/01-WorkspaceSync/modelica-shared/CustomLib/PropulsionSystem/.git/objects/97/ef7c6e3508eeb3ac668200e10427498ae4830b' -> 'sftp://os3-310-44666.vs.sakura.ne.jp/home/ubuntu/VPSsync/01-WorkspaceSync/modelica-shared/CustomLib/PropulsionSystem/.git/objects/97/ef7c6e3508eeb3ac668200e10427498ae4830b' (936)
2025-12-21 02:33:28: Copy New 'C:/Users/grabacr/VPSsync/01-WorkspaceSync/modelica-shared/CustomLib/PropulsionSystem/.git/objects/9a/562e7c3c7530abd09183a813a5ddc9971984ef' -> 'sftp://os3-310-44666.vs.sakura.ne.jp/home/ubuntu/VPSsync/01-WorkspaceSync/modelica-shared/CustomLib/PropulsionSystem/.git/objects/9a/562e7c3c7530abd09183a813a5ddc9971984ef' (787)
2025-12-21 02:33:29: Copy New 'C:/Users/grabacr/VPSsync/01-WorkspaceSync/modelica-shared/CustomLib/PropulsionSystem/.git/objects/9b/1e9f5cd28c393f4598cebd60b9be42179d9bd8' -> 'sftp://os3-310-44666.vs.sakura.ne.jp/home/ubuntu/VPSsync/01-WorkspaceSync/modelica-shared/CustomLib/PropulsionSystem/.git/objects/9b/1e9f5cd28c393f4598cebd60b9be42179d9bd8' (938)
2025-12-21 02:33:29: Copy New 'C:/Users/grabacr/VPSsync/01-WorkspaceSync/modelica-shared/CustomLib/PropulsionSystem/.git/objects/9b/cc9b6d1891cb6457f9e272a7613a2c3ca50494' -> 'sftp://os3-310-44666.vs.sakura.ne.jp/home/ubuntu/VPSsync/01-WorkspaceSync/modelica-shared/CustomLib/PropulsionSystem/.git/objects/9b/cc9b6d1891cb6457f9e272a7613a2c3ca50494' (668)
2025-12-21 02:33:29: Copy New 'C:/Users/grabacr/VPSsync/01-WorkspaceSync/modelica-shared/CustomLib/PropulsionSystem/.git/objects/9b/f4ef4310fb2b3a73a098b570e2fc2eaeb2751d' -> 'sftp://os3-310-44666.vs.sakura.ne.jp/home/ubuntu/VPSsync/01-WorkspaceSync/modelica-shared/CustomLib/PropulsionSystem/.git/objects/9b/f4ef4310fb2b3a73a098b570e2fc2eaeb2751d' (669)
2025-12-21 02:33:29: Copy New 'C:/Users/grabacr/VPSsync/01-WorkspaceSync/modelica-shared/CustomLib/PropulsionSystem/.git/objects/9a/9e01775fbb8f04022a40f54f4dab9c1a1a7f30' -> 'sftp://os3-310-44666.vs.sakura.ne.jp/home/ubuntu/VPSsync/01-WorkspaceSync/modelica-shared/CustomLib/PropulsionSystem/.git/objects/9a/9e01775fbb8f04022a40f54f4dab9c1a1a7f30' (936)
2025-12-21 02:33:29: Copy New 'C:/Users/grabacr/VPSsync/01-WorkspaceSync/modelica-shared/CustomLib/PropulsionSystem/.git/objects/9a/d473923907e3255f129589132728be2bf35a3a' -> 'sftp://os3-310-44666.vs.sakura.ne.jp/home/ubuntu/VPSsync/01-WorkspaceSync/modelica-shared/CustomLib/PropulsionSystem/.git/objects/9a/d473923907e3255f129589132728be2bf35a3a' (843)
2025-12-21 02:33:29: Copy New 'C:/Users/grabacr/VPSsync/01-WorkspaceSync/modelica-shared/CustomLib/PropulsionSystem/.git/objects/9c/39d33d63eeec2b8a63d1f49fc4a45f0ca09cf1' -> 'sftp://os3-310-44666.vs.sakura.ne.jp/home/ubuntu/VPSsync/01-WorkspaceSync/modelica-shared/CustomLib/PropulsionSystem/.git/objects/9c/39d33d63eeec2b8a63d1f49fc4a45f0ca09cf1' (935)
2025-12-21 02:33:29: Copy New 'C:/Users/grabacr/VPSsync/01-WorkspaceSync/modelica-shared/CustomLib/PropulsionSystem/.git/objects/9d/36d255e44220d4367fa804b7b886b3bf647e82' -> 'sftp://os3-310-44666.vs.sakura.ne.jp/home/ubuntu/VPSsync/01-WorkspaceSync/modelica-shared/CustomLib/PropulsionSystem/.git/objects/9d/36d255e44220d4367fa804b7b886b3bf647e82' (783)
2025-12-21 02:33:29: Copy New 'C:/Users/grabacr/VPSsync/01-WorkspaceSync/modelica-shared/CustomLib/PropulsionSystem/.git/objects/9d/4d4cdd8b02c6da7df3ee515edf007861b94474' -> 'sftp://os3-310-44666.vs.sakura.ne.jp/home/ubuntu/VPSsync/01-WorkspaceSync/modelica-shared/CustomLib/PropulsionSystem/.git/objects/9d/4d4cdd8b02c6da7df3ee515edf007861b94474' (787)
2025-12-21 02:33:29: Copy New 'C:/Users/grabacr/VPSsync/01-WorkspaceSync/modelica-shared/CustomLib/PropulsionSystem/.git/objects/9d/ba8c41712960e7da67474f193353c7074aa88a' -> 'sftp://os3-310-44666.vs.sakura.ne.jp/home/ubuntu/VPSsync/01-WorkspaceSync/modelica-shared/CustomLib/PropulsionSystem/.git/objects/9d/ba8c41712960e7da67474f193353c7074aa88a' (937)
2025-12-21 02:33:29: Copy New 'C:/Users/grabacr/VPSsync/01-WorkspaceSync/modelica-shared/CustomLib/PropulsionSystem/.git/objects/9c/832929fd6344c8ae668917d43faf6f84b51806' -> 'sftp://os3-310-44666.vs.sakura.ne.jp/home/ubuntu/VPSsync/01-WorkspaceSync/modelica-shared/CustomLib/PropulsionSystem/.git/objects/9c/832929fd6344c8ae668917d43faf6f84b51806' (936)
2025-12-21 02:33:29: Copy New 'C:/Users/grabacr/VPSsync/01-WorkspaceSync/modelica-shared/CustomLib/PropulsionSystem/.git/objects/9c/a1fe50d8b4e9ec8b3b4c661d39639ebc0e845d' -> 'sftp://os3-310-44666.vs.sakura.ne.jp/home/ubuntu/VPSsync/01-WorkspaceSync/modelica-shared/CustomLib/PropulsionSystem/.git/objects/9c/a1fe50d8b4e9ec8b3b4c661d39639ebc0e845d' (935)
2025-12-21 02:33:29: Copy New 'C:/Users/grabacr/VPSsync/01-WorkspaceSync/modelica-shared/CustomLib/PropulsionSystem/.git/objects/9d/c50b950e436f1f91d5e48d7e941e0354edd370' -> 'sftp://os3-310-44666.vs.sakura.ne.jp/home/ubuntu/VPSsync/01-WorkspaceSync/modelica-shared/CustomLib/PropulsionSystem/.git/objects/9d/c50b950e436f1f91d5e48d7e941e0354edd370' (204)
2025-12-21 02:33:29: Copy New 'C:/Users/grabacr/VPSsync/01-WorkspaceSync/modelica-shared/CustomLib/PropulsionSystem/.git/objects/9c/e2a11eeebadfdf39d4b5a49e22d757176b9908' -> 'sftp://os3-310-44666.vs.sakura.ne.jp/home/ubuntu/VPSsync/01-WorkspaceSync/modelica-shared/CustomLib/PropulsionSystem/.git/objects/9c/e2a11eeebadfdf39d4b5a49e22d757176b9908' (119)
2025-12-21 02:33:29: Copy New 'C:/Users/grabacr/VPSsync/01-WorkspaceSync/modelica-shared/CustomLib/PropulsionSystem/.git/objects/9c/edf79c0ba933e6789beae27c3fc74c13b7947a' -> 'sftp://os3-310-44666.vs.sakura.ne.jp/home/ubuntu/VPSsync/01-WorkspaceSync/modelica-shared/CustomLib/PropulsionSystem/.git/objects/9c/edf79c0ba933e6789beae27c3fc74c13b7947a' (939)
2025-12-21 02:33:29: Copy New 'C:/Users/grabacr/VPSsync/01-WorkspaceSync/modelica-shared/CustomLib/PropulsionSystem/.git/objects/9e/4565184f88e88363f56e474d81249474710066' -> 'sftp://os3-310-44666.vs.sakura.ne.jp/home/ubuntu/VPSsync/01-WorkspaceSync/modelica-shared/CustomLib/PropulsionSystem/.git/objects/9e/4565184f88e88363f56e474d81249474710066' (785)
2025-12-21 02:33:29: Copy New 'C:/Users/grabacr/VPSsync/01-WorkspaceSync/modelica-shared/CustomLib/PropulsionSystem/.git/objects/9f/3dd98a31819da982f4006cce68dffb7410758e' -> 'sftp://os3-310-44666.vs.sakura.ne.jp/home/ubuntu/VPSsync/01-WorkspaceSync/modelica-shared/CustomLib/PropulsionSystem/.git/objects/9f/3dd98a31819da982f4006cce68dffb7410758e' (676)
2025-12-21 02:33:29: Copy New 'C:/Users/grabacr/VPSsync/01-WorkspaceSync/modelica-shared/CustomLib/PropulsionSystem/.git/objects/9f/8c4cffe3228063d8381878270259e74b2e9afd' -> 'sftp://os3-310-44666.vs.sakura.ne.jp/home/ubuntu/VPSsync/01-WorkspaceSync/modelica-shared/CustomLib/PropulsionSystem/.git/objects/9f/8c4cffe3228063d8381878270259e74b2e9afd' (2,077)
2025-12-21 02:33:29: Copy New 'C:/Users/grabacr/VPSsync/01-WorkspaceSync/modelica-shared/CustomLib/PropulsionSystem/.git/objects/9f/08261443ab404d032f034969f7addbc541df3e' -> 'sftp://os3-310-44666.vs.sakura.ne.jp/home/ubuntu/VPSsync/01-WorkspaceSync/modelica-shared/CustomLib/PropulsionSystem/.git/objects/9f/08261443ab404d032f034969f7addbc541df3e' (126)
2025-12-21 02:33:30: Copy New 'C:/Users/grabacr/VPSsync/01-WorkspaceSync/modelica-shared/CustomLib/PropulsionSystem/.git/objects/9e/cf75e01809eb432903585beeb935609cda3f13' -> 'sftp://os3-310-44666.vs.sakura.ne.jp/home/ubuntu/VPSsync/01-WorkspaceSync/modelica-shared/CustomLib/PropulsionSystem/.git/objects/9e/cf75e01809eb432903585beeb935609cda3f13' (784)
2025-12-21 02:33:30: Copy New 'C:/Users/grabacr/VPSsync/01-WorkspaceSync/modelica-shared/CustomLib/PropulsionSystem/.git/objects/a0/133acb2040680fab561035be58165571a100fe' -> 'sftp://os3-310-44666.vs.sakura.ne.jp/home/ubuntu/VPSsync/01-WorkspaceSync/modelica-shared/CustomLib/PropulsionSystem/.git/objects/a0/133acb2040680fab561035be58165571a100fe' (786)
2025-12-21 02:33:30: Copy New 'C:/Users/grabacr/VPSsync/01-WorkspaceSync/modelica-shared/CustomLib/PropulsionSystem/.git/objects/a1/2dc61e81f25a2fc070987bfde2da716fee1412' -> 'sftp://os3-310-44666.vs.sakura.ne.jp/home/ubuntu/VPSsync/01-WorkspaceSync/modelica-shared/CustomLib/PropulsionSystem/.git/objects/a1/2dc61e81f25a2fc070987bfde2da716fee1412' (1,617)
2025-12-21 02:33:30: Copy New 'C:/Users/grabacr/VPSsync/01-WorkspaceSync/modelica-shared/CustomLib/PropulsionSystem/.git/objects/a1/4d9840d3a647f68490b0c4e8568fb738636aff' -> 'sftp://os3-310-44666.vs.sakura.ne.jp/home/ubuntu/VPSsync/01-WorkspaceSync/modelica-shared/CustomLib/PropulsionSystem/.git/objects/a1/4d9840d3a647f68490b0c4e8568fb738636aff' (786)
2025-12-21 02:33:30: Copy New 'C:/Users/grabacr/VPSsync/01-WorkspaceSync/modelica-shared/CustomLib/PropulsionSystem/.git/objects/a1/73d1bc59b3a0d65e3be42c90d42c3cf26b9d98' -> 'sftp://os3-310-44666.vs.sakura.ne.jp/home/ubuntu/VPSsync/01-WorkspaceSync/modelica-shared/CustomLib/PropulsionSystem/.git/objects/a1/73d1bc59b3a0d65e3be42c90d42c3cf26b9d98' (668)
2025-12-21 02:33:30: Copy New 'C:/Users/grabacr/VPSsync/01-WorkspaceSync/modelica-shared/CustomLib/PropulsionSystem/.git/objects/a0/19f6bb7fc13d5f6847486916f6bf29003249fe' -> 'sftp://os3-310-44666.vs.sakura.ne.jp/home/ubuntu/VPSsync/01-WorkspaceSync/modelica-shared/CustomLib/PropulsionSystem/.git/objects/a0/19f6bb7fc13d5f6847486916f6bf29003249fe' (669)
2025-12-21 02:33:30: Copy New 'C:/Users/grabacr/VPSsync/01-WorkspaceSync/modelica-shared/CustomLib/PropulsionSystem/.git/objects/a0/9ca8d1a378714791f57ea66c953ff128577002' -> 'sftp://os3-310-44666.vs.sakura.ne.jp/home/ubuntu/VPSsync/01-WorkspaceSync/modelica-shared/CustomLib/PropulsionSystem/.git/objects/a0/9ca8d1a378714791f57ea66c953ff128577002' (789)
2025-12-21 02:33:30: Copy New 'C:/Users/grabacr/VPSsync/01-WorkspaceSync/modelica-shared/CustomLib/PropulsionSystem/.git/objects/a1/cc7bc8f56985db65a3e2c80c3b6b5215e42f8c' -> 'sftp://os3-310-44666.vs.sakura.ne.jp/home/ubuntu/VPSsync/01-WorkspaceSync/modelica-shared/CustomLib/PropulsionSystem/.git/objects/a1/cc7bc8f56985db65a3e2c80c3b6b5215e42f8c' (270)
2025-12-21 02:33:30: Copy New 'C:/Users/grabacr/VPSsync/01-WorkspaceSync/modelica-shared/CustomLib/PropulsionSystem/.git/objects/a2/6b52f37316d95f364b4422fc287c902127bd0a' -> 'sftp://os3-310-44666.vs.sakura.ne.jp/home/ubuntu/VPSsync/01-WorkspaceSync/modelica-shared/CustomLib/PropulsionSystem/.git/objects/a2/6b52f37316d95f364b4422fc287c902127bd0a' (668)
2025-12-21 02:33:30: Copy New 'C:/Users/grabacr/VPSsync/01-WorkspaceSync/modelica-shared/CustomLib/PropulsionSystem/.git/objects/a3/147a7d86b386f4df19f1b36a4d0cf7ae224f5f' -> 'sftp://os3-310-44666.vs.sakura.ne.jp/home/ubuntu/VPSsync/01-WorkspaceSync/modelica-shared/CustomLib/PropulsionSystem/.git/objects/a3/147a7d86b386f4df19f1b36a4d0cf7ae224f5f' (935)
2025-12-21 02:33:30: Copy New 'C:/Users/grabacr/VPSsync/01-WorkspaceSync/modelica-shared/CustomLib/PropulsionSystem/.git/objects/a3/e482152e5c935f27fd338a717aac4feac4d24a' -> 'sftp://os3-310-44666.vs.sakura.ne.jp/home/ubuntu/VPSsync/01-WorkspaceSync/modelica-shared/CustomLib/PropulsionSystem/.git/objects/a3/e482152e5c935f27fd338a717aac4feac4d24a' (752)
2025-12-21 02:33:30: Copy New 'C:/Users/grabacr/VPSsync/01-WorkspaceSync/modelica-shared/CustomLib/PropulsionSystem/.git/objects/a2/7bc0d1208d3d15d47b26adafdf03f364d98de6' -> 'sftp://os3-310-44666.vs.sakura.ne.jp/home/ubuntu/VPSsync/01-WorkspaceSync/modelica-shared/CustomLib/PropulsionSystem/.git/objects/a2/7bc0d1208d3d15d47b26adafdf03f364d98de6' (668)
2025-12-21 02:33:30: Copy New 'C:/Users/grabacr/VPSsync/01-WorkspaceSync/modelica-shared/CustomLib/PropulsionSystem/.git/objects/a3/ed8a6faf90292a9c4b47a9d92e4482dbcac74c' -> 'sftp://os3-310-44666.vs.sakura.ne.jp/home/ubuntu/VPSsync/01-WorkspaceSync/modelica-shared/CustomLib/PropulsionSystem/.git/objects/a3/ed8a6faf90292a9c4b47a9d92e4482dbcac74c' (936)
2025-12-21 02:33:30: Copy New 'C:/Users/grabacr/VPSsync/01-WorkspaceSync/modelica-shared/CustomLib/PropulsionSystem/.git/objects/a2/c638345b60bfa6e58ad7de60cf323ddf9ba116' -> 'sftp://os3-310-44666.vs.sakura.ne.jp/home/ubuntu/VPSsync/01-WorkspaceSync/modelica-shared/CustomLib/PropulsionSystem/.git/objects/a2/c638345b60bfa6e58ad7de60cf323ddf9ba116' (935)
2025-12-21 02:33:30: Copy New 'C:/Users/grabacr/VPSsync/01-WorkspaceSync/modelica-shared/CustomLib/PropulsionSystem/.git/objects/a4/0d25df3d73c1c2b3fc7e1bd7f07209d2c40a96' -> 'sftp://os3-310-44666.vs.sakura.ne.jp/home/ubuntu/VPSsync/01-WorkspaceSync/modelica-shared/CustomLib/PropulsionSystem/.git/objects/a4/0d25df3d73c1c2b3fc7e1bd7f07209d2c40a96' (934)
2025-12-21 02:33:30: Copy New 'C:/Users/grabacr/VPSsync/01-WorkspaceSync/modelica-shared/CustomLib/PropulsionSystem/.git/objects/a5/0f076dbe5074ecbe63ac92685b75d9846840cb' -> 'sftp://os3-310-44666.vs.sakura.ne.jp/home/ubuntu/VPSsync/01-WorkspaceSync/modelica-shared/CustomLib/PropulsionSystem/.git/objects/a5/0f076dbe5074ecbe63ac92685b75d9846840cb' (788)
2025-12-21 02:33:30: Copy New 'C:/Users/grabacr/VPSsync/01-WorkspaceSync/modelica-shared/CustomLib/PropulsionSystem/.git/objects/a5/a86c636f70c3cc53ce0b7fa7612f27957c0d79' -> 'sftp://os3-310-44666.vs.sakura.ne.jp/home/ubuntu/VPSsync/01-WorkspaceSync/modelica-shared/CustomLib/PropulsionSystem/.git/objects/a5/a86c636f70c3cc53ce0b7fa7612f27957c0d79' (787)
2025-12-21 02:33:31: Copy New 'C:/Users/grabacr/VPSsync/01-WorkspaceSync/modelica-shared/CustomLib/PropulsionSystem/.git/objects/a5/bd445ef78f3f6d9e5df5e5164ecd5319eae08b' -> 'sftp://os3-310-44666.vs.sakura.ne.jp/home/ubuntu/VPSsync/01-WorkspaceSync/modelica-shared/CustomLib/PropulsionSystem/.git/objects/a5/bd445ef78f3f6d9e5df5e5164ecd5319eae08b' (787)
2025-12-21 02:33:31: Copy New 'C:/Users/grabacr/VPSsync/01-WorkspaceSync/modelica-shared/CustomLib/PropulsionSystem/.git/objects/a4/9ef5f36e5bcac0d07285fab8e94a5a59ccea9a' -> 'sftp://os3-310-44666.vs.sakura.ne.jp/home/ubuntu/VPSsync/01-WorkspaceSync/modelica-shared/CustomLib/PropulsionSystem/.git/objects/a4/9ef5f36e5bcac0d07285fab8e94a5a59ccea9a' (788)
2025-12-21 02:33:31: Copy New 'C:/Users/grabacr/VPSsync/01-WorkspaceSync/modelica-shared/CustomLib/PropulsionSystem/.git/objects/a4/b34190b61c0a941111ef231c24226a4943f96e' -> 'sftp://os3-310-44666.vs.sakura.ne.jp/home/ubuntu/VPSsync/01-WorkspaceSync/modelica-shared/CustomLib/PropulsionSystem/.git/objects/a4/b34190b61c0a941111ef231c24226a4943f96e' (781)
2025-12-21 02:33:31: Copy New 'C:/Users/grabacr/VPSsync/01-WorkspaceSync/modelica-shared/CustomLib/PropulsionSystem/.git/objects/a4/d393b2f865dc262c17ab9a366f750110e2d5da' -> 'sftp://os3-310-44666.vs.sakura.ne.jp/home/ubuntu/VPSsync/01-WorkspaceSync/modelica-shared/CustomLib/PropulsionSystem/.git/objects/a4/d393b2f865dc262c17ab9a366f750110e2d5da' (937)
2025-12-21 02:33:31: Copy New 'C:/Users/grabacr/VPSsync/01-WorkspaceSync/modelica-shared/CustomLib/PropulsionSystem/.git/objects/a4/ec14f63bffb7534b7b6c58a95fff21fce00ab1' -> 'sftp://os3-310-44666.vs.sakura.ne.jp/home/ubuntu/VPSsync/01-WorkspaceSync/modelica-shared/CustomLib/PropulsionSystem/.git/objects/a4/ec14f63bffb7534b7b6c58a95fff21fce00ab1' (787)
2025-12-21 02:33:31: Copy New 'C:/Users/grabacr/VPSsync/01-WorkspaceSync/modelica-shared/CustomLib/PropulsionSystem/.git/objects/a6/1736e1797525a8b74d0dbcb4ccaa7bed7bb0f9' -> 'sftp://os3-310-44666.vs.sakura.ne.jp/home/ubuntu/VPSsync/01-WorkspaceSync/modelica-shared/CustomLib/PropulsionSystem/.git/objects/a6/1736e1797525a8b74d0dbcb4ccaa7bed7bb0f9' (938)
2025-12-21 02:33:31: Copy New 'C:/Users/grabacr/VPSsync/01-WorkspaceSync/modelica-shared/CustomLib/PropulsionSystem/.git/objects/a7/35657a74e7de21eb7eca025de566a9d66d8a79' -> 'sftp://os3-310-44666.vs.sakura.ne.jp/home/ubuntu/VPSsync/01-WorkspaceSync/modelica-shared/CustomLib/PropulsionSystem/.git/objects/a7/35657a74e7de21eb7eca025de566a9d66d8a79' (669)
2025-12-21 02:33:31: Copy New 'C:/Users/grabacr/VPSsync/01-WorkspaceSync/modelica-shared/CustomLib/PropulsionSystem/.git/objects/a7/fd486bff04c509095d293dfc12a8a27c4cb2ca' -> 'sftp://os3-310-44666.vs.sakura.ne.jp/home/ubuntu/VPSsync/01-WorkspaceSync/modelica-shared/CustomLib/PropulsionSystem/.git/objects/a7/fd486bff04c509095d293dfc12a8a27c4cb2ca' (534)
2025-12-21 02:33:31: Copy New 'C:/Users/grabacr/VPSsync/01-WorkspaceSync/modelica-shared/CustomLib/PropulsionSystem/.git/objects/a7/4c762416a14d4b6d8f74fb262bbbebee24b3ec' -> 'sftp://os3-310-44666.vs.sakura.ne.jp/home/ubuntu/VPSsync/01-WorkspaceSync/modelica-shared/CustomLib/PropulsionSystem/.git/objects/a7/4c762416a14d4b6d8f74fb262bbbebee24b3ec' (260)
2025-12-21 02:33:31: Copy New 'C:/Users/grabacr/VPSsync/01-WorkspaceSync/modelica-shared/CustomLib/PropulsionSystem/.git/objects/a6/4ae25d5160ca7c23c5283530d028b0f68b49d2' -> 'sftp://os3-310-44666.vs.sakura.ne.jp/home/ubuntu/VPSsync/01-WorkspaceSync/modelica-shared/CustomLib/PropulsionSystem/.git/objects/a6/4ae25d5160ca7c23c5283530d028b0f68b49d2' (188)
2025-12-21 02:33:31: Copy New 'C:/Users/grabacr/VPSsync/01-WorkspaceSync/modelica-shared/CustomLib/PropulsionSystem/.git/objects/a6/7df497d6aa30fae192479a2835e03b2efacc04' -> 'sftp://os3-310-44666.vs.sakura.ne.jp/home/ubuntu/VPSsync/01-WorkspaceSync/modelica-shared/CustomLib/PropulsionSystem/.git/objects/a6/7df497d6aa30fae192479a2835e03b2efacc04' (668)
2025-12-21 02:33:31: Copy New 'C:/Users/grabacr/VPSsync/01-WorkspaceSync/modelica-shared/CustomLib/PropulsionSystem/.git/objects/a6/a2a65eb94299002a3243cd1ece7b5772202c8f' -> 'sftp://os3-310-44666.vs.sakura.ne.jp/home/ubuntu/VPSsync/01-WorkspaceSync/modelica-shared/CustomLib/PropulsionSystem/.git/objects/a6/a2a65eb94299002a3243cd1ece7b5772202c8f' (668)
2025-12-21 02:33:31: Copy New 'C:/Users/grabacr/VPSsync/01-WorkspaceSync/modelica-shared/CustomLib/PropulsionSystem/.git/objects/a8/36c0a0c769dc2b47b778196d7db7b1b7f100d6' -> 'sftp://os3-310-44666.vs.sakura.ne.jp/home/ubuntu/VPSsync/01-WorkspaceSync/modelica-shared/CustomLib/PropulsionSystem/.git/objects/a8/36c0a0c769dc2b47b778196d7db7b1b7f100d6' (789)
2025-12-21 02:33:31: Copy New 'C:/Users/grabacr/VPSsync/01-WorkspaceSync/modelica-shared/CustomLib/PropulsionSystem/.git/objects/a9/88e94635912c8352eeba2cc64dd9ae499c5dfd' -> 'sftp://os3-310-44666.vs.sakura.ne.jp/home/ubuntu/VPSsync/01-WorkspaceSync/modelica-shared/CustomLib/PropulsionSystem/.git/objects/a9/88e94635912c8352eeba2cc64dd9ae499c5dfd' (668)
2025-12-21 02:33:31: Copy New 'C:/Users/grabacr/VPSsync/01-WorkspaceSync/modelica-shared/CustomLib/PropulsionSystem/.git/objects/a8/adedb918f75fe3a57492b2779d1fdc27bfc42a' -> 'sftp://os3-310-44666.vs.sakura.ne.jp/home/ubuntu/VPSsync/01-WorkspaceSync/modelica-shared/CustomLib/PropulsionSystem/.git/objects/a8/adedb918f75fe3a57492b2779d1fdc27bfc42a' (668)
2025-12-21 02:33:31: Copy New 'C:/Users/grabacr/VPSsync/01-WorkspaceSync/modelica-shared/CustomLib/PropulsionSystem/.git/objects/aa/6047463e7c868f0a7f906fbd42a6d3df65c5b7' -> 'sftp://os3-310-44666.vs.sakura.ne.jp/home/ubuntu/VPSsync/01-WorkspaceSync/modelica-shared/CustomLib/PropulsionSystem/.git/objects/aa/6047463e7c868f0a7f906fbd42a6d3df65c5b7' (670)
2025-12-21 02:33:31: Copy New 'C:/Users/grabacr/VPSsync/01-WorkspaceSync/modelica-shared/CustomLib/PropulsionSystem/.git/objects/ab/41e965ea8158a8669bb826c5a26caf6b518b15' -> 'sftp://os3-310-44666.vs.sakura.ne.jp/home/ubuntu/VPSsync/01-WorkspaceSync/modelica-shared/CustomLib/PropulsionSystem/.git/objects/ab/41e965ea8158a8669bb826c5a26caf6b518b15' (787)
2025-12-21 02:33:31: Copy New 'C:/Users/grabacr/VPSsync/01-WorkspaceSync/modelica-shared/CustomLib/PropulsionSystem/.git/objects/ab/a6fadadf2e5ad87924a9290a1ac3249bc0cb1c' -> 'sftp://os3-310-44666.vs.sakura.ne.jp/home/ubuntu/VPSsync/01-WorkspaceSync/modelica-shared/CustomLib/PropulsionSystem/.git/objects/ab/a6fadadf2e5ad87924a9290a1ac3249bc0cb1c' (787)
2025-12-21 02:33:32: Copy New 'C:/Users/grabacr/VPSsync/01-WorkspaceSync/modelica-shared/CustomLib/PropulsionSystem/.git/objects/af/8411dc9a73a996886922aeaa7e4d9364f6f7d0' -> 'sftp://os3-310-44666.vs.sakura.ne.jp/home/ubuntu/VPSsync/01-WorkspaceSync/modelica-shared/CustomLib/PropulsionSystem/.git/objects/af/8411dc9a73a996886922aeaa7e4d9364f6f7d0' (667)
2025-12-21 02:33:32: Copy New 'C:/Users/grabacr/VPSsync/01-WorkspaceSync/modelica-shared/CustomLib/PropulsionSystem/.git/objects/ad/357c8a5100f150c6844fbebc67049ac6c21011' -> 'sftp://os3-310-44666.vs.sakura.ne.jp/home/ubuntu/VPSsync/01-WorkspaceSync/modelica-shared/CustomLib/PropulsionSystem/.git/objects/ad/357c8a5100f150c6844fbebc67049ac6c21011' (788)
2025-12-21 02:33:32: Copy New 'C:/Users/grabacr/VPSsync/01-WorkspaceSync/modelica-shared/CustomLib/PropulsionSystem/.git/objects/b0/adb1a463cd0fc6265939f1d6035b0e4a3f536f' -> 'sftp://os3-310-44666.vs.sakura.ne.jp/home/ubuntu/VPSsync/01-WorkspaceSync/modelica-shared/CustomLib/PropulsionSystem/.git/objects/b0/adb1a463cd0fc6265939f1d6035b0e4a3f536f' (785)
2025-12-21 02:33:32: Copy New 'C:/Users/grabacr/VPSsync/01-WorkspaceSync/modelica-shared/CustomLib/PropulsionSystem/.git/objects/b2/2293fbf61fd2895002edbbc31f73f4f4e597f2' -> 'sftp://os3-310-44666.vs.sakura.ne.jp/home/ubuntu/VPSsync/01-WorkspaceSync/modelica-shared/CustomLib/PropulsionSystem/.git/objects/b2/2293fbf61fd2895002edbbc31f73f4f4e597f2' (667)
2025-12-21 02:33:32: Copy New 'C:/Users/grabacr/VPSsync/01-WorkspaceSync/modelica-shared/CustomLib/PropulsionSystem/.git/objects/b3/09eed6e2676dbbd88d1bb1e5b72d7ad85e6e5f' -> 'sftp://os3-310-44666.vs.sakura.ne.jp/home/ubuntu/VPSsync/01-WorkspaceSync/modelica-shared/CustomLib/PropulsionSystem/.git/objects/b3/09eed6e2676dbbd88d1bb1e5b72d7ad85e6e5f' (938)
2025-12-21 02:33:32: Copy New 'C:/Users/grabacr/VPSsync/01-WorkspaceSync/modelica-shared/CustomLib/PropulsionSystem/.git/objects/b2/a82dd7e898f407e364ecb737e14d4ba882f571' -> 'sftp://os3-310-44666.vs.sakura.ne.jp/home/ubuntu/VPSsync/01-WorkspaceSync/modelica-shared/CustomLib/PropulsionSystem/.git/objects/b2/a82dd7e898f407e364ecb737e14d4ba882f571' (781)
2025-12-21 02:33:32: Copy New 'C:/Users/grabacr/VPSsync/01-WorkspaceSync/modelica-shared/CustomLib/PropulsionSystem/.git/objects/b2/ffa33baf07d37a43a0ca875f1b93ada7e851f5' -> 'sftp://os3-310-44666.vs.sakura.ne.jp/home/ubuntu/VPSsync/01-WorkspaceSync/modelica-shared/CustomLib/PropulsionSystem/.git/objects/b2/ffa33baf07d37a43a0ca875f1b93ada7e851f5' (935)
2025-12-21 02:33:32: Copy New 'C:/Users/grabacr/VPSsync/01-WorkspaceSync/modelica-shared/CustomLib/PropulsionSystem/.git/objects/b4/e8c2168d9e6b5d46c7990d1a9da1448608f039' -> 'sftp://os3-310-44666.vs.sakura.ne.jp/home/ubuntu/VPSsync/01-WorkspaceSync/modelica-shared/CustomLib/PropulsionSystem/.git/objects/b4/e8c2168d9e6b5d46c7990d1a9da1448608f039' (667)
2025-12-21 02:33:32: Copy New 'C:/Users/grabacr/VPSsync/01-WorkspaceSync/modelica-shared/CustomLib/PropulsionSystem/.git/objects/b5/8b1c3edbad77b51d7d0ace108f1dbbbfac8004' -> 'sftp://os3-310-44666.vs.sakura.ne.jp/home/ubuntu/VPSsync/01-WorkspaceSync/modelica-shared/CustomLib/PropulsionSystem/.git/objects/b5/8b1c3edbad77b51d7d0ace108f1dbbbfac8004' (32)
2025-12-21 02:33:32: Copy New 'C:/Users/grabacr/VPSsync/01-WorkspaceSync/modelica-shared/CustomLib/PropulsionSystem/.git/objects/b6/93afb4498160f426e829848f5245bc250cbd83' -> 'sftp://os3-310-44666.vs.sakura.ne.jp/home/ubuntu/VPSsync/01-WorkspaceSync/modelica-shared/CustomLib/PropulsionSystem/.git/objects/b6/93afb4498160f426e829848f5245bc250cbd83' (934)
2025-12-21 02:33:32: Copy New 'C:/Users/grabacr/VPSsync/01-WorkspaceSync/modelica-shared/CustomLib/PropulsionSystem/.git/objects/b7/9647a1fb4ff225b6daceca03f5d0f409b0b57c' -> 'sftp://os3-310-44666.vs.sakura.ne.jp/home/ubuntu/VPSsync/01-WorkspaceSync/modelica-shared/CustomLib/PropulsionSystem/.git/objects/b7/9647a1fb4ff225b6daceca03f5d0f409b0b57c' (650)
2025-12-21 02:33:32: Copy New 'C:/Users/grabacr/VPSsync/01-WorkspaceSync/modelica-shared/CustomLib/PropulsionSystem/.git/objects/b7/b16801b1f4cf70babfcaaca83a7285c26c6136' -> 'sftp://os3-310-44666.vs.sakura.ne.jp/home/ubuntu/VPSsync/01-WorkspaceSync/modelica-shared/CustomLib/PropulsionSystem/.git/objects/b7/b16801b1f4cf70babfcaaca83a7285c26c6136' (786)
2025-12-21 02:33:32: Copy New 'C:/Users/grabacr/VPSsync/01-WorkspaceSync/modelica-shared/CustomLib/PropulsionSystem/.git/objects/b8/18db3314bf401adef04ff576890c007a294c33' -> 'sftp://os3-310-44666.vs.sakura.ne.jp/home/ubuntu/VPSsync/01-WorkspaceSync/modelica-shared/CustomLib/PropulsionSystem/.git/objects/b8/18db3314bf401adef04ff576890c007a294c33' (668)
2025-12-21 02:33:32: Copy New 'C:/Users/grabacr/VPSsync/01-WorkspaceSync/modelica-shared/CustomLib/PropulsionSystem/.git/objects/b9/4eec85c69a397d33ab992f9d1e23ac72056ebe' -> 'sftp://os3-310-44666.vs.sakura.ne.jp/home/ubuntu/VPSsync/01-WorkspaceSync/modelica-shared/CustomLib/PropulsionSystem/.git/objects/b9/4eec85c69a397d33ab992f9d1e23ac72056ebe' (938)
2025-12-21 02:33:32: Copy New 'C:/Users/grabacr/VPSsync/01-WorkspaceSync/modelica-shared/CustomLib/PropulsionSystem/.git/objects/b8/51dc95df93e056c5adbaf72942405cf588ccc9' -> 'sftp://os3-310-44666.vs.sakura.ne.jp/home/ubuntu/VPSsync/01-WorkspaceSync/modelica-shared/CustomLib/PropulsionSystem/.git/objects/b8/51dc95df93e056c5adbaf72942405cf588ccc9' (789)
2025-12-21 02:33:33: Copy New 'C:/Users/grabacr/VPSsync/01-WorkspaceSync/modelica-shared/CustomLib/PropulsionSystem/.git/objects/b9/c300c0f8372f87f7b19b746584513a29d4acdc' -> 'sftp://os3-310-44666.vs.sakura.ne.jp/home/ubuntu/VPSsync/01-WorkspaceSync/modelica-shared/CustomLib/PropulsionSystem/.git/objects/b9/c300c0f8372f87f7b19b746584513a29d4acdc' (3,582)
2025-12-21 02:33:33: Copy New 'C:/Users/grabacr/VPSsync/01-WorkspaceSync/modelica-shared/CustomLib/PropulsionSystem/.git/objects/bb/6c0e26aecc5c2de38f6f1fe7606536d2d68698' -> 'sftp://os3-310-44666.vs.sakura.ne.jp/home/ubuntu/VPSsync/01-WorkspaceSync/modelica-shared/CustomLib/PropulsionSystem/.git/objects/bb/6c0e26aecc5c2de38f6f1fe7606536d2d68698' (787)
2025-12-21 02:33:33: Copy New 'C:/Users/grabacr/VPSsync/01-WorkspaceSync/modelica-shared/CustomLib/PropulsionSystem/.git/objects/ba/0ea183d1af32dbed140765d1d9ac8db622492c' -> 'sftp://os3-310-44666.vs.sakura.ne.jp/home/ubuntu/VPSsync/01-WorkspaceSync/modelica-shared/CustomLib/PropulsionSystem/.git/objects/ba/0ea183d1af32dbed140765d1d9ac8db622492c' (787)
2025-12-21 02:33:33: Copy New 'C:/Users/grabacr/VPSsync/01-WorkspaceSync/modelica-shared/CustomLib/PropulsionSystem/.git/objects/ba/45ed0821baac2a7f9261709fed99fa669b3acc' -> 'sftp://os3-310-44666.vs.sakura.ne.jp/home/ubuntu/VPSsync/01-WorkspaceSync/modelica-shared/CustomLib/PropulsionSystem/.git/objects/ba/45ed0821baac2a7f9261709fed99fa669b3acc' (3,948)
2025-12-21 02:33:33: Copy New 'C:/Users/grabacr/VPSsync/01-WorkspaceSync/modelica-shared/CustomLib/PropulsionSystem/.git/objects/ba/687aacd06415186baab306b5fab5567ec47a3f' -> 'sftp://os3-310-44666.vs.sakura.ne.jp/home/ubuntu/VPSsync/01-WorkspaceSync/modelica-shared/CustomLib/PropulsionSystem/.git/objects/ba/687aacd06415186baab306b5fab5567ec47a3f' (784)
2025-12-21 02:33:33: Copy New 'C:/Users/grabacr/VPSsync/01-WorkspaceSync/modelica-shared/CustomLib/PropulsionSystem/.git/objects/ba/d92d62c43077bb3d3075f782822a6fdf4a72e9' -> 'sftp://os3-310-44666.vs.sakura.ne.jp/home/ubuntu/VPSsync/01-WorkspaceSync/modelica-shared/CustomLib/PropulsionSystem/.git/objects/ba/d92d62c43077bb3d3075f782822a6fdf4a72e9' (786)
2025-12-21 02:33:33: Copy New 'C:/Users/grabacr/VPSsync/01-WorkspaceSync/modelica-shared/CustomLib/PropulsionSystem/.git/objects/bd/5eef740ba87652fa461efc62612748a4dac475' -> 'sftp://os3-310-44666.vs.sakura.ne.jp/home/ubuntu/VPSsync/01-WorkspaceSync/modelica-shared/CustomLib/PropulsionSystem/.git/objects/bd/5eef740ba87652fa461efc62612748a4dac475' (935)
2025-12-21 02:33:33: Copy New 'C:/Users/grabacr/VPSsync/01-WorkspaceSync/modelica-shared/CustomLib/PropulsionSystem/.git/objects/be/bcd70d03354934d836d2101bb948339ff0b837' -> 'sftp://os3-310-44666.vs.sakura.ne.jp/home/ubuntu/VPSsync/01-WorkspaceSync/modelica-shared/CustomLib/PropulsionSystem/.git/objects/be/bcd70d03354934d836d2101bb948339ff0b837' (673)
2025-12-21 02:33:33: Copy New 'C:/Users/grabacr/VPSsync/01-WorkspaceSync/modelica-shared/CustomLib/PropulsionSystem/.git/objects/be/bdd0f942d68defeb24f78d01b78612f010c1dd' -> 'sftp://os3-310-44666.vs.sakura.ne.jp/home/ubuntu/VPSsync/01-WorkspaceSync/modelica-shared/CustomLib/PropulsionSystem/.git/objects/be/bdd0f942d68defeb24f78d01b78612f010c1dd' (938)
2025-12-21 02:33:33: Copy New 'C:/Users/grabacr/VPSsync/01-WorkspaceSync/modelica-shared/CustomLib/PropulsionSystem/.git/objects/bf/40c6e61695e78048285fdebe2b58348965ca35' -> 'sftp://os3-310-44666.vs.sakura.ne.jp/home/ubuntu/VPSsync/01-WorkspaceSync/modelica-shared/CustomLib/PropulsionSystem/.git/objects/bf/40c6e61695e78048285fdebe2b58348965ca35' (788)
2025-12-21 02:33:33: Copy New 'C:/Users/grabacr/VPSsync/01-WorkspaceSync/modelica-shared/CustomLib/PropulsionSystem/.git/objects/c0/9c6e3e180d87ecb414dbf45ca9d06f3e5927a5' -> 'sftp://os3-310-44666.vs.sakura.ne.jp/home/ubuntu/VPSsync/01-WorkspaceSync/modelica-shared/CustomLib/PropulsionSystem/.git/objects/c0/9c6e3e180d87ecb414dbf45ca9d06f3e5927a5' (935)
2025-12-21 02:33:33: Copy New 'C:/Users/grabacr/VPSsync/01-WorkspaceSync/modelica-shared/CustomLib/PropulsionSystem/.git/objects/c0/aa7b7130598439541e54659070a98cb9f3d872' -> 'sftp://os3-310-44666.vs.sakura.ne.jp/home/ubuntu/VPSsync/01-WorkspaceSync/modelica-shared/CustomLib/PropulsionSystem/.git/objects/c0/aa7b7130598439541e54659070a98cb9f3d872' (887)
2025-12-21 02:33:33: Copy New 'C:/Users/grabacr/VPSsync/01-WorkspaceSync/modelica-shared/CustomLib/PropulsionSystem/.git/objects/bf/5d2509b2600937263d5a51a34d54de7bf7153c' -> 'sftp://os3-310-44666.vs.sakura.ne.jp/home/ubuntu/VPSsync/01-WorkspaceSync/modelica-shared/CustomLib/PropulsionSystem/.git/objects/bf/5d2509b2600937263d5a51a34d54de7bf7153c' (937)
2025-12-21 02:33:33: Copy New 'C:/Users/grabacr/VPSsync/01-WorkspaceSync/modelica-shared/CustomLib/PropulsionSystem/.git/objects/bf/e2a142b08a7714a8ded35adbb875fe107fd63f' -> 'sftp://os3-310-44666.vs.sakura.ne.jp/home/ubuntu/VPSsync/01-WorkspaceSync/modelica-shared/CustomLib/PropulsionSystem/.git/objects/bf/e2a142b08a7714a8ded35adbb875fe107fd63f' (521)
2025-12-21 02:33:33: Copy New 'C:/Users/grabacr/VPSsync/01-WorkspaceSync/modelica-shared/CustomLib/PropulsionSystem/.git/objects/c1/18585db436bbf50c5105ecbdfa2e5826e8ea2e' -> 'sftp://os3-310-44666.vs.sakura.ne.jp/home/ubuntu/VPSsync/01-WorkspaceSync/modelica-shared/CustomLib/PropulsionSystem/.git/objects/c1/18585db436bbf50c5105ecbdfa2e5826e8ea2e' (1,726)
2025-12-21 02:33:33: Copy New 'C:/Users/grabacr/VPSsync/01-WorkspaceSync/modelica-shared/CustomLib/PropulsionSystem/.git/objects/c2/6a83098fe0486b74e3b5660368408f228c0855' -> 'sftp://os3-310-44666.vs.sakura.ne.jp/home/ubuntu/VPSsync/01-WorkspaceSync/modelica-shared/CustomLib/PropulsionSystem/.git/objects/c2/6a83098fe0486b74e3b5660368408f228c0855' (667)
2025-12-21 02:33:33: Copy New 'C:/Users/grabacr/VPSsync/01-WorkspaceSync/modelica-shared/CustomLib/PropulsionSystem/.git/objects/c2/b8155ac525aba61316146b19fe1eef7bf7d23b' -> 'sftp://os3-310-44666.vs.sakura.ne.jp/home/ubuntu/VPSsync/01-WorkspaceSync/modelica-shared/CustomLib/PropulsionSystem/.git/objects/c2/b8155ac525aba61316146b19fe1eef7bf7d23b' (845)
2025-12-21 02:33:33: Copy New 'C:/Users/grabacr/VPSsync/01-WorkspaceSync/modelica-shared/CustomLib/PropulsionSystem/.git/objects/c1/86007ad50deaa55f4aa31432e235c4936f71fa' -> 'sftp://os3-310-44666.vs.sakura.ne.jp/home/ubuntu/VPSsync/01-WorkspaceSync/modelica-shared/CustomLib/PropulsionSystem/.git/objects/c1/86007ad50deaa55f4aa31432e235c4936f71fa' (669)
2025-12-21 02:33:34: Copy New 'C:/Users/grabacr/VPSsync/01-WorkspaceSync/modelica-shared/CustomLib/PropulsionSystem/.git/objects/c1/ba0ba4164c609c54ac07e10fb87c8d975a8c27' -> 'sftp://os3-310-44666.vs.sakura.ne.jp/home/ubuntu/VPSsync/01-WorkspaceSync/modelica-shared/CustomLib/PropulsionSystem/.git/objects/c1/ba0ba4164c609c54ac07e10fb87c8d975a8c27' (936)
2025-12-21 02:33:34: Copy New 'C:/Users/grabacr/VPSsync/01-WorkspaceSync/modelica-shared/CustomLib/PropulsionSystem/.git/objects/c3/ae1deaa52cddfa5edc25caf29ee234155cb434' -> 'sftp://os3-310-44666.vs.sakura.ne.jp/home/ubuntu/VPSsync/01-WorkspaceSync/modelica-shared/CustomLib/PropulsionSystem/.git/objects/c3/ae1deaa52cddfa5edc25caf29ee234155cb434' (667)
2025-12-21 02:33:34: Copy New 'C:/Users/grabacr/VPSsync/01-WorkspaceSync/modelica-shared/CustomLib/PropulsionSystem/.git/objects/c1/bc2acfa7b4cc07615f26378a9b5e207d3638ce' -> 'sftp://os3-310-44666.vs.sakura.ne.jp/home/ubuntu/VPSsync/01-WorkspaceSync/modelica-shared/CustomLib/PropulsionSystem/.git/objects/c1/bc2acfa7b4cc07615f26378a9b5e207d3638ce' (1,006)
2025-12-21 02:33:34: Copy New 'C:/Users/grabacr/VPSsync/01-WorkspaceSync/modelica-shared/CustomLib/PropulsionSystem/.git/objects/c4/a75237b1e89a36b49f72fd93082d5d08fcde2c' -> 'sftp://os3-310-44666.vs.sakura.ne.jp/home/ubuntu/VPSsync/01-WorkspaceSync/modelica-shared/CustomLib/PropulsionSystem/.git/objects/c4/a75237b1e89a36b49f72fd93082d5d08fcde2c' (937)
2025-12-21 02:33:34: Copy New 'C:/Users/grabacr/VPSsync/01-WorkspaceSync/modelica-shared/CustomLib/PropulsionSystem/.git/objects/c4/d41ca0803f55d93a30785dfc1a522a215f629d' -> 'sftp://os3-310-44666.vs.sakura.ne.jp/home/ubuntu/VPSsync/01-WorkspaceSync/modelica-shared/CustomLib/PropulsionSystem/.git/objects/c4/d41ca0803f55d93a30785dfc1a522a215f629d' (789)
2025-12-21 02:33:34: Copy New 'C:/Users/grabacr/VPSsync/01-WorkspaceSync/modelica-shared/CustomLib/PropulsionSystem/.git/objects/c4/d768c75976b976f89cd03fb0597c74d01238a2' -> 'sftp://os3-310-44666.vs.sakura.ne.jp/home/ubuntu/VPSsync/01-WorkspaceSync/modelica-shared/CustomLib/PropulsionSystem/.git/objects/c4/d768c75976b976f89cd03fb0597c74d01238a2' (784)
2025-12-21 02:33:34: Copy New 'C:/Users/grabacr/VPSsync/01-WorkspaceSync/modelica-shared/CustomLib/PropulsionSystem/.git/objects/c4/f1669e820534ebe081b35424e9ee3ecce71deb' -> 'sftp://os3-310-44666.vs.sakura.ne.jp/home/ubuntu/VPSsync/01-WorkspaceSync/modelica-shared/CustomLib/PropulsionSystem/.git/objects/c4/f1669e820534ebe081b35424e9ee3ecce71deb' (788)
2025-12-21 02:33:34: Copy New 'C:/Users/grabacr/VPSsync/01-WorkspaceSync/modelica-shared/CustomLib/PropulsionSystem/.git/objects/c4/f354d6d66f3a9f666ae2e5583f27a10e9aaec3' -> 'sftp://os3-310-44666.vs.sakura.ne.jp/home/ubuntu/VPSsync/01-WorkspaceSync/modelica-shared/CustomLib/PropulsionSystem/.git/objects/c4/f354d6d66f3a9f666ae2e5583f27a10e9aaec3' (668)
2025-12-21 02:33:34: Copy New 'C:/Users/grabacr/VPSsync/01-WorkspaceSync/modelica-shared/CustomLib/PropulsionSystem/.git/objects/c5/008a99dec210885d19d6e94aa4c4ceb16963f3' -> 'sftp://os3-310-44666.vs.sakura.ne.jp/home/ubuntu/VPSsync/01-WorkspaceSync/modelica-shared/CustomLib/PropulsionSystem/.git/objects/c5/008a99dec210885d19d6e94aa4c4ceb16963f3' (45)
2025-12-21 02:33:34: Copy New 'C:/Users/grabacr/VPSsync/01-WorkspaceSync/modelica-shared/CustomLib/PropulsionSystem/.git/objects/c6/03aa825fc0e55f9191b4c3e48a0a355af90bd9' -> 'sftp://os3-310-44666.vs.sakura.ne.jp/home/ubuntu/VPSsync/01-WorkspaceSync/modelica-shared/CustomLib/PropulsionSystem/.git/objects/c6/03aa825fc0e55f9191b4c3e48a0a355af90bd9' (935)
2025-12-21 02:33:34: Copy New 'C:/Users/grabacr/VPSsync/01-WorkspaceSync/modelica-shared/CustomLib/PropulsionSystem/.git/objects/c6/0a621da25404a639924f80232a4a547458b68e' -> 'sftp://os3-310-44666.vs.sakura.ne.jp/home/ubuntu/VPSsync/01-WorkspaceSync/modelica-shared/CustomLib/PropulsionSystem/.git/objects/c6/0a621da25404a639924f80232a4a547458b68e' (936)
2025-12-21 02:33:34: Copy New 'C:/Users/grabacr/VPSsync/01-WorkspaceSync/modelica-shared/CustomLib/PropulsionSystem/.git/objects/c6/21abe900d51f2ca388432b53f60f7599daf595' -> 'sftp://os3-310-44666.vs.sakura.ne.jp/home/ubuntu/VPSsync/01-WorkspaceSync/modelica-shared/CustomLib/PropulsionSystem/.git/objects/c6/21abe900d51f2ca388432b53f60f7599daf595' (678)
2025-12-21 02:33:34: Copy New 'C:/Users/grabacr/VPSsync/01-WorkspaceSync/modelica-shared/CustomLib/PropulsionSystem/.git/objects/c6/4baa12eae0bb0efcf7409c9babac0573cd29bf' -> 'sftp://os3-310-44666.vs.sakura.ne.jp/home/ubuntu/VPSsync/01-WorkspaceSync/modelica-shared/CustomLib/PropulsionSystem/.git/objects/c6/4baa12eae0bb0efcf7409c9babac0573cd29bf' (935)
2025-12-21 02:33:34: Copy New 'C:/Users/grabacr/VPSsync/01-WorkspaceSync/modelica-shared/CustomLib/PropulsionSystem/.git/objects/c6/6db0cb2aa0f94ba720e0f475ef4fe9a2feac5b' -> 'sftp://os3-310-44666.vs.sakura.ne.jp/home/ubuntu/VPSsync/01-WorkspaceSync/modelica-shared/CustomLib/PropulsionSystem/.git/objects/c6/6db0cb2aa0f94ba720e0f475ef4fe9a2feac5b' (936)
2025-12-21 02:33:34: Copy New 'C:/Users/grabacr/VPSsync/01-WorkspaceSync/modelica-shared/CustomLib/PropulsionSystem/.git/objects/c6/922b6b3adf405beff2db722fa9e8156c9dab5c' -> 'sftp://os3-310-44666.vs.sakura.ne.jp/home/ubuntu/VPSsync/01-WorkspaceSync/modelica-shared/CustomLib/PropulsionSystem/.git/objects/c6/922b6b3adf405beff2db722fa9e8156c9dab5c' (937)
2025-12-21 02:33:34: Copy New 'C:/Users/grabacr/VPSsync/01-WorkspaceSync/modelica-shared/CustomLib/PropulsionSystem/.git/objects/c5/d52944e795c6d3889d83d52927435ac0e333f0' -> 'sftp://os3-310-44666.vs.sakura.ne.jp/home/ubuntu/VPSsync/01-WorkspaceSync/modelica-shared/CustomLib/PropulsionSystem/.git/objects/c5/d52944e795c6d3889d83d52927435ac0e333f0' (936)
2025-12-21 02:33:34: Copy New 'C:/Users/grabacr/VPSsync/01-WorkspaceSync/modelica-shared/CustomLib/PropulsionSystem/.git/objects/c7/53be935f3aba12e943443bcc62b39f896ab413' -> 'sftp://os3-310-44666.vs.sakura.ne.jp/home/ubuntu/VPSsync/01-WorkspaceSync/modelica-shared/CustomLib/PropulsionSystem/.git/objects/c7/53be935f3aba12e943443bcc62b39f896ab413' (474)
2025-12-21 02:33:35: Copy New 'C:/Users/grabacr/VPSsync/01-WorkspaceSync/modelica-shared/CustomLib/PropulsionSystem/.git/objects/ca/7c2c3e0c830cc99fec9315e81d517ee544cc91' -> 'sftp://os3-310-44666.vs.sakura.ne.jp/home/ubuntu/VPSsync/01-WorkspaceSync/modelica-shared/CustomLib/PropulsionSystem/.git/objects/ca/7c2c3e0c830cc99fec9315e81d517ee544cc91' (843)
2025-12-21 02:33:35: Copy New 'C:/Users/grabacr/VPSsync/01-WorkspaceSync/modelica-shared/CustomLib/PropulsionSystem/.git/objects/ca/5d6b718b93e8b24969e2278a30ed7403b98021' -> 'sftp://os3-310-44666.vs.sakura.ne.jp/home/ubuntu/VPSsync/01-WorkspaceSync/modelica-shared/CustomLib/PropulsionSystem/.git/objects/ca/5d6b718b93e8b24969e2278a30ed7403b98021' (1,367)
2025-12-21 02:33:35: Copy New 'C:/Users/grabacr/VPSsync/01-WorkspaceSync/modelica-shared/CustomLib/PropulsionSystem/.git/objects/ca/c3da82131f8d6268092952ad81fac81c92ab6f' -> 'sftp://os3-310-44666.vs.sakura.ne.jp/home/ubuntu/VPSsync/01-WorkspaceSync/modelica-shared/CustomLib/PropulsionSystem/.git/objects/ca/c3da82131f8d6268092952ad81fac81c92ab6f' (939)
2025-12-21 02:33:35: Copy New 'C:/Users/grabacr/VPSsync/01-WorkspaceSync/modelica-shared/CustomLib/PropulsionSystem/.git/objects/cc/118cf6b68476eb4a558abf85bb67c729054543' -> 'sftp://os3-310-44666.vs.sakura.ne.jp/home/ubuntu/VPSsync/01-WorkspaceSync/modelica-shared/CustomLib/PropulsionSystem/.git/objects/cc/118cf6b68476eb4a558abf85bb67c729054543' (938)
2025-12-21 02:33:35: Copy New 'C:/Users/grabacr/VPSsync/01-WorkspaceSync/modelica-shared/CustomLib/PropulsionSystem/.git/objects/cc/2f0e499ed76edb9b0acd00547b83ea515d4451' -> 'sftp://os3-310-44666.vs.sakura.ne.jp/home/ubuntu/VPSsync/01-WorkspaceSync/modelica-shared/CustomLib/PropulsionSystem/.git/objects/cc/2f0e499ed76edb9b0acd00547b83ea515d4451' (787)
2025-12-21 02:33:35: Copy New 'C:/Users/grabacr/VPSsync/01-WorkspaceSync/modelica-shared/CustomLib/PropulsionSystem/.git/objects/cc/f507a01de9446364f5cebfa881638d9ba95c1c' -> 'sftp://os3-310-44666.vs.sakura.ne.jp/home/ubuntu/VPSsync/01-WorkspaceSync/modelica-shared/CustomLib/PropulsionSystem/.git/objects/cc/f507a01de9446364f5cebfa881638d9ba95c1c' (787)
2025-12-21 02:33:35: Copy New 'C:/Users/grabacr/VPSsync/01-WorkspaceSync/modelica-shared/CustomLib/PropulsionSystem/.git/objects/cb/c0f0c917d270de1f38ba2edfc338a218986e3f' -> 'sftp://os3-310-44666.vs.sakura.ne.jp/home/ubuntu/VPSsync/01-WorkspaceSync/modelica-shared/CustomLib/PropulsionSystem/.git/objects/cb/c0f0c917d270de1f38ba2edfc338a218986e3f' (935)
2025-12-21 02:33:35: Copy New 'C:/Users/grabacr/VPSsync/01-WorkspaceSync/modelica-shared/CustomLib/PropulsionSystem/.git/objects/ce/2d9d404504ea893b76a2b98be52a721275573f' -> 'sftp://os3-310-44666.vs.sakura.ne.jp/home/ubuntu/VPSsync/01-WorkspaceSync/modelica-shared/CustomLib/PropulsionSystem/.git/objects/ce/2d9d404504ea893b76a2b98be52a721275573f' (668)
2025-12-21 02:33:35: Copy New 'C:/Users/grabacr/VPSsync/01-WorkspaceSync/modelica-shared/CustomLib/PropulsionSystem/.git/objects/cf/4331b1677c5461c7a48d956afeae5d4a08b8a6' -> 'sftp://os3-310-44666.vs.sakura.ne.jp/home/ubuntu/VPSsync/01-WorkspaceSync/modelica-shared/CustomLib/PropulsionSystem/.git/objects/cf/4331b1677c5461c7a48d956afeae5d4a08b8a6' (935)
2025-12-21 02:33:35: Copy New 'C:/Users/grabacr/VPSsync/01-WorkspaceSync/modelica-shared/CustomLib/PropulsionSystem/.git/objects/cf/744611b731ba952fc53c2488d7cc79c7333ba0' -> 'sftp://os3-310-44666.vs.sakura.ne.jp/home/ubuntu/VPSsync/01-WorkspaceSync/modelica-shared/CustomLib/PropulsionSystem/.git/objects/cf/744611b731ba952fc53c2488d7cc79c7333ba0' (667)
2025-12-21 02:33:35: Copy New 'C:/Users/grabacr/VPSsync/01-WorkspaceSync/modelica-shared/CustomLib/PropulsionSystem/.git/objects/ce/73aa4c058765f6ce4ae5112749a8b3ac8cf128' -> 'sftp://os3-310-44666.vs.sakura.ne.jp/home/ubuntu/VPSsync/01-WorkspaceSync/modelica-shared/CustomLib/PropulsionSystem/.git/objects/ce/73aa4c058765f6ce4ae5112749a8b3ac8cf128' (937)
2025-12-21 02:33:35: Copy New 'C:/Users/grabacr/VPSsync/01-WorkspaceSync/modelica-shared/CustomLib/PropulsionSystem/.git/objects/ce/47f839094362de8375861b4da1e1c6a2534131' -> 'sftp://os3-310-44666.vs.sakura.ne.jp/home/ubuntu/VPSsync/01-WorkspaceSync/modelica-shared/CustomLib/PropulsionSystem/.git/objects/ce/47f839094362de8375861b4da1e1c6a2534131' (667)
2025-12-21 02:33:35: Copy New 'C:/Users/grabacr/VPSsync/01-WorkspaceSync/modelica-shared/CustomLib/PropulsionSystem/.git/objects/ce/d569ff7f6263cba80f9431a0e9b85dfb922999' -> 'sftp://os3-310-44666.vs.sakura.ne.jp/home/ubuntu/VPSsync/01-WorkspaceSync/modelica-shared/CustomLib/PropulsionSystem/.git/objects/ce/d569ff7f6263cba80f9431a0e9b85dfb922999' (937)
2025-12-21 02:33:35: Copy New 'C:/Users/grabacr/VPSsync/01-WorkspaceSync/modelica-shared/CustomLib/PropulsionSystem/.git/objects/d0/a6977327a21f743d45564566ce9d0e0c094b92' -> 'sftp://os3-310-44666.vs.sakura.ne.jp/home/ubuntu/VPSsync/01-WorkspaceSync/modelica-shared/CustomLib/PropulsionSystem/.git/objects/d0/a6977327a21f743d45564566ce9d0e0c094b92' (937)
2025-12-21 02:33:35: Copy New 'C:/Users/grabacr/VPSsync/01-WorkspaceSync/modelica-shared/CustomLib/PropulsionSystem/.git/objects/d1/5d8e1298b761dc7e56fe3f8bf9d16c097bec16' -> 'sftp://os3-310-44666.vs.sakura.ne.jp/home/ubuntu/VPSsync/01-WorkspaceSync/modelica-shared/CustomLib/PropulsionSystem/.git/objects/d1/5d8e1298b761dc7e56fe3f8bf9d16c097bec16' (840)
2025-12-21 02:33:35: Copy New 'C:/Users/grabacr/VPSsync/01-WorkspaceSync/modelica-shared/CustomLib/PropulsionSystem/.git/objects/d1/6e6c711ab23f2b466e8293342eb21a810f8359' -> 'sftp://os3-310-44666.vs.sakura.ne.jp/home/ubuntu/VPSsync/01-WorkspaceSync/modelica-shared/CustomLib/PropulsionSystem/.git/objects/d1/6e6c711ab23f2b466e8293342eb21a810f8359' (935)
2025-12-21 02:33:35: Copy New 'C:/Users/grabacr/VPSsync/01-WorkspaceSync/modelica-shared/CustomLib/PropulsionSystem/.git/objects/d3/7a5a9f4cd123d08a779b1c22c1fe2951c7f086' -> 'sftp://os3-310-44666.vs.sakura.ne.jp/home/ubuntu/VPSsync/01-WorkspaceSync/modelica-shared/CustomLib/PropulsionSystem/.git/objects/d3/7a5a9f4cd123d08a779b1c22c1fe2951c7f086' (786)
2025-12-21 02:33:35: Copy New 'C:/Users/grabacr/VPSsync/01-WorkspaceSync/modelica-shared/CustomLib/PropulsionSystem/.git/objects/d3/f863203180d0755d67e222c903ebc88a2e3ee3' -> 'sftp://os3-310-44666.vs.sakura.ne.jp/home/ubuntu/VPSsync/01-WorkspaceSync/modelica-shared/CustomLib/PropulsionSystem/.git/objects/d3/f863203180d0755d67e222c903ebc88a2e3ee3' (793)
2025-12-21 02:33:35: Copy New 'C:/Users/grabacr/VPSsync/01-WorkspaceSync/modelica-shared/CustomLib/PropulsionSystem/.git/objects/d2/6789f3525f3584a98155006ca4089459c68c66' -> 'sftp://os3-310-44666.vs.sakura.ne.jp/home/ubuntu/VPSsync/01-WorkspaceSync/modelica-shared/CustomLib/PropulsionSystem/.git/objects/d2/6789f3525f3584a98155006ca4089459c68c66' (786)
2025-12-21 02:33:36: Copy New 'C:/Users/grabacr/VPSsync/01-WorkspaceSync/modelica-shared/CustomLib/PropulsionSystem/.git/objects/d4/292cca1fa7e2870f001a5fd53acd2fe2caf6c0' -> 'sftp://os3-310-44666.vs.sakura.ne.jp/home/ubuntu/VPSsync/01-WorkspaceSync/modelica-shared/CustomLib/PropulsionSystem/.git/objects/d4/292cca1fa7e2870f001a5fd53acd2fe2caf6c0' (937)
2025-12-21 02:33:36: Copy New 'C:/Users/grabacr/VPSsync/01-WorkspaceSync/modelica-shared/CustomLib/PropulsionSystem/.git/objects/d5/0d2854ebcaa62a88d4aebd7667cfac25f19a6a' -> 'sftp://os3-310-44666.vs.sakura.ne.jp/home/ubuntu/VPSsync/01-WorkspaceSync/modelica-shared/CustomLib/PropulsionSystem/.git/objects/d5/0d2854ebcaa62a88d4aebd7667cfac25f19a6a' (284)
2025-12-21 02:33:36: Copy New 'C:/Users/grabacr/VPSsync/01-WorkspaceSync/modelica-shared/CustomLib/PropulsionSystem/.git/objects/d5/4bb4e81d6c03ed0a2fefb4d390994e2754e6bc' -> 'sftp://os3-310-44666.vs.sakura.ne.jp/home/ubuntu/VPSsync/01-WorkspaceSync/modelica-shared/CustomLib/PropulsionSystem/.git/objects/d5/4bb4e81d6c03ed0a2fefb4d390994e2754e6bc' (787)
2025-12-21 02:33:36: Copy New 'C:/Users/grabacr/VPSsync/01-WorkspaceSync/modelica-shared/CustomLib/PropulsionSystem/.git/objects/d5/85576c3247ad2b42c6df12a5da1cad29602cb6' -> 'sftp://os3-310-44666.vs.sakura.ne.jp/home/ubuntu/VPSsync/01-WorkspaceSync/modelica-shared/CustomLib/PropulsionSystem/.git/objects/d5/85576c3247ad2b42c6df12a5da1cad29602cb6' (937)
2025-12-21 02:33:36: Copy New 'C:/Users/grabacr/VPSsync/01-WorkspaceSync/modelica-shared/CustomLib/PropulsionSystem/.git/objects/d5/8d388eb516b75cacdd87ae18bdb02c35dac926' -> 'sftp://os3-310-44666.vs.sakura.ne.jp/home/ubuntu/VPSsync/01-WorkspaceSync/modelica-shared/CustomLib/PropulsionSystem/.git/objects/d5/8d388eb516b75cacdd87ae18bdb02c35dac926' (942)
2025-12-21 02:33:36: Copy New 'C:/Users/grabacr/VPSsync/01-WorkspaceSync/modelica-shared/CustomLib/PropulsionSystem/.git/objects/d4/37f7db9e575098613ed39129765aa31ca1824e' -> 'sftp://os3-310-44666.vs.sakura.ne.jp/home/ubuntu/VPSsync/01-WorkspaceSync/modelica-shared/CustomLib/PropulsionSystem/.git/objects/d4/37f7db9e575098613ed39129765aa31ca1824e' (939)
2025-12-21 02:33:36: Copy New 'C:/Users/grabacr/VPSsync/01-WorkspaceSync/modelica-shared/CustomLib/PropulsionSystem/.git/objects/d5/940d4c0dd346c3ca506989842f60022f61878b' -> 'sftp://os3-310-44666.vs.sakura.ne.jp/home/ubuntu/VPSsync/01-WorkspaceSync/modelica-shared/CustomLib/PropulsionSystem/.git/objects/d5/940d4c0dd346c3ca506989842f60022f61878b' (191)
2025-12-21 02:33:36: Copy New 'C:/Users/grabacr/VPSsync/01-WorkspaceSync/modelica-shared/CustomLib/PropulsionSystem/.git/objects/d4/636a5f5ca827cca4dbd3f549c9b9c16ddc546f' -> 'sftp://os3-310-44666.vs.sakura.ne.jp/home/ubuntu/VPSsync/01-WorkspaceSync/modelica-shared/CustomLib/PropulsionSystem/.git/objects/d4/636a5f5ca827cca4dbd3f549c9b9c16ddc546f' (787)
2025-12-21 02:33:36: Copy New 'C:/Users/grabacr/VPSsync/01-WorkspaceSync/modelica-shared/CustomLib/PropulsionSystem/.git/objects/d6/07b58df25e249ec42ebef08a7a1ba28daeaa47' -> 'sftp://os3-310-44666.vs.sakura.ne.jp/home/ubuntu/VPSsync/01-WorkspaceSync/modelica-shared/CustomLib/PropulsionSystem/.git/objects/d6/07b58df25e249ec42ebef08a7a1ba28daeaa47' (787)
2025-12-21 02:33:36: Copy New 'C:/Users/grabacr/VPSsync/01-WorkspaceSync/modelica-shared/CustomLib/PropulsionSystem/.git/objects/d8/2bc8fd4e18980256dd8b6ef17651d8b6fe9559' -> 'sftp://os3-310-44666.vs.sakura.ne.jp/home/ubuntu/VPSsync/01-WorkspaceSync/modelica-shared/CustomLib/PropulsionSystem/.git/objects/d8/2bc8fd4e18980256dd8b6ef17651d8b6fe9559' (936)
2025-12-21 02:33:36: Copy New 'C:/Users/grabacr/VPSsync/01-WorkspaceSync/modelica-shared/CustomLib/PropulsionSystem/.git/objects/d8/ab46c0e1e49e59597f5d1966b675ec3cbb70ce' -> 'sftp://os3-310-44666.vs.sakura.ne.jp/home/ubuntu/VPSsync/01-WorkspaceSync/modelica-shared/CustomLib/PropulsionSystem/.git/objects/d8/ab46c0e1e49e59597f5d1966b675ec3cbb70ce' (758)
2025-12-21 02:33:36: Copy New 'C:/Users/grabacr/VPSsync/01-WorkspaceSync/modelica-shared/CustomLib/PropulsionSystem/.git/objects/d6/169281ce71f6e47eecdd55e0e306fcc288aecb' -> 'sftp://os3-310-44666.vs.sakura.ne.jp/home/ubuntu/VPSsync/01-WorkspaceSync/modelica-shared/CustomLib/PropulsionSystem/.git/objects/d6/169281ce71f6e47eecdd55e0e306fcc288aecb' (787)
2025-12-21 02:33:36: Copy New 'C:/Users/grabacr/VPSsync/01-WorkspaceSync/modelica-shared/CustomLib/PropulsionSystem/.git/objects/d6/589809e4eeb608f3c4431161a6542e0fa633ee' -> 'sftp://os3-310-44666.vs.sakura.ne.jp/home/ubuntu/VPSsync/01-WorkspaceSync/modelica-shared/CustomLib/PropulsionSystem/.git/objects/d6/589809e4eeb608f3c4431161a6542e0fa633ee' (787)
2025-12-21 02:33:36: Copy New 'C:/Users/grabacr/VPSsync/01-WorkspaceSync/modelica-shared/CustomLib/PropulsionSystem/.git/objects/d9/5978c46c5e86a20ccdf864976995ce25da1f7f' -> 'sftp://os3-310-44666.vs.sakura.ne.jp/home/ubuntu/VPSsync/01-WorkspaceSync/modelica-shared/CustomLib/PropulsionSystem/.git/objects/d9/5978c46c5e86a20ccdf864976995ce25da1f7f' (938)
2025-12-21 02:33:36: Copy New 'C:/Users/grabacr/VPSsync/01-WorkspaceSync/modelica-shared/CustomLib/PropulsionSystem/.git/objects/da/0447eae3ee41bcc1845935d9ef936480842489' -> 'sftp://os3-310-44666.vs.sakura.ne.jp/home/ubuntu/VPSsync/01-WorkspaceSync/modelica-shared/CustomLib/PropulsionSystem/.git/objects/da/0447eae3ee41bcc1845935d9ef936480842489' (936)
2025-12-21 02:33:36: Copy New 'C:/Users/grabacr/VPSsync/01-WorkspaceSync/modelica-shared/CustomLib/PropulsionSystem/.git/objects/da/222239f9cb171cc260731cec24b3e168fb35c9' -> 'sftp://os3-310-44666.vs.sakura.ne.jp/home/ubuntu/VPSsync/01-WorkspaceSync/modelica-shared/CustomLib/PropulsionSystem/.git/objects/da/222239f9cb171cc260731cec24b3e168fb35c9' (838)
2025-12-21 02:33:36: Copy New 'C:/Users/grabacr/VPSsync/01-WorkspaceSync/modelica-shared/CustomLib/PropulsionSystem/.git/objects/da/23f8bb1efdfc1d60c895fbd6504761b73c21b9' -> 'sftp://os3-310-44666.vs.sakura.ne.jp/home/ubuntu/VPSsync/01-WorkspaceSync/modelica-shared/CustomLib/PropulsionSystem/.git/objects/da/23f8bb1efdfc1d60c895fbd6504761b73c21b9' (787)
2025-12-21 02:33:37: Copy New 'C:/Users/grabacr/VPSsync/01-WorkspaceSync/modelica-shared/CustomLib/PropulsionSystem/.git/objects/da/50e0e094767ce5659a50e8d2b80954bbba2bfd' -> 'sftp://os3-310-44666.vs.sakura.ne.jp/home/ubuntu/VPSsync/01-WorkspaceSync/modelica-shared/CustomLib/PropulsionSystem/.git/objects/da/50e0e094767ce5659a50e8d2b80954bbba2bfd' (789)
2025-12-21 02:33:37: Copy New 'C:/Users/grabacr/VPSsync/01-WorkspaceSync/modelica-shared/CustomLib/PropulsionSystem/.git/objects/da/42d28e9669c91f81089b91704f8311df8a1ac4' -> 'sftp://os3-310-44666.vs.sakura.ne.jp/home/ubuntu/VPSsync/01-WorkspaceSync/modelica-shared/CustomLib/PropulsionSystem/.git/objects/da/42d28e9669c91f81089b91704f8311df8a1ac4' (190)
2025-12-21 02:33:37: Copy New 'C:/Users/grabacr/VPSsync/01-WorkspaceSync/modelica-shared/CustomLib/PropulsionSystem/.git/objects/da/55b79192095ea8e4a7a10cf6c5aecafb0eb896' -> 'sftp://os3-310-44666.vs.sakura.ne.jp/home/ubuntu/VPSsync/01-WorkspaceSync/modelica-shared/CustomLib/PropulsionSystem/.git/objects/da/55b79192095ea8e4a7a10cf6c5aecafb0eb896' (669)
2025-12-21 02:33:37: Copy New 'C:/Users/grabacr/VPSsync/01-WorkspaceSync/modelica-shared/CustomLib/PropulsionSystem/.git/objects/da/eda1df00834570bc0a98cc94ab92e563856b1f' -> 'sftp://os3-310-44666.vs.sakura.ne.jp/home/ubuntu/VPSsync/01-WorkspaceSync/modelica-shared/CustomLib/PropulsionSystem/.git/objects/da/eda1df00834570bc0a98cc94ab92e563856b1f' (58)
2025-12-21 02:33:37: Copy New 'C:/Users/grabacr/VPSsync/01-WorkspaceSync/modelica-shared/CustomLib/PropulsionSystem/.git/objects/da/fac9c6537173ff0b155bbddc5d5c1d59da3d79' -> 'sftp://os3-310-44666.vs.sakura.ne.jp/home/ubuntu/VPSsync/01-WorkspaceSync/modelica-shared/CustomLib/PropulsionSystem/.git/objects/da/fac9c6537173ff0b155bbddc5d5c1d59da3d79' (536)
2025-12-21 02:33:37: Copy New 'C:/Users/grabacr/VPSsync/01-WorkspaceSync/modelica-shared/CustomLib/PropulsionSystem/.git/objects/d9/5d6428d3aae54c40a1064cd2a299e23e40fc37' -> 'sftp://os3-310-44666.vs.sakura.ne.jp/home/ubuntu/VPSsync/01-WorkspaceSync/modelica-shared/CustomLib/PropulsionSystem/.git/objects/d9/5d6428d3aae54c40a1064cd2a299e23e40fc37' (845)
2025-12-21 02:33:37: Copy New 'C:/Users/grabacr/VPSsync/01-WorkspaceSync/modelica-shared/CustomLib/PropulsionSystem/.git/objects/d9/e1b443abd7dd280af87f89426af6c14daa20b4' -> 'sftp://os3-310-44666.vs.sakura.ne.jp/home/ubuntu/VPSsync/01-WorkspaceSync/modelica-shared/CustomLib/PropulsionSystem/.git/objects/d9/e1b443abd7dd280af87f89426af6c14daa20b4' (789)
2025-12-21 02:33:37: Copy New 'C:/Users/grabacr/VPSsync/01-WorkspaceSync/modelica-shared/CustomLib/PropulsionSystem/.git/objects/db/141ef22c88b4138ac8dc30a8c0372d31ebb5ff' -> 'sftp://os3-310-44666.vs.sakura.ne.jp/home/ubuntu/VPSsync/01-WorkspaceSync/modelica-shared/CustomLib/PropulsionSystem/.git/objects/db/141ef22c88b4138ac8dc30a8c0372d31ebb5ff' (667)
2025-12-21 02:33:37: Copy New 'C:/Users/grabacr/VPSsync/01-WorkspaceSync/modelica-shared/CustomLib/PropulsionSystem/.git/objects/dc/def3253e79a70921452e67709d81fd66d5fbd1' -> 'sftp://os3-310-44666.vs.sakura.ne.jp/home/ubuntu/VPSsync/01-WorkspaceSync/modelica-shared/CustomLib/PropulsionSystem/.git/objects/dc/def3253e79a70921452e67709d81fd66d5fbd1' (99,646)
2025-12-21 02:33:37: Copy New 'C:/Users/grabacr/VPSsync/01-WorkspaceSync/modelica-shared/CustomLib/PropulsionSystem/.git/objects/e0/8e52c745167443968b78cc49314ef6af14f13c' -> 'sftp://os3-310-44666.vs.sakura.ne.jp/home/ubuntu/VPSsync/01-WorkspaceSync/modelica-shared/CustomLib/PropulsionSystem/.git/objects/e0/8e52c745167443968b78cc49314ef6af14f13c' (787)
2025-12-21 02:33:37: Copy New 'C:/Users/grabacr/VPSsync/01-WorkspaceSync/modelica-shared/CustomLib/PropulsionSystem/.git/objects/dd/8c4e6ceb74e8ebb2fc9e28c270f2382cf51cf1' -> 'sftp://os3-310-44666.vs.sakura.ne.jp/home/ubuntu/VPSsync/01-WorkspaceSync/modelica-shared/CustomLib/PropulsionSystem/.git/objects/dd/8c4e6ceb74e8ebb2fc9e28c270f2382cf51cf1' (670)
2025-12-21 02:33:37: Copy New 'C:/Users/grabacr/VPSsync/01-WorkspaceSync/modelica-shared/CustomLib/PropulsionSystem/.git/objects/e0/a29599624156344c81b31670c50ba9842ab472' -> 'sftp://os3-310-44666.vs.sakura.ne.jp/home/ubuntu/VPSsync/01-WorkspaceSync/modelica-shared/CustomLib/PropulsionSystem/.git/objects/e0/a29599624156344c81b31670c50ba9842ab472' (758)
2025-12-21 02:33:38: Copy New 'C:/Users/grabacr/VPSsync/01-WorkspaceSync/modelica-shared/CustomLib/PropulsionSystem/.git/objects/de/1e041817aaf4556d279e7eaceccdb4574c8bd8' -> 'sftp://os3-310-44666.vs.sakura.ne.jp/home/ubuntu/VPSsync/01-WorkspaceSync/modelica-shared/CustomLib/PropulsionSystem/.git/objects/de/1e041817aaf4556d279e7eaceccdb4574c8bd8' (935)
2025-12-21 02:33:38: Copy New 'C:/Users/grabacr/VPSsync/01-WorkspaceSync/modelica-shared/CustomLib/PropulsionSystem/.git/objects/dd/dae0b63eae16d4a25b807416f3358b19aa0670' -> 'sftp://os3-310-44666.vs.sakura.ne.jp/home/ubuntu/VPSsync/01-WorkspaceSync/modelica-shared/CustomLib/PropulsionSystem/.git/objects/dd/dae0b63eae16d4a25b807416f3358b19aa0670' (935)
2025-12-21 02:33:38: Copy New 'C:/Users/grabacr/VPSsync/01-WorkspaceSync/modelica-shared/CustomLib/PropulsionSystem/.git/objects/de/ee4de7f8d472797ea2bcc9b0ebf22207e5e7eb' -> 'sftp://os3-310-44666.vs.sakura.ne.jp/home/ubuntu/VPSsync/01-WorkspaceSync/modelica-shared/CustomLib/PropulsionSystem/.git/objects/de/ee4de7f8d472797ea2bcc9b0ebf22207e5e7eb' (983)
2025-12-21 02:33:38: Copy New 'C:/Users/grabacr/VPSsync/01-WorkspaceSync/modelica-shared/CustomLib/PropulsionSystem/.git/objects/e1/4602e5396d737334a4c6d09e633892cd42663f' -> 'sftp://os3-310-44666.vs.sakura.ne.jp/home/ubuntu/VPSsync/01-WorkspaceSync/modelica-shared/CustomLib/PropulsionSystem/.git/objects/e1/4602e5396d737334a4c6d09e633892cd42663f' (668)
2025-12-21 02:33:38: Copy New 'C:/Users/grabacr/VPSsync/01-WorkspaceSync/modelica-shared/CustomLib/PropulsionSystem/.git/objects/de/8e6ccb6b595609aabb204ee6652f3a365c10e4' -> 'sftp://os3-310-44666.vs.sakura.ne.jp/home/ubuntu/VPSsync/01-WorkspaceSync/modelica-shared/CustomLib/PropulsionSystem/.git/objects/de/8e6ccb6b595609aabb204ee6652f3a365c10e4' (138)
2025-12-21 02:33:38: Copy New 'C:/Users/grabacr/VPSsync/01-WorkspaceSync/modelica-shared/CustomLib/PropulsionSystem/.git/objects/e2/450d0a708f82cc2341a0767631025f12e9e89b' -> 'sftp://os3-310-44666.vs.sakura.ne.jp/home/ubuntu/VPSsync/01-WorkspaceSync/modelica-shared/CustomLib/PropulsionSystem/.git/objects/e2/450d0a708f82cc2341a0767631025f12e9e89b' (668)
2025-12-21 02:33:38: Copy New 'C:/Users/grabacr/VPSsync/01-WorkspaceSync/modelica-shared/CustomLib/PropulsionSystem/.git/objects/e2/7fac4a1169afaa3384695590145a80bdb2905a' -> 'sftp://os3-310-44666.vs.sakura.ne.jp/home/ubuntu/VPSsync/01-WorkspaceSync/modelica-shared/CustomLib/PropulsionSystem/.git/objects/e2/7fac4a1169afaa3384695590145a80bdb2905a' (668)
2025-12-21 02:33:38: Copy New 'C:/Users/grabacr/VPSsync/01-WorkspaceSync/modelica-shared/CustomLib/PropulsionSystem/.git/objects/e2/d125e24a296dc559f33514516492407163ab36' -> 'sftp://os3-310-44666.vs.sakura.ne.jp/home/ubuntu/VPSsync/01-WorkspaceSync/modelica-shared/CustomLib/PropulsionSystem/.git/objects/e2/d125e24a296dc559f33514516492407163ab36' (668)
2025-12-21 02:33:38: Copy New 'C:/Users/grabacr/VPSsync/01-WorkspaceSync/modelica-shared/CustomLib/PropulsionSystem/.git/objects/e1/7cd5e836c4bc89802194a1465f2a703d4b1504' -> 'sftp://os3-310-44666.vs.sakura.ne.jp/home/ubuntu/VPSsync/01-WorkspaceSync/modelica-shared/CustomLib/PropulsionSystem/.git/objects/e1/7cd5e836c4bc89802194a1465f2a703d4b1504' (787)
2025-12-21 02:33:38: Copy New 'C:/Users/grabacr/VPSsync/01-WorkspaceSync/modelica-shared/CustomLib/PropulsionSystem/.git/objects/e1/ad8bd133618ef22c5a98e34f4eed342ba4c5f6' -> 'sftp://os3-310-44666.vs.sakura.ne.jp/home/ubuntu/VPSsync/01-WorkspaceSync/modelica-shared/CustomLib/PropulsionSystem/.git/objects/e1/ad8bd133618ef22c5a98e34f4eed342ba4c5f6' (939)
2025-12-21 02:33:38: Copy New 'C:/Users/grabacr/VPSsync/01-WorkspaceSync/modelica-shared/CustomLib/PropulsionSystem/.git/objects/e3/78bc8d04359a278f7514c7bb3b3723d476ce6e' -> 'sftp://os3-310-44666.vs.sakura.ne.jp/home/ubuntu/VPSsync/01-WorkspaceSync/modelica-shared/CustomLib/PropulsionSystem/.git/objects/e3/78bc8d04359a278f7514c7bb3b3723d476ce6e' (668)
2025-12-21 02:33:38: Copy New 'C:/Users/grabacr/VPSsync/01-WorkspaceSync/modelica-shared/CustomLib/PropulsionSystem/.git/objects/e5/9f50f43ee8a4c99f4c6bc64e612bf6731aeb0d' -> 'sftp://os3-310-44666.vs.sakura.ne.jp/home/ubuntu/VPSsync/01-WorkspaceSync/modelica-shared/CustomLib/PropulsionSystem/.git/objects/e5/9f50f43ee8a4c99f4c6bc64e612bf6731aeb0d' (786)
2025-12-21 02:33:38: Copy New 'C:/Users/grabacr/VPSsync/01-WorkspaceSync/modelica-shared/CustomLib/PropulsionSystem/.git/objects/e5/1f0aa630a8eae8edf5ef0f0c8f5fff499a2878' -> 'sftp://os3-310-44666.vs.sakura.ne.jp/home/ubuntu/VPSsync/01-WorkspaceSync/modelica-shared/CustomLib/PropulsionSystem/.git/objects/e5/1f0aa630a8eae8edf5ef0f0c8f5fff499a2878' (667)
2025-12-21 02:33:38: Copy New 'C:/Users/grabacr/VPSsync/01-WorkspaceSync/modelica-shared/CustomLib/PropulsionSystem/.git/objects/e4/12f8fd4ae74230dbec000e79c13ad987370d66' -> 'sftp://os3-310-44666.vs.sakura.ne.jp/home/ubuntu/VPSsync/01-WorkspaceSync/modelica-shared/CustomLib/PropulsionSystem/.git/objects/e4/12f8fd4ae74230dbec000e79c13ad987370d66' (936)
2025-12-21 02:33:38: Copy New 'C:/Users/grabacr/VPSsync/01-WorkspaceSync/modelica-shared/CustomLib/PropulsionSystem/.git/objects/e4/2cde19916ef1febef4ddc71e07a5bf81638815' -> 'sftp://os3-310-44666.vs.sakura.ne.jp/home/ubuntu/VPSsync/01-WorkspaceSync/modelica-shared/CustomLib/PropulsionSystem/.git/objects/e4/2cde19916ef1febef4ddc71e07a5bf81638815' (939)
2025-12-21 02:33:38: Copy New 'C:/Users/grabacr/VPSsync/01-WorkspaceSync/modelica-shared/CustomLib/PropulsionSystem/.git/objects/e4/ddfd0f6c2dda349f8e8670a5bf146ef0803a0a' -> 'sftp://os3-310-44666.vs.sakura.ne.jp/home/ubuntu/VPSsync/01-WorkspaceSync/modelica-shared/CustomLib/PropulsionSystem/.git/objects/e4/ddfd0f6c2dda349f8e8670a5bf146ef0803a0a' (677)
2025-12-21 02:33:38: Copy New 'C:/Users/grabacr/VPSsync/01-WorkspaceSync/modelica-shared/CustomLib/PropulsionSystem/.git/objects/e6/e8a3b6cb05c218837bee044793ed43fc8080a6' -> 'sftp://os3-310-44666.vs.sakura.ne.jp/home/ubuntu/VPSsync/01-WorkspaceSync/modelica-shared/CustomLib/PropulsionSystem/.git/objects/e6/e8a3b6cb05c218837bee044793ed43fc8080a6' (788)
2025-12-21 02:33:38: Copy New 'C:/Users/grabacr/VPSsync/01-WorkspaceSync/modelica-shared/CustomLib/PropulsionSystem/.git/objects/e4/ebb29df77fe99f55d85ca69859d92b201651a6' -> 'sftp://os3-310-44666.vs.sakura.ne.jp/home/ubuntu/VPSsync/01-WorkspaceSync/modelica-shared/CustomLib/PropulsionSystem/.git/objects/e4/ebb29df77fe99f55d85ca69859d92b201651a6' (75)
2025-12-21 02:33:38: Copy New 'C:/Users/grabacr/VPSsync/01-WorkspaceSync/modelica-shared/CustomLib/PropulsionSystem/.git/objects/e7/8f24c12a2a8f2e8ecfcd23f7de528a3f5f66fc' -> 'sftp://os3-310-44666.vs.sakura.ne.jp/home/ubuntu/VPSsync/01-WorkspaceSync/modelica-shared/CustomLib/PropulsionSystem/.git/objects/e7/8f24c12a2a8f2e8ecfcd23f7de528a3f5f66fc' (790)
2025-12-21 02:33:39: Copy New 'C:/Users/grabacr/VPSsync/01-WorkspaceSync/modelica-shared/CustomLib/PropulsionSystem/.git/objects/e7/d4aa45088c397d1de7f0950ea1b7aa437769a4' -> 'sftp://os3-310-44666.vs.sakura.ne.jp/home/ubuntu/VPSsync/01-WorkspaceSync/modelica-shared/CustomLib/PropulsionSystem/.git/objects/e7/d4aa45088c397d1de7f0950ea1b7aa437769a4' (939)
2025-12-21 02:33:39: Copy New 'C:/Users/grabacr/VPSsync/01-WorkspaceSync/modelica-shared/CustomLib/PropulsionSystem/.git/objects/e7/e686c236dd55825dc9f7d76510275e9a944028' -> 'sftp://os3-310-44666.vs.sakura.ne.jp/home/ubuntu/VPSsync/01-WorkspaceSync/modelica-shared/CustomLib/PropulsionSystem/.git/objects/e7/e686c236dd55825dc9f7d76510275e9a944028' (667)
2025-12-21 02:33:39: Copy New 'C:/Users/grabacr/VPSsync/01-WorkspaceSync/modelica-shared/CustomLib/PropulsionSystem/.git/objects/e8/26bc901f821abb3e17f86cd9ef74571395bfd7' -> 'sftp://os3-310-44666.vs.sakura.ne.jp/home/ubuntu/VPSsync/01-WorkspaceSync/modelica-shared/CustomLib/PropulsionSystem/.git/objects/e8/26bc901f821abb3e17f86cd9ef74571395bfd7' (787)
2025-12-21 02:33:39: Copy New 'C:/Users/grabacr/VPSsync/01-WorkspaceSync/modelica-shared/CustomLib/PropulsionSystem/.git/objects/e9/18faa797ff73e8cda561e03ea19566ff7adaae' -> 'sftp://os3-310-44666.vs.sakura.ne.jp/home/ubuntu/VPSsync/01-WorkspaceSync/modelica-shared/CustomLib/PropulsionSystem/.git/objects/e9/18faa797ff73e8cda561e03ea19566ff7adaae' (936)
2025-12-21 02:33:39: Copy New 'C:/Users/grabacr/VPSsync/01-WorkspaceSync/modelica-shared/CustomLib/PropulsionSystem/.git/objects/e9/afb379d542f1d0b9002e25d48d6182865d32e4' -> 'sftp://os3-310-44666.vs.sakura.ne.jp/home/ubuntu/VPSsync/01-WorkspaceSync/modelica-shared/CustomLib/PropulsionSystem/.git/objects/e9/afb379d542f1d0b9002e25d48d6182865d32e4' (934)
2025-12-21 02:33:39: Copy New 'C:/Users/grabacr/VPSsync/01-WorkspaceSync/modelica-shared/CustomLib/PropulsionSystem/.git/objects/ea/1133e1bbba6df8c29aee8d42d0d03f6d8c4f15' -> 'sftp://os3-310-44666.vs.sakura.ne.jp/home/ubuntu/VPSsync/01-WorkspaceSync/modelica-shared/CustomLib/PropulsionSystem/.git/objects/ea/1133e1bbba6df8c29aee8d42d0d03f6d8c4f15' (184)
2025-12-21 02:33:39: Copy New 'C:/Users/grabacr/VPSsync/01-WorkspaceSync/modelica-shared/CustomLib/PropulsionSystem/.git/objects/eb/9061fd3480b67f3542e5c83ac6bda3279c6712' -> 'sftp://os3-310-44666.vs.sakura.ne.jp/home/ubuntu/VPSsync/01-WorkspaceSync/modelica-shared/CustomLib/PropulsionSystem/.git/objects/eb/9061fd3480b67f3542e5c83ac6bda3279c6712' (838)
2025-12-21 02:33:39: Copy New 'C:/Users/grabacr/VPSsync/01-WorkspaceSync/modelica-shared/CustomLib/PropulsionSystem/.git/objects/ea/6de8f38fc278c1f94a46846abdc6d6d014757a' -> 'sftp://os3-310-44666.vs.sakura.ne.jp/home/ubuntu/VPSsync/01-WorkspaceSync/modelica-shared/CustomLib/PropulsionSystem/.git/objects/ea/6de8f38fc278c1f94a46846abdc6d6d014757a' (937)
2025-12-21 02:33:39: Copy New 'C:/Users/grabacr/VPSsync/01-WorkspaceSync/modelica-shared/CustomLib/PropulsionSystem/.git/objects/ec/e9133471c3d20a19ee940a417a954c0b1002d7' -> 'sftp://os3-310-44666.vs.sakura.ne.jp/home/ubuntu/VPSsync/01-WorkspaceSync/modelica-shared/CustomLib/PropulsionSystem/.git/objects/ec/e9133471c3d20a19ee940a417a954c0b1002d7' (675)
2025-12-21 02:33:39: Copy New 'C:/Users/grabacr/VPSsync/01-WorkspaceSync/modelica-shared/CustomLib/PropulsionSystem/.git/objects/ed/37432af6965e01cd1f63b73a9e77a9fee86177' -> 'sftp://os3-310-44666.vs.sakura.ne.jp/home/ubuntu/VPSsync/01-WorkspaceSync/modelica-shared/CustomLib/PropulsionSystem/.git/objects/ed/37432af6965e01cd1f63b73a9e77a9fee86177' (788)
2025-12-21 02:33:39: Copy New 'C:/Users/grabacr/VPSsync/01-WorkspaceSync/modelica-shared/CustomLib/PropulsionSystem/.git/objects/ed/8453a5d0b09dae1b5abdf66c8078b61081d571' -> 'sftp://os3-310-44666.vs.sakura.ne.jp/home/ubuntu/VPSsync/01-WorkspaceSync/modelica-shared/CustomLib/PropulsionSystem/.git/objects/ed/8453a5d0b09dae1b5abdf66c8078b61081d571' (668)
2025-12-21 02:33:39: Copy New 'C:/Users/grabacr/VPSsync/01-WorkspaceSync/modelica-shared/CustomLib/PropulsionSystem/.git/objects/f0/b970661613c1c771d04811c5d04fa8dffa6291' -> 'sftp://os3-310-44666.vs.sakura.ne.jp/home/ubuntu/VPSsync/01-WorkspaceSync/modelica-shared/CustomLib/PropulsionSystem/.git/objects/f0/b970661613c1c771d04811c5d04fa8dffa6291' (787)
2025-12-21 02:33:39: Copy New 'C:/Users/grabacr/VPSsync/01-WorkspaceSync/modelica-shared/CustomLib/PropulsionSystem/.git/objects/ef/aaa546b8e5ce1e67f2de7c8ede5e7247ab88cf' -> 'sftp://os3-310-44666.vs.sakura.ne.jp/home/ubuntu/VPSsync/01-WorkspaceSync/modelica-shared/CustomLib/PropulsionSystem/.git/objects/ef/aaa546b8e5ce1e67f2de7c8ede5e7247ab88cf' (668)
2025-12-21 02:33:39: Copy New 'C:/Users/grabacr/VPSsync/01-WorkspaceSync/modelica-shared/CustomLib/PropulsionSystem/.git/objects/ef/6f7844257eb01dfd808fa387c023584e6a56d5' -> 'sftp://os3-310-44666.vs.sakura.ne.jp/home/ubuntu/VPSsync/01-WorkspaceSync/modelica-shared/CustomLib/PropulsionSystem/.git/objects/ef/6f7844257eb01dfd808fa387c023584e6a56d5' (61)
2025-12-21 02:33:39: Copy New 'C:/Users/grabacr/VPSsync/01-WorkspaceSync/modelica-shared/CustomLib/PropulsionSystem/.git/objects/ef/b9b9e45d3e00a400c2fa2e8fb46e53c5af67b5' -> 'sftp://os3-310-44666.vs.sakura.ne.jp/home/ubuntu/VPSsync/01-WorkspaceSync/modelica-shared/CustomLib/PropulsionSystem/.git/objects/ef/b9b9e45d3e00a400c2fa2e8fb46e53c5af67b5' (787)
2025-12-21 02:33:39: Copy New 'C:/Users/grabacr/VPSsync/01-WorkspaceSync/modelica-shared/CustomLib/PropulsionSystem/.git/objects/f1/547fd501c5283b0c1a787539b564ac15368a1f' -> 'sftp://os3-310-44666.vs.sakura.ne.jp/home/ubuntu/VPSsync/01-WorkspaceSync/modelica-shared/CustomLib/PropulsionSystem/.git/objects/f1/547fd501c5283b0c1a787539b564ac15368a1f' (667)
2025-12-21 02:33:40: Copy New 'C:/Users/grabacr/VPSsync/01-WorkspaceSync/modelica-shared/CustomLib/PropulsionSystem/.git/objects/f2/018ad030fb90d09eced12abf0efddd7c19bcbe' -> 'sftp://os3-310-44666.vs.sakura.ne.jp/home/ubuntu/VPSsync/01-WorkspaceSync/modelica-shared/CustomLib/PropulsionSystem/.git/objects/f2/018ad030fb90d09eced12abf0efddd7c19bcbe' (115)
2025-12-21 02:33:40: Copy New 'C:/Users/grabacr/VPSsync/01-WorkspaceSync/modelica-shared/CustomLib/PropulsionSystem/.git/objects/f2/cc3f5675cdeb62ef20825835d29ef287ca3eeb' -> 'sftp://os3-310-44666.vs.sakura.ne.jp/home/ubuntu/VPSsync/01-WorkspaceSync/modelica-shared/CustomLib/PropulsionSystem/.git/objects/f2/cc3f5675cdeb62ef20825835d29ef287ca3eeb' (937)
2025-12-21 02:33:40: Copy New 'C:/Users/grabacr/VPSsync/01-WorkspaceSync/modelica-shared/CustomLib/PropulsionSystem/.git/objects/f1/8e33c19fff8cf4e60983054b5f0c011d5a8778' -> 'sftp://os3-310-44666.vs.sakura.ne.jp/home/ubuntu/VPSsync/01-WorkspaceSync/modelica-shared/CustomLib/PropulsionSystem/.git/objects/f1/8e33c19fff8cf4e60983054b5f0c011d5a8778' (937)
2025-12-21 02:33:40: Copy New 'C:/Users/grabacr/VPSsync/01-WorkspaceSync/modelica-shared/CustomLib/PropulsionSystem/.git/objects/f3/7e8c3d97b01588e0b5b7e0166ff87d0e3fcfec' -> 'sftp://os3-310-44666.vs.sakura.ne.jp/home/ubuntu/VPSsync/01-WorkspaceSync/modelica-shared/CustomLib/PropulsionSystem/.git/objects/f3/7e8c3d97b01588e0b5b7e0166ff87d0e3fcfec' (937)
2025-12-21 02:33:40: Copy New 'C:/Users/grabacr/VPSsync/01-WorkspaceSync/modelica-shared/CustomLib/PropulsionSystem/.git/objects/f5/59d9a03c3e0c4a2996ad49d6d8100cd1b0c11a' -> 'sftp://os3-310-44666.vs.sakura.ne.jp/home/ubuntu/VPSsync/01-WorkspaceSync/modelica-shared/CustomLib/PropulsionSystem/.git/objects/f5/59d9a03c3e0c4a2996ad49d6d8100cd1b0c11a' (789)
2025-12-21 02:33:40: Copy New 'C:/Users/grabacr/VPSsync/01-WorkspaceSync/modelica-shared/CustomLib/PropulsionSystem/.git/objects/f5/c636d8f282763af01d4c55b5ae529934fb2460' -> 'sftp://os3-310-44666.vs.sakura.ne.jp/home/ubuntu/VPSsync/01-WorkspaceSync/modelica-shared/CustomLib/PropulsionSystem/.git/objects/f5/c636d8f282763af01d4c55b5ae529934fb2460' (938)
2025-12-21 02:33:40: Copy New 'C:/Users/grabacr/VPSsync/01-WorkspaceSync/modelica-shared/CustomLib/PropulsionSystem/.git/objects/f5/e7fc21f1a01c6cb4b822f17eb81d2779c2d29e' -> 'sftp://os3-310-44666.vs.sakura.ne.jp/home/ubuntu/VPSsync/01-WorkspaceSync/modelica-shared/CustomLib/PropulsionSystem/.git/objects/f5/e7fc21f1a01c6cb4b822f17eb81d2779c2d29e' (668)
2025-12-21 02:33:40: Copy New 'C:/Users/grabacr/VPSsync/01-WorkspaceSync/modelica-shared/CustomLib/PropulsionSystem/.git/objects/f3/c068bce7141298a9260752c5e2b1e8980d90df' -> 'sftp://os3-310-44666.vs.sakura.ne.jp/home/ubuntu/VPSsync/01-WorkspaceSync/modelica-shared/CustomLib/PropulsionSystem/.git/objects/f3/c068bce7141298a9260752c5e2b1e8980d90df' (936)
2025-12-21 02:33:40: Copy New 'C:/Users/grabacr/VPSsync/01-WorkspaceSync/modelica-shared/CustomLib/PropulsionSystem/.git/objects/f6/058a753f2ac30204641f61a3df5b76457cbd10' -> 'sftp://os3-310-44666.vs.sakura.ne.jp/home/ubuntu/VPSsync/01-WorkspaceSync/modelica-shared/CustomLib/PropulsionSystem/.git/objects/f6/058a753f2ac30204641f61a3df5b76457cbd10' (937)
2025-12-21 02:33:40: Copy New 'C:/Users/grabacr/VPSsync/01-WorkspaceSync/modelica-shared/CustomLib/PropulsionSystem/.git/objects/f7/1f5900e01c30d50a99834c87e7c4bc460c8c46' -> 'sftp://os3-310-44666.vs.sakura.ne.jp/home/ubuntu/VPSsync/01-WorkspaceSync/modelica-shared/CustomLib/PropulsionSystem/.git/objects/f7/1f5900e01c30d50a99834c87e7c4bc460c8c46' (935)
2025-12-21 02:33:40: Copy New 'C:/Users/grabacr/VPSsync/01-WorkspaceSync/modelica-shared/CustomLib/PropulsionSystem/.git/objects/f7/24fd50d600586e7741999ea90165573a6cde07' -> 'sftp://os3-310-44666.vs.sakura.ne.jp/home/ubuntu/VPSsync/01-WorkspaceSync/modelica-shared/CustomLib/PropulsionSystem/.git/objects/f7/24fd50d600586e7741999ea90165573a6cde07' (938)
2025-12-21 02:33:40: Copy New 'C:/Users/grabacr/VPSsync/01-WorkspaceSync/modelica-shared/CustomLib/PropulsionSystem/.git/objects/f7/2adce327317394c5be938229df536a43bb863e' -> 'sftp://os3-310-44666.vs.sakura.ne.jp/home/ubuntu/VPSsync/01-WorkspaceSync/modelica-shared/CustomLib/PropulsionSystem/.git/objects/f7/2adce327317394c5be938229df536a43bb863e' (667)
2025-12-21 02:33:40: Copy New 'C:/Users/grabacr/VPSsync/01-WorkspaceSync/modelica-shared/CustomLib/PropulsionSystem/.git/objects/f6/5341eb1672890bfa7007fc8f04c32057f78d09' -> 'sftp://os3-310-44666.vs.sakura.ne.jp/home/ubuntu/VPSsync/01-WorkspaceSync/modelica-shared/CustomLib/PropulsionSystem/.git/objects/f6/5341eb1672890bfa7007fc8f04c32057f78d09' (939)
2025-12-21 02:33:40: Copy New 'C:/Users/grabacr/VPSsync/01-WorkspaceSync/modelica-shared/CustomLib/PropulsionSystem/.git/objects/f9/6419d2d5927c8df2f9c63222b1e25a8e01de8c' -> 'sftp://os3-310-44666.vs.sakura.ne.jp/home/ubuntu/VPSsync/01-WorkspaceSync/modelica-shared/CustomLib/PropulsionSystem/.git/objects/f9/6419d2d5927c8df2f9c63222b1e25a8e01de8c' (937)
2025-12-21 02:33:40: Copy New 'C:/Users/grabacr/VPSsync/01-WorkspaceSync/modelica-shared/CustomLib/PropulsionSystem/.git/objects/f8/2fe3d6044ed952502f01537a305a1f608fd02c' -> 'sftp://os3-310-44666.vs.sakura.ne.jp/home/ubuntu/VPSsync/01-WorkspaceSync/modelica-shared/CustomLib/PropulsionSystem/.git/objects/f8/2fe3d6044ed952502f01537a305a1f608fd02c' (191)
2025-12-21 02:33:40: Copy New 'C:/Users/grabacr/VPSsync/01-WorkspaceSync/modelica-shared/CustomLib/PropulsionSystem/.git/objects/f9/96633a9f169ba3794a113233231cdb17a239f6' -> 'sftp://os3-310-44666.vs.sakura.ne.jp/home/ubuntu/VPSsync/01-WorkspaceSync/modelica-shared/CustomLib/PropulsionSystem/.git/objects/f9/96633a9f169ba3794a113233231cdb17a239f6' (935)
2025-12-21 02:33:40: Copy New 'C:/Users/grabacr/VPSsync/01-WorkspaceSync/modelica-shared/CustomLib/PropulsionSystem/.git/objects/f9/b782b06abf075c49aae300fccacba0703305f5' -> 'sftp://os3-310-44666.vs.sakura.ne.jp/home/ubuntu/VPSsync/01-WorkspaceSync/modelica-shared/CustomLib/PropulsionSystem/.git/objects/f9/b782b06abf075c49aae300fccacba0703305f5' (937)
2025-12-21 02:33:40: Copy New 'C:/Users/grabacr/VPSsync/01-WorkspaceSync/modelica-shared/CustomLib/PropulsionSystem/.git/objects/f9/fcd3d163f8a5328e5afc1610b4951f44ab00f9' -> 'sftp://os3-310-44666.vs.sakura.ne.jp/home/ubuntu/VPSsync/01-WorkspaceSync/modelica-shared/CustomLib/PropulsionSystem/.git/objects/f9/fcd3d163f8a5328e5afc1610b4951f44ab00f9' (675)
2025-12-21 02:33:41: Copy New 'C:/Users/grabacr/VPSsync/01-WorkspaceSync/modelica-shared/CustomLib/PropulsionSystem/.git/objects/f8/84f8f2db87ff951cf6c0afe60f09c2d2bafabf' -> 'sftp://os3-310-44666.vs.sakura.ne.jp/home/ubuntu/VPSsync/01-WorkspaceSync/modelica-shared/CustomLib/PropulsionSystem/.git/objects/f8/84f8f2db87ff951cf6c0afe60f09c2d2bafabf' (668)
2025-12-21 02:33:41: Copy New 'C:/Users/grabacr/VPSsync/01-WorkspaceSync/modelica-shared/CustomLib/PropulsionSystem/.git/objects/f8/99a88ed63b540a2d88d807a14be4415157b598' -> 'sftp://os3-310-44666.vs.sakura.ne.jp/home/ubuntu/VPSsync/01-WorkspaceSync/modelica-shared/CustomLib/PropulsionSystem/.git/objects/f8/99a88ed63b540a2d88d807a14be4415157b598' (668)
2025-12-21 02:33:41: Copy New 'C:/Users/grabacr/VPSsync/01-WorkspaceSync/modelica-shared/CustomLib/PropulsionSystem/.git/objects/f8/ea685e71ccab568141f453fa5678d0e0498d8a' -> 'sftp://os3-310-44666.vs.sakura.ne.jp/home/ubuntu/VPSsync/01-WorkspaceSync/modelica-shared/CustomLib/PropulsionSystem/.git/objects/f8/ea685e71ccab568141f453fa5678d0e0498d8a' (668)
2025-12-21 02:33:41: Copy New 'C:/Users/grabacr/VPSsync/01-WorkspaceSync/modelica-shared/CustomLib/PropulsionSystem/.git/objects/fa/051399235ac73044af2ff1873f1ce901bb40b8' -> 'sftp://os3-310-44666.vs.sakura.ne.jp/home/ubuntu/VPSsync/01-WorkspaceSync/modelica-shared/CustomLib/PropulsionSystem/.git/objects/fa/051399235ac73044af2ff1873f1ce901bb40b8' (938)
2025-12-21 02:33:41: Copy New 'C:/Users/grabacr/VPSsync/01-WorkspaceSync/modelica-shared/CustomLib/PropulsionSystem/.git/objects/fb/4500086850aec2183417a6812cb02e9c1a2fc2' -> 'sftp://os3-310-44666.vs.sakura.ne.jp/home/ubuntu/VPSsync/01-WorkspaceSync/modelica-shared/CustomLib/PropulsionSystem/.git/objects/fb/4500086850aec2183417a6812cb02e9c1a2fc2' (785)
2025-12-21 02:33:41: Copy New 'C:/Users/grabacr/VPSsync/01-WorkspaceSync/modelica-shared/CustomLib/PropulsionSystem/.git/objects/fb/f051045cd5fdce503715a69c0a70e3882ce89d' -> 'sftp://os3-310-44666.vs.sakura.ne.jp/home/ubuntu/VPSsync/01-WorkspaceSync/modelica-shared/CustomLib/PropulsionSystem/.git/objects/fb/f051045cd5fdce503715a69c0a70e3882ce89d' (668)
2025-12-21 02:33:41: Copy New 'C:/Users/grabacr/VPSsync/01-WorkspaceSync/modelica-shared/CustomLib/PropulsionSystem/.git/objects/fa/1f04b846b6058d1249a42375549a29bac8c198' -> 'sftp://os3-310-44666.vs.sakura.ne.jp/home/ubuntu/VPSsync/01-WorkspaceSync/modelica-shared/CustomLib/PropulsionSystem/.git/objects/fa/1f04b846b6058d1249a42375549a29bac8c198' (935)
2025-12-21 02:33:41: Copy New 'C:/Users/grabacr/VPSsync/01-WorkspaceSync/modelica-shared/CustomLib/PropulsionSystem/.git/objects/fa/7df7ac55c1fd111646c3607bda6a8b9cd7e491' -> 'sftp://os3-310-44666.vs.sakura.ne.jp/home/ubuntu/VPSsync/01-WorkspaceSync/modelica-shared/CustomLib/PropulsionSystem/.git/objects/fa/7df7ac55c1fd111646c3607bda6a8b9cd7e491' (937)
2025-12-21 02:33:41: Copy New 'C:/Users/grabacr/VPSsync/01-WorkspaceSync/modelica-shared/CustomLib/PropulsionSystem/.git/objects/fc/5fd38eb09e17aa2100b7587d5713b36a5fa399' -> 'sftp://os3-310-44666.vs.sakura.ne.jp/home/ubuntu/VPSsync/01-WorkspaceSync/modelica-shared/CustomLib/PropulsionSystem/.git/objects/fc/5fd38eb09e17aa2100b7587d5713b36a5fa399' (785)
2025-12-21 02:33:41: Copy New 'C:/Users/grabacr/VPSsync/01-WorkspaceSync/modelica-shared/CustomLib/PropulsionSystem/.git/objects/fd/0c5cc45f7bd5e4f559597898ab4eae61056aae' -> 'sftp://os3-310-44666.vs.sakura.ne.jp/home/ubuntu/VPSsync/01-WorkspaceSync/modelica-shared/CustomLib/PropulsionSystem/.git/objects/fd/0c5cc45f7bd5e4f559597898ab4eae61056aae' (937)
2025-12-21 02:33:41: Copy New 'C:/Users/grabacr/VPSsync/01-WorkspaceSync/modelica-shared/CustomLib/PropulsionSystem/.git/objects/fc/bed60b86ed2eb9f79ffa42a17d19c50cbdafd6' -> 'sftp://os3-310-44666.vs.sakura.ne.jp/home/ubuntu/VPSsync/01-WorkspaceSync/modelica-shared/CustomLib/PropulsionSystem/.git/objects/fc/bed60b86ed2eb9f79ffa42a17d19c50cbdafd6' (668)
2025-12-21 02:33:41: Copy New 'C:/Users/grabacr/VPSsync/01-WorkspaceSync/modelica-shared/CustomLib/PropulsionSystem/.git/objects/fe/1460f26f142d129e17df224d5f30c86683e0cf' -> 'sftp://os3-310-44666.vs.sakura.ne.jp/home/ubuntu/VPSsync/01-WorkspaceSync/modelica-shared/CustomLib/PropulsionSystem/.git/objects/fe/1460f26f142d129e17df224d5f30c86683e0cf' (937)
2025-12-21 02:33:41: Copy New 'C:/Users/grabacr/VPSsync/01-WorkspaceSync/modelica-shared/CustomLib/PropulsionSystem/.git/objects/ff/19aaa08746127d7a7a038349085b5e8b89d383' -> 'sftp://os3-310-44666.vs.sakura.ne.jp/home/ubuntu/VPSsync/01-WorkspaceSync/modelica-shared/CustomLib/PropulsionSystem/.git/objects/ff/19aaa08746127d7a7a038349085b5e8b89d383' (668)
2025-12-21 02:33:41: Copy New 'C:/Users/grabacr/VPSsync/01-WorkspaceSync/modelica-shared/CustomLib/PropulsionSystem/.git/objects/ff/9e504ef9e49956b6b586485218cca21dfbefae' -> 'sftp://os3-310-44666.vs.sakura.ne.jp/home/ubuntu/VPSsync/01-WorkspaceSync/modelica-shared/CustomLib/PropulsionSystem/.git/objects/ff/9e504ef9e49956b6b586485218cca21dfbefae' (935)
2025-12-21 02:33:41: Copy New 'C:/Users/grabacr/VPSsync/01-WorkspaceSync/modelica-shared/CustomLib/PropulsionSystem/.git/objects/ff/d6bffcce279c6a69cb22dc8557d1de12d056cd' -> 'sftp://os3-310-44666.vs.sakura.ne.jp/home/ubuntu/VPSsync/01-WorkspaceSync/modelica-shared/CustomLib/PropulsionSystem/.git/objects/ff/d6bffcce279c6a69cb22dc8557d1de12d056cd' (675)
2025-12-21 02:33:41: Copy New 'C:/Users/grabacr/VPSsync/01-WorkspaceSync/modelica-shared/CustomLib/PropulsionSystem/.git/objects/ff/b2ada48968455dca1d7c15c5984352682c8a4b' -> 'sftp://os3-310-44666.vs.sakura.ne.jp/home/ubuntu/VPSsync/01-WorkspaceSync/modelica-shared/CustomLib/PropulsionSystem/.git/objects/ff/b2ada48968455dca1d7c15c5984352682c8a4b' (41)
2025-12-21 02:33:41: Copy New 'C:/Users/grabacr/VPSsync/01-WorkspaceSync/modelica-shared/CustomLib/PropulsionSystem/.git/objects/ff/f1a9b44f445fb21c7ca51954df33dd2b34d8aa' -> 'sftp://os3-310-44666.vs.sakura.ne.jp/home/ubuntu/VPSsync/01-WorkspaceSync/modelica-shared/CustomLib/PropulsionSystem/.git/objects/ff/f1a9b44f445fb21c7ca51954df33dd2b34d8aa' (674)
2025-12-21 02:33:41: Copy New 'C:/Users/grabacr/VPSsync/01-WorkspaceSync/modelica-shared/CustomLib/PropulsionSystem/.git/objects/ff/fec696f01d93e0db63a37475494adbc8103d27' -> 'sftp://os3-310-44666.vs.sakura.ne.jp/home/ubuntu/VPSsync/01-WorkspaceSync/modelica-shared/CustomLib/PropulsionSystem/.git/objects/ff/fec696f01d93e0db63a37475494adbc8103d27' (668)
2025-12-21 02:33:41: > Copy New 'C:/Users/grabacr/VPSsync/01-WorkspaceSync/modelica-shared/CustomLib/PropulsionSystem/.git/objects/pack/pack-097042b34043b55f4cea305cc4487110dc98c799.pack' -> 'sftp://os3-310-44666.vs.sakura.ne.jp/home/ubuntu/VPSsync/01-WorkspaceSync/modelica-shared/CustomLib/PropulsionSystem/.git/objects/pack/pack-097042b34043b55f4cea305cc4487110dc98c799.pack' (74,878,441)
2025-12-21 02:33:41: Copy New 'C:/Users/grabacr/VPSsync/01-WorkspaceSync/modelica-shared/CustomLib/PropulsionSystem/.git/objects/fe/81d9c0fc0720a82fc285818f20cbf00ee6145e' -> 'sftp://os3-310-44666.vs.sakura.ne.jp/home/ubuntu/VPSsync/01-WorkspaceSync/modelica-shared/CustomLib/PropulsionSystem/.git/objects/fe/81d9c0fc0720a82fc285818f20cbf00ee6145e' (788)
2025-12-21 02:33:41: > Copy New 'C:/Users/grabacr/VPSsync/01-WorkspaceSync/modelica-shared/CustomLib/PropulsionSystem/.git/objects/pack/pack-e7a24c9e68c7f4b50bf6241104c679d660faf33a.pack' -> 'sftp://os3-310-44666.vs.sakura.ne.jp/home/ubuntu/VPSsync/01-WorkspaceSync/modelica-shared/CustomLib/PropulsionSystem/.git/objects/pack/pack-e7a24c9e68c7f4b50bf6241104c679d660faf33a.pack' (13,925,850)
2025-12-21 02:33:42: Copy New 'C:/Users/grabacr/VPSsync/01-WorkspaceSync/modelica-shared/CustomLib/PropulsionSystem/.git/objects/fe/f908accf2a7a891f0302e0f1be7342c7ec59fd' -> 'sftp://os3-310-44666.vs.sakura.ne.jp/home/ubuntu/VPSsync/01-WorkspaceSync/modelica-shared/CustomLib/PropulsionSystem/.git/objects/fe/f908accf2a7a891f0302e0f1be7342c7ec59fd' (936)
2025-12-21 02:33:54: Copy New 'C:/Users/grabacr/VPSsync/01-WorkspaceSync/modelica-shared/CustomLib/PropulsionSystem/.git/logs/refs/heads/master' -> 'sftp://os3-310-44666.vs.sakura.ne.jp/home/ubuntu/VPSsync/01-WorkspaceSync/modelica-shared/CustomLib/PropulsionSystem/.git/logs/refs/heads/master' (11,126)
2025-12-21 02:34:01: Copy New 'C:/Users/grabacr/VPSsync/01-WorkspaceSync/modelica-shared/CustomLib/PropulsionSystem/.git/refs/heads/master' -> 'sftp://os3-310-44666.vs.sakura.ne.jp/home/ubuntu/VPSsync/01-WorkspaceSync/modelica-shared/CustomLib/PropulsionSystem/.git/refs/heads/master' (41)
2025-12-21 02:34:03: Copy New 'C:/Users/grabacr/VPSsync/01-WorkspaceSync/modelica-shared/CustomLib/PropulsionSystem/.git/refs/remotes/PropulsionSystem/master' -> 'sftp://os3-310-44666.vs.sakura.ne.jp/home/ubuntu/VPSsync/01-WorkspaceSync/modelica-shared/CustomLib/PropulsionSystem/.git/refs/remotes/PropulsionSystem/master' (41)
2025-12-21 02:34:18: Copy Over 'C:/Users/grabacr/VPSsync/01-WorkspaceSync/modelica-shared/CustomLib/PropulsionSystem/.git/sourcetreeconfig.json' -> 'sftp://os3-310-44666.vs.sakura.ne.jp/home/ubuntu/VPSsync/01-WorkspaceSync/modelica-shared/CustomLib/PropulsionSystem/.git/sourcetreeconfig.json' (842)
2025-12-21 02:34:30: < Copy New 'C:/Users/grabacr/VPSsync/01-WorkspaceSync/modelica-shared/CustomLib/PropulsionSystem/.git/objects/pack/pack-e7a24c9e68c7f4b50bf6241104c679d660faf33a.pack' -> 'sftp://os3-310-44666.vs.sakura.ne.jp/home/ubuntu/VPSsync/01-WorkspaceSync/modelica-shared/CustomLib/PropulsionSystem/.git/objects/pack/pack-e7a24c9e68c7f4b50bf6241104c679d660faf33a.pack' (13,925,850)
2025-12-21 02:34:32: Copy New 'C:/Users/grabacr/VPSsync/01-WorkspaceSync/modelica-shared/CustomLib/PropulsionSystem/.git/logs/refs/remotes/PropulsionSystem/master' -> 'sftp://os3-310-44666.vs.sakura.ne.jp/home/ubuntu/VPSsync/01-WorkspaceSync/modelica-shared/CustomLib/PropulsionSystem/.git/logs/refs/remotes/PropulsionSystem/master' (10,237)
2025-12-21 02:36:20: < Copy New 'C:/Users/grabacr/VPSsync/01-WorkspaceSync/modelica-shared/CustomLib/PropulsionSystem/.git/objects/pack/pack-097042b34043b55f4cea305cc4487110dc98c799.pack' -> 'sftp://os3-310-44666.vs.sakura.ne.jp/home/ubuntu/VPSsync/01-WorkspaceSync/modelica-shared/CustomLib/PropulsionSystem/.git/objects/pack/pack-097042b34043b55f4cea305cc4487110dc98c799.pack' (74,878,441)
2025-12-21 02:36:20: Save State File C:/Users/grabacr/VPSsync/01-WorkspaceSync/modelica-shared/CustomLib/PropulsionSystem/_gsdata_/_file_state_v4._gs
2025-12-21 02:36:20: Save State File sftp://os3-310-44666.vs.sakura.ne.jp/home/ubuntu/VPSsync/01-WorkspaceSync/modelica-shared/CustomLib/PropulsionSystem/_gsdata_/_file_state_v4._gs
2025-12-21 02:36:42: == Sync Complete. Time: 00:03:34, Speed: 497.02 KB/s, OK: 556, Errors: 0
